;Identifier;Company Name_x;Country of Headquarters;Country of Exchange;Exchange Name;ISIN;Legal Entity ID (LEI);CVR;IPO Date;First Trade Date;ICB Industry name;ICB Sector name;ICB Subsector name;"Market Cap
(DKK)
1(best) - 100(worst)
Percentile Scoring";2025 AP release date;Half year reports;Unnamed: 17;Unnamed: 0_y;File;Company Name_y;Year;AI share;AI Paragraph;Sensing;Seizing;Transforming;DC_Sum;Total Assets Reported;City of Headquarters;Date of Incorporation;Employees;R&D Expenses;Revenue
0;NOVOb.CO;Novo Nordisk A/S;Denmark;Denmark;OMX Nordic Exchange Copenhagen A/S;DK0062498333;549300DAQ1CVT6CXN342;24256790.0;17/05/1974;02/01/1985;Health Care;7;Pharmaceuticals;01.00;;;;611;ALL_COMPANIES/Novo Nordisk A-S/2025-novo-nordisk-annual-report-2025.pdf;Novo Nordisk A/S;2025;0.0171840989804101;"['To sustain momentum from discovery to delivery, we have created a more seamless, end-to-end engine \nwith the 2025 reconfiguration of our R&D organisation. This integrated approach, enhanced by AI and \ndigital technologies, accelerates our pipeline and decision-making, while bringing manufacturability and \nsupply considerations into drug development earlier to enhance speed and efficiency.  \n', 'Ethics and compliance\nIn Novo Nordisk, we have an ethics and compliance programme comprised of a code of conduct (OneCode), \nrequirements (The Ethics Navigator), processes and awareness and capability building as stipulated in the seven \nelements of an effective compliance programme. Data privacy is a key component in our ethical principles, \nensuring guardrails are in place to manage and mitigate risks, thus safeguarding our patients and society at large. \nWe have also adopted set of principles for data and artificial intelligence (AI) ethics to support ethical decision-\nmaking. Our global AI Ethics compliance framework sets out principles, requirements and operational guidelines, \nwhile also cataloguing all deployed AI systems across the organisation. The framework standardises risk assessment \nprocesses and strengthens organisational capabilities through AI literacy training. Find more information about these \nprinciples, in accordance with the Danish Financial Statements Act Section 99d, at: www.novonordisk.com/data-\nprivacy-and-user-rights/data-ethics.html\n', 'Innovation\nNovo Nordisk adds value to society and creates material positive impacts for people through \ndiscovering and developing innovative products to address unmet medical needs. As we \ncontinuously strive to set new standards for innovation through AI-supported R&D and digital \ntechnologies, we strengthen our ability to innovate, discover and create opportunities to \nimprove the lives of patients.\n', 'Protecting patients from information-related impacts, such as data privacy and adequate product \ninformation, is central to our business. As we rely on health data in research and increasingly \nadopt AI in our operations, we remain committed to safeguarding personal data. We aim to \nprovide transparent and responsible information on our products and clinical trials to support \noptimal treatment choices. Any failure to protect patients would represent both a material \nnegative impact and a risk to Novo Nordisk’s business and reputation. For this reason, we never \ncompromise on safeguarding patients from adverse impacts.\n', ""The adoption of AI in our R&D processes aims to accelerate discovery and development of new \ntreatments, shortening time to market and expanding access to care. Safeguards for data \nprotection in relation to AI are detailed in section 2.3 'Patient protection' p. 55. \n"", 'Information-related impacts\nWe rely on patients and clinical trial participant health data for clinical research. Data protection \nis embedded in our global governance framework, guided by our public data ethics standards, \nprocessing principles and global compliance framework with strengthened safeguards for \npatient and clinical trial data. We have also adopted a set of principles data and AI ethics, which \nis similarly embedded in our ethics and compliance framework to ensure ethical decision-making \nand risk management.\n', 'Information-related impacts\nWe act across the organisation to prevent and mitigate any information-related risks and impacts \nfor patients and clinical trial participants while adhering to all relevant regulations. Management \nof AI-related risks to patients is continuously strengthened through AI Literacy and awareness \nbuilding to develop competences across the company. In line with the EU AI Act and corporate \nrequirements, all AI systems are assessed from an ethical standpoint to phase out unacceptable \nuse cases. We completed an update of our Patient Information and Informed Consent (PIIC) \nforms to enhance general transparency with respect to engaging in our clinical trials and \nensuring protection of our patients data and privacy.\n', 'Patient data protection and AI \n• Enhance data ethics risk management across our processes, supplier interactions and use \nof AI technologies. The scope is global for relevant suppliers, systems and processes.\n• New AI clauses in contract templates were implemented, and the Data Protection Impact \nAssessment was refined across projects to 1) identify patient data protection risks and 2) \nimplement actionable measures to mitigate these.\n']";5;4;4;13;4,66E+11;Bagsvaerd;28/11/1931;68794.0;49762975460.0;290403000000.0
1;NOVOb.CO;Novo Nordisk A/S;Denmark;Denmark;OMX Nordic Exchange Copenhagen A/S;DK0062498333;549300DAQ1CVT6CXN342;24256790.0;17/05/1974;02/01/1985;Health Care;7;Pharmaceuticals;01.00;;;;612;ALL_COMPANIES/Novo Nordisk A-S/2024-novo-nordisk-annual-report-2024-3.pdf;Novo Nordisk A/S;2024;0.018643119841364;['The same scientific rigour is being applied across our R&D activities, which are driving \ntransformative change across multiple therapy areas. Rooted in our deep understanding of \nproteins and peptides and fuelled by research partnerships, AI-driven drug discovery and the \nacquisition of new technology platforms, we are striving to accelerate the discovery of new  \ntargets and optimise our clinical trials to the benefit of people living with serious chronic diseases. \n', 'for data and artificial intelligence (AI) ethics to support ethical decision-making. We have initiated \n', 'building our AI Ethics & Compliance framework, incorporating elements such as principles, \n', 'requirements and risk assessments, as well as building AI literacy training and capabilities.  \n', 'Artificial intelligence (AI) and human data also play a pivotal role in our R&D activities. By leveraging \nreal-world evidence and diverse data cohorts, we are able to enhance our early discovery processes, \nwhile our AI-driven data mining and analyses help us mitigate risks involved in translating findings \nfrom animal models to humans. This approach accelerates the discovery of new targets and \nincreases the likelihood of clinical success. Our R&D hub in the greater Boston area, a world-leading \nlife sciences cluster, exemplifies this forward-thinking approach, working with local partners to \nleverage the power of machine learning, big data and AI to enhance our R&D capabilities.\n', 'Through strategic investments in AI-driven drug discovery, clinical trial \n', 'include samples from approximately 11,000 people collected over a five-year period. Enhanced by AI \n', '“By combining AI  \n', 'intelligence (AI), particularly in drug discovery, molecular design \n', 'In drug discovery, AI is playing a pivotal role in identifying  \n', 'new compounds. By combining AI with high-throughput \n', 'Molecular design has also advanced through AI. By leveraging \n', 'AI is also optimising our clinical trials by identifying subpopulations, \n', 'We are also enhancing our AI capabilities through strategic \n', 'cardiometabolic space by leveraging cutting-edge AI technology \n', 'Pioneering AI in  \nresearch and development\n', 'ARTIFICIAL INTELLIGENCE\n'];5;4;4;13;3,14E+11;Bagsvaerd;28/11/1931;76302.0;38378875000.0;232261000000.0
2;NOVOb.CO;Novo Nordisk A/S;Denmark;Denmark;OMX Nordic Exchange Copenhagen A/S;DK0062498333;549300DAQ1CVT6CXN342;24256790.0;17/05/1974;02/01/1985;Health Care;7;Pharmaceuticals;01.00;;;;613;ALL_COMPANIES/Novo Nordisk A-S/2023-novo-nordisk-annual-report-2023.pdf;Novo Nordisk A/S;2023;0.0024704777904046;['related to artificial intelligence. You can read more about these principles,  \n', 'To further expand our capabilities, we have established a \nsignificant presence in the Greater Boston area, a world-\nrenowned hub for innovation and cutting-edge science and \ntechnology. Through strategic partnerships, such as those  \nwith technology firm Valo Health and the Broad Institute of  \nMIT and Harvard, we aim to accelerate our drug discovery and \ndevelopment efforts, expanding our use of human data, artificial \nintelligence and machine learning and tapping into our partners’ \ninnovative genetics and genomics tools.  \n'];4;3;2;9;2,41E+11;Bagsvaerd;28/11/1931;63370.0;26919500000.0;176954000000.0
3;NOVOb.CO;Novo Nordisk A/S;Denmark;Denmark;OMX Nordic Exchange Copenhagen A/S;DK0062498333;549300DAQ1CVT6CXN342;24256790.0;17/05/1974;02/01/1985;Health Care;7;Pharmaceuticals;01.00;;;;609;ALL_COMPANIES/Novo Nordisk A-S/2022-novo-nordisk-annual-report-2022.pdf;Novo Nordisk A/S;2022;0.0025745327223109;['We have implemented a set of data and artificial intelligence \n'];1;1;1;3;1,95E+11;Bagsvaerd;28/11/1931;54393.0;19115636360.0;140800000000.0
4;NOVOb.CO;Novo Nordisk A/S;Denmark;Denmark;OMX Nordic Exchange Copenhagen A/S;DK0062498333;549300DAQ1CVT6CXN342;24256790.0;17/05/1974;02/01/1985;Health Care;7;Pharmaceuticals;01.00;;;;610;ALL_COMPANIES/Novo Nordisk A-S/2021-novo-nordisk-annual-report-2021.pdf;Novo Nordisk A/S;2021;00.00;[];0;0;0;0;1,45E+11;Bagsvaerd;28/11/1931;47792.0;16674750000.0;126946000000.0
5;NOVOb.CO;Novo Nordisk A/S;Denmark;Denmark;OMX Nordic Exchange Copenhagen A/S;DK0062498333;549300DAQ1CVT6CXN342;24256790.0;17/05/1974;02/01/1985;Health Care;7;Pharmaceuticals;01.00;;;;614;ALL_COMPANIES/Novo Nordisk A-S/2020-Novo-Nordisk-Annual-Report-2020.pdf;Novo Nordisk A/S;2020;00.00;[];0;0;0;0;1,26E+11;Bagsvaerd;28/11/1931;44723.0;15550777780.0;122021000000.0
6;DSV.CO;DSV A/S;Denmark;Denmark;OMX Nordic Exchange Copenhagen A/S;DK0060079531;529900X41C0BSLK67H70;58233528.0;01/01/1987;25/06/1987;Industrials;Industrial Transportation;Transportation Services;02.00;;;;373;ALL_COMPANIES/DSV A-S/2025-Annual Report 2025.pdf;DSV A/S;2025;0.0372371913609716;['A new global leader\nThe combination with Schenker marks a major milestone in our growth journey \nand positions DSV as a global leader in the transport and logistics industry. The \nacquisition has strengthened our global network, making DSV the leader in global \nair and sea freight, European road freight and a top-five player in contract \nlogistics. Our strategy remains focused on enhancing our network, supported \nby a strong foundation of digitalised solutions, the use of artificial intelligence \nand the expertise of our people on the ground. All with the aim of delivering  \nthe best service for our customers.  \n', 'Driving change\nTo remain competitive, we must adopt new technologies. Every year, comput-\ning power grows, helping us optimise our workflows. Advancement in artificial \nintelligence is especially important – it is reshaping organisations and opening \nup new opportunities. This is why we invest heavily in leadership development \nand communication. It is essential that all employees understand how techno\xad\nlogies affect them and how they can help DSV stay ahead.\n', 'Our workflows are highly digitalised and our advanced IT systems, including  \nAI tools, are tightly integrated with those of our customers and suppliers.  \nTo reduce the environmental impact of our business, we work closely with  \ncustomers and suppliers to track and minimise emissions across our supply \nchain – from shipper to consignee. \n', 'Technology and digitalisation are paramount in achieving transparency, pro-\nductivity and scalability in our business and have always been key enablers \nfor DSV, supporting our growth journey. We actively monitor emerging \ntrends and adopt new technologies, including artificial intelligence, that \nbenefit our customers and enable higher productivity.\n', 'With Schenker, we are improving our systems landscape, especially for Road \nand Air & Sea, and we will in the coming years embark on an IT journey that \nincludes significant use of artificial intelligence to create an even stronger setup.\n', 'Operations \nAs our organisation grows, organically or through M&A, the services we offer \nto customers become more advanced and digitalised. Our mission to deliver \noperational excellence is based on optimised, digitalised operations and a global \nend-to-end network. We leverage our scale, consolidate procurement, imple-\nment enterprise-\xadwide solutions and collaborate to ensure standardisation  \nand an efficient cost structure while centralising key operational and back-\xad\noffice functions.  \n \nBy standardising our service offerings across markets, we ensure consistent \nservice offerings, thereby enabling digitalisation, including the use of artificial \nintelligence. Combined with a scalable physical and digital infrastructure,  \nthis facilitates efficient workflows for our customers and drives industry-\xad\nleading profitability. The acquisition of Schenker has strengthened our offerings \nand operational efficiency, enabling us to meet even more complex customer \ndemands while maintaining streamlined operations. \n', 'Driven transparency, productivity and scalability through consolidation \nDSV processes millions of bookings every year, and our operations rely on the \ncontinuous development of our digital infrastructure and IT systems. Our con-\nsolidated platform enables us to operate as one enterprise, driving productivity \nand streamlining processes across the organisation. \n  \nWith increased computing power and emerging technologies such as artificial \nintelligence (AI), we can significantly enhance the efficiency of our workflows. \nAs a result, processes such as quoting and booking that have often been han-\ndled manually can now be automated through digital transformation.\n', 'A key factor for achieving a successful digital transformation is maintaining a \nconsolidated back end. During M&A and integrations, we prioritise onboarding \nacquired companies, including their vendors and customers, to our existing \ninfrastructure, thereby unifying the platform. Standardisation and simplicity  \nare essential to achieving transparency, economies of scale and fulfilling our \nproductivity potential, including leveraging benefits from AI.\n', 'At the workflow/user interface layer, we consolidate customer integrations in \nour API and EDI platform, streamline customer portals and leverage AI to source \nand process data through our DSV AI Factory. \n', 'Consolidation of UIs and sourcing of data \nvia consolidated integration platforms, \nportals and artificial intelligence \n', 'Agentic AI\n', 'Generative and \npredictive AI\n', 'Artificial Intelligence (AI)\nWe are currently implementing AI in our operations – from automation to predictions – \nas AI is no longer only relevant for isolated applications, but becoming an integral part of \nour digital operations and platform. In 2025, we rolled out several transformative pro-\njects such as our Customs AI tool, which has lifted both the quality and efficiency of  \nour customs handling, and we saw good progress in digitalising manual booking data \nthrough AI.\n', 'Via our inhouse AI Factory platform, we are exploring planning, forecasting and develop-\ning AI tools that will help optimise routes and processes to further leverage our strong \nnetwork and infrastructure. Our AI Factory platform is highly flexible and can utilise and \ncombine open-source, own-developed and external solutions from cloud-based hyper-\nscale vendors to create the optimal setup and use of AI for our company. In DSV, we \nalso utilise our strong change management capabilities and our flexibility to organise  \nthe company to implement and maximise the potential of new AI solutions.\n', 'The introduction of autonomous AI agents is also impacting how we manage our logistics \noperations and service our customers. These intelligent systems can handle previously \nmanual tasks, such as shipment booking, quoting, scheduling, exception management \nand customer communication, helping our employees work more efficiently.\n', 'Enterprise Data Platform\nOur Enterprise Data Platform is the foundation for further digitalisation and AI initia-\ntives. We are actively expanding the scope of our global data platform by integrating \nmore domains. Leveraging our enterprise data model, we can further consolidate data \nto an even higher degree and, though efficient integration, micro-services, generative \nAI and agentic AI, enhance data integrity.\n', 'Digitalisation and automation\nTechnology has transformed our industry in recent decades. \nThis evolution will continue, especially given the significant \nfocus and investments in artificial intelligence (AI), and is  \nexpected to impact the way we operate and interact with \ncustomers and other stakeholders.  \n', 'Digitalisation, including AI, plays a key role in our strategy. We use strategic roadmaps to integrate \nour logistics expertise with the development of our digital and physical infrastructure, relying on \nscalable technologies across our organisation.\n', 'During the year, we made further progress on our global transport manage-\nment system strategy and enhanced the digital customer experience. We also \nmade strides in artificial intelligence, including digitalised booking handling.\n', 'Enhanced productivity remains a central part of our strategy. We will achieve \nthis by further digitalising services for small customers, automating quoting \nprocesses and right-sizing the organisation, while we expect further optimi\xad\nsation of certain areas through artificial intelligence. Our commitment to  \noperational excellence will continue to ensure consistently high service  \nstandards across all regions.\n', 'IT security risk remains high. This is due to an increasing global cyber threat environ-\nment, which includes supply-chain attacks and AI-driven adversarial tools. During \nthe Schenker integration, the operation of parallel systems, legacy platforms and \nonboarding of new employees temporarily increases exposure to system and human \nerror risks until full consolidation and training has been completed. The outlook into \n2026 suggests growing pressure on enterprises to detect and respond to increas-\ningly sophisticated cyberattacks.\n', 'Technology:\nAdapting to accelerating digital disruption\nThe freight forwarding industry is affected by rapid technological advance-\nments, transforming traditional models. Technologies such as AI, machine \nlearning and predictive analytics are enabling greater efficiency, cost  \nsavings and enhanced sustainability. At the same time, shifts in customer \nexpectations, including the rise of direct carrier-to-client models and \ne-commerce growth, are reshaping the competitive landscape.\n', 'We are actively monitoring emerging trends and technologies, including AI, to stay ahead of  \ncustomer needs and competitive developments. Innovation remains a priority, supported by our \nGroup Innovation team, which drives collaboration and idea sharing across the organisation.\n', 'Technology risk remains one of the highest-ranked risks, reflecting the accelerating \npace of digital disruption and competitive pressure from AI-driven logistics plat-\nforms and automation. The risk has risen slightly compared to 2024, driven by\nrapid technological advancements, intensified digital competition and execution \nchallenges linked to large-scale system integration.\n', 'We are consistently advancing our platforms, expanding AI adoption, and supporting \nthe evolution of supply chain models to drive productivity and resilience. The \nSchenker acquisition enables us to further scale and strengthen our digital infra-\nstructure, while also temporarily increasing system complexity and integration risk. \nBy maintaining a strong focus on innovation and technology, we are well-positioned \nto navigate these developments effectively and uphold our competitive leadership.\n'];5;5;5;15;2,37E+11;Hedehusene;13/07/1976;151751.0;00.00;167106000000.0
7;DSV.CO;DSV A/S;Denmark;Denmark;OMX Nordic Exchange Copenhagen A/S;DK0060079531;529900X41C0BSLK67H70;58233528.0;01/01/1987;25/06/1987;Industrials;Industrial Transportation;Transportation Services;02.00;;;;370;ALL_COMPANIES/DSV A-S/2024-Annual Report 2024.pdf;DSV A/S;2024;0.0148436775211058;['Digitalisation and automation\nTechnology has transformed our industry over the past decades. This \ndevelopment will continue, especially with the significant focus and in-\nvestments into artificial intelligence (AI), and will impact the way we \noperate and interact with customers and other stakeholders.  \n', 'Digitalisation is a key part of our strategy, and we work with strategic roadmaps to combine our \nstrong logistics competences with the development of our digital and physical infrastructure. \nThis is based on scalable technologies across our organisation, including our focus on AI. \n \nRead more about our approach to innovation in the following chapter.\n', 'Improving efficiency and customer value with Generative AI\nWe see artificial intelligence (AI) as a key component of future innovation of our ser-\nvices, and we are already seeing operational benefits. An important area is generative \nAI which can help streamline document processing to overcome challenges like limited \ndata availability and the need for multiple machine learning systems.\n', 'Our vendor invoice AI platform helps optimise invoice management with real-time \nfeedback loops and our customs AI platform simplifies and improves customs proce-\ndures. One of the key enablers of these solutions is our Enterprise Data Platform, \nwhich we are continuously strengthening to deliver consistent, high-quality data to \nsupport our generative AI models.\n', 'Transforming global supply chains with computer vision\nTransparency is key to delivering the best services to our customers, and with \nAI-driven computer vision, we can monitor, analyse and optimise the flow of goods  \nin real time. We are adopting this technology into several parts of our operations, \nproviding visibility and transparency in the global supply chains.\n', 'Efficiency is at the core of our operations, and with automated inspections supported \nby AI-powered data analysis, we can streamline warehouse management, reduce the \nnumber of manual tasks and the cost.\n', 'Artificial\nintelligence\n', 'Our strategy emphasises system consolidation and modernisation, alongside robust IT security \nmeasures, such as cyber awareness training, disaster recovery testing and proactive threat moni-\ntoring. Resilience is further enhanced through measures such as multi-factor authentication, patch \nmanagement and regular audits. To address evolving needs, DSV maintains scalable digital solutions \nand utilises advanced technologies, such as AI and automation, supported by active oversight from \nthe Executive Board and the Audit Committee.\n', 'Technology:  \nInnovation and technological adoption\nThe freight forwarding industry is undergoing rapid technological advance-\nments, transforming traditional models. Technologies such as AI, machine \nlearning and predictive analytics are enabling greater efficiency, cost sav-\nings and improved sustainability. At the same time, shifts in customer \nexpectations, including the rise of direct carrier-to-client models and \ne-commerce growth, are reshaping the competitive landscape.\n', 'We will continue to build on our strong foundation by advancing IT platforms, \nadopting and using AI and predictive analytics and addressing the need for flexible, \nsustainable supply chains. These initiatives are designed to enhance productivity and \nmitigate risks posed by evolving customer demands, emerging competitors and new \noperating models.\n'];5;4;4;13;1,47E+11;Hedehusene;13/07/1976;73338.0;;150785000000.0
8;DSV.CO;DSV A/S;Denmark;Denmark;OMX Nordic Exchange Copenhagen A/S;DK0060079531;529900X41C0BSLK67H70;58233528.0;01/01/1987;25/06/1987;Industrials;Industrial Transportation;Transportation Services;02.00;;;;369;ALL_COMPANIES/DSV A-S/2023-Annual Report 2023-2.pdf;DSV A/S;2023;0.0147673405496404;['It has also been exciting to witness new technologies such as our AI  \nFactory being utilised within our organisation this year. Digitalisation and \nefficient infrastructure are key enablers for growth in our industry, and \nwe have developed long-term strategies for these areas to support sup-\nply chain visibility for our customers and enhance our own productivity.\n', 'A digital customer journey fuelled by generative AI\nA seamless digital customer journey is key to delivering the services and \nquality expected by our customers. We are already applying generative AI \nand similar technologies to digitalise the customer journey and eliminate \ndouble entry of data, which often leads to low data quality and slow  \nprocessing. With more than 500,000 monthly transactions through our  \nAI Factory, mainly related to handling of vendor invoices and customs \nclearance, we are making good progress.\n', 'We have a good customer adoption of our myDSV customer platform, \nand we have more than 10,000 direct integrations to carriers and cus-\ntomers. However, we still receive many e-mails with shipment data, and \nwe see potential in automating the handling of these by implementing \ngenerative AI to both uplift data and feed our systems.\n', 'Across our network, several manual processes are candidates for automation, \nusing generative AI to assist our employees. Identifying the right use cases \nand implementing enterprise solutions based on AI technology takes time and \na systematic approach. We are taking this seriously by not only empowering \nour staff, but also encouraging them to drive further digitalisation.\n', 'Artificial\nintelligence\n', 'Technology:  \nInnovation and technological adoption\nAs with most industries, freight forwarding undergoes continuous \ntechnological developments, while also being exposed to gradual \nchanges in the competitive landscape, driven by both existing players \nand new entrants to the market. Technologies like machine learning \nand generative AI will accelerate this development in the coming years. \n', 'In 2023, we have continued to invest in and develop our IT platforms across our \nservice offerings. We have established a dedicated AI team to explore opportuni-\nties and implement relevant applications. Furthermore, we have supported our \nsustainability strategy and Green Logistics services with new technology.  \nConsequently, we assess that our technology risk has remained largely un-\nchanged from last year.\n'];5;4;4;13;1,59E+11;Hedehusene;13/07/1976;73577.0;;235665000000.0
9;DSV.CO;DSV A/S;Denmark;Denmark;OMX Nordic Exchange Copenhagen A/S;DK0060079531;529900X41C0BSLK67H70;58233528.0;01/01/1987;25/06/1987;Industrials;Industrial Transportation;Transportation Services;02.00;;;;372;ALL_COMPANIES/DSV A-S/2022-Annual Report 2022.pdf;DSV A/S;2022;0.007189589474441;['Hybrid computing and AI\nTo fulfil our strategy and react quickly to our dynamic markets, we have a \nstrong, scalable IT infrastructure. We take a hybrid computing approach \nblending on-premises and cloud-based infrastructure across operational \nsystems, customer integrations and engagement services.\n', 'On top of our Advanced Integration Platform that we implemented in \n2021, we are now applying artificial intelligence (AI) to improve our oper-\national efficiency in various ways. In 2022, we implemented systems for \nimproving data quality of vendor data and for automated scanning of cus-\ntoms declaration forms. Our modular approach to developing AI solutions \nallows us to quickly reuse models and data across the business to roll out \neven more solutions and respond to customer needs in a quick fashion.\n', 'Artificial\nintelligence\n'];2;4;2;8;1,61E+11;Hedehusene;13/07/1976;76283.0;;182306000000.0
10;DSV.CO;DSV A/S;Denmark;Denmark;OMX Nordic Exchange Copenhagen A/S;DK0060079531;529900X41C0BSLK67H70;58233528.0;01/01/1987;25/06/1987;Industrials;Industrial Transportation;Transportation Services;02.00;;;;371;ALL_COMPANIES/DSV A-S/2021-DSV Annual Report 2021.pdf;DSV A/S;2021;0.0028477858465043;['Conversational \nartificial \nintelligence\n', 'Machine \nlearning\n', 'Non-audit services provided by PwC Denmark amounted to DKK 8 million \nin 2021 relating to cyber security advisory services, data AI solution ad-\nvisory services, valuation reports, various tax advisory services and other \nadvisory services. Non-audit services provided by PwC Denmark did not \nexceed 70% of the audit fees in accordance with EU audit legislation.\n'];1;1;0;2;96250000000;Hedehusene;13/07/1976;77958.0;;115932000000.0
11;DSV.CO;DSV A/S;Denmark;Denmark;OMX Nordic Exchange Copenhagen A/S;DK0060079531;529900X41C0BSLK67H70;58233528.0;01/01/1987;25/06/1987;Industrials;Industrial Transportation;Transportation Services;02.00;;;;374;ALL_COMPANIES/DSV A-S/2020-DSV Annual Report 2020.pdf;DSV Panalpina A/S;2020;0.0031382886911767;['Machine \nLearning (AI)\n', 'Non-audit services provided by PwC Denmark amounted to DKK 4  \nmillion in 2020 relating to data AI solution advisory services, various  \ntax advisory services and other advisory services. Non-audit services \nprovided by PwC Denmark did not exceed 70% of the audit fees in  \naccordance with EU audit legislation. \n'];1;1;0;2;97557000000;Hedehusene;13/07/1976;56621.0;;94701000000.0
12;MAERSKb.CO;AP Moeller - Maersk A/S;Denmark;Denmark;OMX Nordic Exchange Copenhagen A/S;DK0010244508;549300D2K6PKKKXVNN73;22756214.0;04/06/1905;02/01/1985;Industrials;Industrial Transportation;Marine Transportation;03.00;;;;8;ALL_COMPANIES/AP Moeller - Maersk A-S/apmm-ar-2025-70-final-no-tags.pdf;A.P. Møller - Mærsk A/S;2025;0.0489744601844948;['Progress on energy transition\nMaersk progressed its shift towards energy sources with a lower climate \nimpact across its operations in 2025 by electrifying equipment, integrating \nrenewable energy and diversifying our mix of lower-emission marine fuels. \nWe added 10 dual-fuel methanol vessels, bringing our fleet to 19, and \nadvanced our multi-fuel portfolio approach through a liquefied biomethane \nsupply agreement and a successful blended e-methanol pilot.\n\t\nEnergy efficiency measures play a vital role in our energy transition,  \nparticularly as regulatory action is still needed to narrow the cost gap \nbetween fossil fuels and low-emission alternatives. We made improvements \nduring the year in network and asset efficiency, in our Gemini Cooperation \nand traditional network operations, through the increased use of advanced AI \ntechnologies to optimise sailings and terminals and by retrofitting vessels.  \n\t\nIn 2025, 425\u202ffuel-saving initiatives on 230 of our owned vessels were  \ncompleted as well as 215 initiatives on 150 time-chartered vessels, showing \nincreased decarbonisation engagement in our value chain.\n\t\nAs in 2024, Maersk continued vessel re-routing around the Cape of Good \nHope, which extended sailing distances and increased fuel use.\n', 'and points to a robust economic expansion. Many analysts underestimated the scale of the boost from \nAI-related investment that was being built in parallel to the tariff and uncertainty shock. This CAPEX wave \nhas supported growth not only for the US, but also for tech-oriented exporters in the Asia Pacific region – \nparticularly Taiwan, Korea and Malaysia. Besides investment, consumption in the US also remained solid.\n \t\nGoods demand grew 3.1% year-on-year in the first two months of Q4 2025 despite weak job creation \nand inflation hovering at 2.7% in December. Across the Euro Area, the economic outlook gradually improved \nthroughout the second half of 2025. The Euro Area GDP is estimated to have grown 1.5% in 2025, supported \nby stronger rates of investment and government spending than antici\xadpated at the start of the year. Despite \ndownbeat sentiment, retail sales (excluding food and fuel) expanded 3% year-on-year in October and Novem-\nber, supported by a resilient labour market and real wage gains. Chinese economic activity also proved more \nresilient than many anticipated following the trade tensions with the US, ending the year in line with the \ngovernment’s growth target of approximately 5%. Growth remained manufacturing and export-led, as \ndomestic demand continued to sputter along.\n', 'With a sharp escalation in protectionism, trade and supply chains moved to the centre of the \ngeopolitical landscape in 2025, and 2026 looks to be no different. Yet, supply chains adapted \nwith remarkable speed, supported by diversification and resilient logistics networks. The global \neconomy, despite downbeat sentiment, also proved more robust than feared, underpinned  \nby strong AI-related investment and resilient consumption. As a result, trade volumes and  \nlogistics demand held up well, supported by competitive Chinese exports, even as uncertainty \nand fragmentation intensified.\n', 'Air freight \nGlobal air freight demand saw a continuation of the extraordinary recovery in 2025, with full-year growth \nestimated at around 8%. Growth was broad-based, with import and export volumes rising across all regions \nand verticals, placing the air market in its longest run of uninterrupted growth since before the pandemic, \nwith year-on-year gains each month since March 2024. Like in 2024, Europe led the recovery on the import \nside, while Far East Asia continued to drive export growth. Demand has been supported by strong growth  \nin tech, tied to the wider AI-related CAPEX cycle. The support from AI-related CAPEX was particularly  \nvisible in trade flows from Taiwan and Vietnam to the US. Reefer and machinery also contributed to \nsteady global growth in 2025.\n', 'Apart from economic growth, geopolitics, the tech race over AI, the green transition and increasing com-\nplexity are poised to shape the global logistics operating environment in 2026. Despite a volatile \xadoperating \nenvironment, trade growth is expected to remain resilient, with growth in the range of 2% to 4% for \n\xadcontainer trade.\n', 'AI as a catalyst for productivity\nThe AI and broader tech sector effects on the global economy and trade flows became more visible in 2025 \nand grew stronger throughout the year, and they are likely to impact trade and logistics in 2026. It remains \nuncertain at what point the surge in AI investment will translate into higher productivity growth and support \nsolid macroeconomic performance. It is also unclear whether Europe will expand its footprint in this industry \notherwise dominated by the US and Asia. However, it remains certain that the acceleration in AI CAPEX is \nalready influencing trade demand, most notably air freight, especially through exports out of Far East Asia. \nAI is also impacting the way the logistics industry operates with investments made to embed AI into daily \nlogistics operations. Areas where AI could have significant impact include boosting operational efficiency \nand productivity, improving resilience and service quality and providing better workflows for customers, \nsuch as through agent-led workflows.\n', 'ESG risks\nMaersk updated its double materiality assessment (DMA) for 2025 in line with EU CSRD requirements.  \nThe financial impact assessment covers climate change, pollution, ship recycling, talent retention, working con-\nditions, equal treatment, labour rights, data privacy, ethical use of data and AI, supplier relations, corruption, \nbribery and tax. See page 54 for the DMA results and page 71 for details on assets exposed to climate hazards.\n', 'The impact of our cyber risk remains high, \ndriven by higher levels of technology avail-\nability and end-to-end supply chain security \nas we complete our technology transforma-\ntion. In addition, the rapid global adoption of \nAI enables greater sophistication and scale \nof cyber attacks. This is further complicated \nby geopolitical tensions, industrial automa-\ntion and integration of M&A businesses.\n', 'Maersk continues to execute its cyber \nsecurity strategy, strengthen AI governance, \ntest business continuity plans and enhance \nits cyber threat resilience. Maersk also con-\ntinues to enhance capabilities to control \nimpact through appropriate preparedness \nand response procedures.\n', 'A serious delay or failure to execute the \ntechnology roadmap and to adapt to AI \nadvancements may have a material negative \nimpact on Maersk’s growth vision as an  \nend-to-end integrator of global logistics. \n', 'Maersk is driving transformation by sta-\nbilising and modernising its core applica-\ntions and infrastructure, advancing plat-\nform-to-platform integration and having  \na robust Process Maturity Roadmap. In \naddition, Maersk is committed to driving \nAI capabilities, supported by an Enterprise \nAI Programme. Together, these mitigations \naim to enhance operational excellence, \nfoster collaboration and realise strategic \nbusiness opportunities.\n', 'Delay in implementation of digital supply \nchain solutions, AI-driven capabilities and \nprocess standardisation may erode digital \ncompetitive advantage, cause customer \ndissatisfaction and harm reputation and \nfinancial performance.\n', 'Ground Freight strengthened commercial and operational \ncapabilities by optimising network design, leveraging  \nAI-enabled routing, maximising asset utilisation, and \nexpanding the North American footprint. Last Mile grew  \nthe European customer base. Contract Logistics improved \nefficiency via automation, while expanding globally. These \ninitiatives strengthened the integrated supply chain and \npositioned the business for continued growth.\n', 'APM Terminals Elizabeth is a gateway \nterminal in the Gemini Cooperation handling \nover 25% of the container volume in the \nPort of New York and New Jersey. In 2025, \na new lease extension through 2062 was \nsigned that will enable a 40% capacity \nincrease, further positioning the terminal as \na critical supply chain link between Ocean \ntransport and major North American road \nand\u202frail corridors.\n \nElizabeth is highly data-driven, using AI \nplatforms to simulate terminal operations, \nforecast potential congestions and optimise \nvessel line-ups and berth planning. The ter-\nminal has 1,100+ workers, with thousands \nof additional jobs in regional warehouses, \ntrucking and rail operations.\n', 'A.P. Moller - Maersk (Maersk) continued to work towards its sustainability targets in 2025 \nwhile navigating a challenging operating environment marked by disruptions and geo\xad\npolitical volatility. Maersk took tangible steps in our energy transition plan during 2025, \nincluding taking delivery of 10 new dual-fuel methanol vessels, and the successful imple-\nmentation of the Gemini Cooperation, that amplified efficiency improvements. The year was \nmarked by the need to continue re-routing vessels around the Cape of Good Hope, which \nresulted in longer sailing distances and increased fuel consumption throughout 2025.\n\t\nIn 2025, we recorded an increase in total greenhouse gas emissions, landing at 85.4m \ntonnes, and above our 2022 baseline of 82.8m tonnes. The increase is attributed to our \nscope 3 value chain emissions and mainly driven by an increased sale of marine fuels and \ncontainers to third parties and from taking delivery of 10 new dual-fuel methanol vessels. \n\t\nWe had no fatalities among our own or contracted workers (non-employee workers) \nworking under our responsibility across all operations. We deepened our commitment to  \nproviding a safe and inspiring work environment through our people and culture programmes \nand strengthened safety and security standards. Maersk also continued to ensure that we \noperate based on responsible business practices across our global scope, from protecting \nthe environment and ecosystems to expanding sustainable procurement integration and \nfurther developing our data ethics and AI approach. \n\t\nOur progress on these topics is unfolded in the respective sections of the following \nchapters.\n', 'Data and AI ethics\nNavneet Kapoor, Chief Technology \nand Information Officer\nTechnology \n', 'Maersk’s DMA is used to identify, define and assess material impacts, \nrisks and opportunities within the areas of environment, social and \ngovernance across our own operations and value chain. For more infor-\nmation on the scope of and approach for Maersk’s DMA, see Basis of \npreparation on page 58. The DMA is reviewed annually to ensure that \nour material IROs and associated topics continue to adequately reflect \nchanges in our business model and the external environment. Since the \nprevious assessment in 2024, our internal context has remained largely \nunchanged, while external developments prompted a revalidation of \nthe assessment to confirm continued relevance of the results. \n\t\nThe process involved internal impact and risk owners, and subject-\xad\nmatter experts reviewing and adjusting the assessments, where necessary. \nThe updated assessment was approved by Executives in our Risk and Com-\npliance Committee and the Audit Committee. Climate change remains a key \nmaterial topic for Maersk, with two main climate-related risks identified: \ntransition risks, which have for a long time been part of our enterprise risk \nlandscape, and physical risks, assessed through detailed analyses. As such, \nthe assessment reconfirmed materiality of climate change mitigation and \nadaptation. For social topics, the assessment reconfirmed the materiality \nof human capital, employee relations, labour rights and safety. In 2025, we \nhave amended our IROs related to diversity, equity, and inclusion to focus \non equal rights and equal treatment. While most topics are material from \nan impact perspective, remediation costs, reputational risks and the ability \nto attract and retain critical talent are also financially material. Within \ngovernance, the assessment reconfirmed business ethics, sustainable pro-\ncurement, data and AI ethics, and responsible tax as material categories.  \n', 'Data and AI ethics\n', 'Ethical use of data and AI\n', 'Discontinued KPIs\nFor 2025, we have discontinued the following KPIs: \n‘employee relations and labour rights training’, \n‘data and AI ethics training’, ‘operating expendi-\ntures (OPEX) in conjunction with major incidents \nand deposits’, and ‘% of operations covered by \na risk assessment on compliance and business \nethics\u202frisks’.\n\t\nThe employee relations and labour rights and \ndata and AI ethics training KPI have been discon-\ntinued as the topics are now an integrated part \nof our Code of Conduct training. The operating \nexpenditures (OPEX) in conjunction with major \nincidents and deposits KPI have been discontinued \ndue to the immaterial amounts of operational \nexpenditures Maersk has in relation to such activi\xad\nties. The % of operations covered by a risk assess-\nment has been discontinued as more dynamic and \nfunction-specific assessments are being rolled out \nin the coming years.\n', 'Network execution \nOur network execution efforts aim to maximise efficiency across both \nGemini and the traditional Maersk ocean network by planning vessel \njourneys and managing sailing speeds. In terminals, Port Moves Per \nHour (PMPH) is an important productivity measure of port call turn-\naround times. PMPH improvements allow vessels to maximise sailing \ntimes at lower speeds, which consumes less fuel, and to avoid too \nmuch speed variation. APM Terminals hubs have boosted productivity \nby 14% over two years, cutting time of port stays by 15-20%.\n\t\nBeyond physical assets, digital tools are also key efficiency drivers. \nOur Star Connect AI-driven fleet energy efficiency platform lets us \nimprove journey planning and managing vessels while sailing. APM \nTerminals uses AI solutions like Port Mirror – a digital twin for simulat-\ning operations and predicting congestion – and Berth Planner for vessel \nline-ups and berth optimisation. Significant efficiency synergies also \nexist between our vessel and terminals operations, i.e. Gemini hubs will \nuse the most efficient berth opportunities to further maximise sailing \ntimes and reduce sailing speeds.\n', 'Building an improved Ocean base-level risk understanding \nIn 2025, our Ocean segment contributed to the TNFD’s new guidance \nfor assessing material nature-related risks in the maritime sector. Trials \nusing the new guidelines are underway and will continue into 2026. \nWe also continued improving our StarConnect AI-powered fleet energy \nefficiency platform’s capabilities to monitor our presence in marine \nprotected areas and particularly sensitive sea areas, integrating new \nupdates to the World Shipping Council’s Whale Chart. \n\t\nMaersk continued to actively engage with regulators, states, ship-\nping associations, scientific institutions and NGOs in the development \nof Underwater Radiated Noise (URN) Management, in line with IMO \nguidelines. Furthermore, at the 2025 UN Ocean Conference (UNOC3), \n', 'Empowering through AI upskilling\nIn 2025, we advanced enterprise-wide AI fluency by investing in up\xad- \nskilling and reskilling initiatives. Through foundational and advanced \nGenAI courses, we equipped colleagues to thrive amid rapid techno-\nlogical change, reinforcing our commitment to agility, faster problem-\xad\nsolving and stronger innovation.\n', 'Engaging with unions on labour topics\nWe met with the International Transport Workers Federation (ITF)  \nregularly to discuss a variety of topics, including migrant labour con\xad\nsiderations within our Malaysia Logistics and Services operations, \nlabour topics in multiple countries in Latin America, facilitation of a \nsuccessful new collective bargaining agreement in Liberia. Following \na meeting with ITF’s global leadership team, we are planning a joint \nworkshop on the future of work (automation/AI) and supply chain due \ndiligence. Moreover, Maersk was actively involved in negotiating the \nnew six-year Master Contract for ports on the US East and Caribbean \nCoasts, and many other CBA negotiations.\n', '\t Data and AI ethics\n', 'Data and AI ethics\n', 'Ethical use of data and AI\n', 'NO CHANGE\u2002 Ethical use of our stake- \nholders’ data and protection of  \nindividuals’ right to privacy\nPotential risk of undue influence, mis-\nhandling and abuse of data and artificial \nintelligence can have negative implications \nto the customers and business partners \nwhose data has been handled unethically. \nThis erodes trust in Maersk as a business \npartner. Potential violation of employees’ \nand consumers’ right to privacy if their \npersonal data is not handled responsibly.\n', 'Ethical use of data and AI\nEthical use of our stakeholders’ data and protection  \nof individuals’ right to privacy\n5  5\n', 'Due Diligence Directive, is also raising the importance of ensuring that \nMaersk’s suppliers meet our global standards and local laws around \nbusiness ethics, human and labour rights, working conditions and \nemployment practices and environmental responsibility. \n\t\nAcross the industry, Maersk also sees a sharp rise in contraband, \nfrom narcotics to illegal wildlife and timber trafficking, and stolen and \ncounter\xadfeit goods. These criminal activities continue to affect our supply \nchain and require on\xadgoing, proactive management to mitigate the risks \nof threats to people, bribery attempts and operational disruptions that \nare often associated with contraband trafficking.\n\t\nFinally, as the digitalisation of supply chains continues to accelerate, \nincluding the rapid adoption of generative AI, responsibly managing data \nfrom business partners and customers has never been more relevant \nto maintaining their trust in Maersk. \n', 'As a global leader in logistics services, Maersk serves 100,000+ cus-\ntomers and operates in almost 130 countries with a complex footprint \nacross our business segments and value chain. We work to ensure that \nwe have the right corporate culture to live up to Our Purpose and Core \nValues. Our approach is driven by our Commit governance framework \nand ESG categories on business ethics, sustainable procurement, data \nethics and AI, and responsible tax.\n\t\nCorruption undermines social and economic development, destabi-\nlises the business environment and adds to the cost of doing business \nand participating in global trade. Sanctions and export controls have \ngrown exponentially over the last couple of years, and with growing \ngeopolitical tensions, they are impacting global trade more than ever. \nAnti-competitive behaviour distorts fair market conditions, impacting \nglobal supply chains. \n\t\nIn this dynamic business environment and complex legal and reg-\nulatory landscape, it is imperative for Maersk to continuously enhance \nour compliance programme to adapt to evolving regulatory require-\nments, market conditions and geopolitical events. Increasing regulation \non value chain due diligence, including the EU Corporate Sustainability \n', 'Launching a new Whistleblower system \nIn 2025, we implemented a new whistleblower system with enhanced \ncase management capabilities, simplified intake, built‑in artificial  \nintelligence, machine translation, embedded tools and templates, and \nimproved dashboard and reporting features. To support the rollout, \nwe launched the Speak Up campaign across all our locations, target-\ning both direct and indirect workers. We also rolled out training pro-\ngrammes for investigators.\n', 'Maersk continued to strengthen the foundations needed to manage  \ndata and AI responsibly across the organisation. The key actions taken  \nduring the year reflect our commitment to trust, regulatory readiness  \nand responsible innovation:\n', 'Preparing for emerging data and AI regulation\nRisk-based classification of AI systems, documentation practices  \nand clearer oversight routines were introduced to align with global  \nregulatory expectations, including the EU AI Act.\n', 'Building long-term resilience through a risk-based approach\nA unified framework for data and AI risks (compliance, ethics and \nquality) was established, enabling leadership to prioritise the most \nmaterial exposures and guide focus where risks need to be mitigated.\n\t\nFor 2026, Maersk will focus on stabilising these foundations,  \nfurther maturing AI governance and embedding a risk-based approach \nthat ensures responsible and compliant use of data and AI across  \nthe enterprise.\n', 'Maersk’s Data Ethics Policy sits at the core of how we design, develop \nand deploy data-powered and AI-enabled solutions. It expresses our \nleadership ambition to use data and technology responsibly and in \nways that uphold trust with customers, partners and employees.\n\t\nThe Data Ethics Policy is anchored in four principles – Transparency, \nRespect, Security and Innovation – and guides how we collect, handle \nand use data across our global operations. As our logistics products rely \nincreasingly on intelligent and data-driven capabilities, these principles \nensure that innovation is matched with accountability and that data is \nused to create value without compromising stakeholder confidence.\n\t\nAll Maersk data and AI policies and standards further details and \ncomplements this by embedding responsible AI expectations into the \nlifecycle of AI systems and aligning them to Maersk’s Commit govern-\nance framework. Our internal guidelines direct teams through respon-\nsible development and deployment of AI, including risk classification \n', 'While we do not have specific targets for Data and AI ethics, these are \npart of Maersk’s Code of Conduct. All Maersk’s office-based employees \nmust complete Maersk’s Code of Conduct training annually. Refer to \nthe Business ethics section of this report for more information on the \ncompletion rate of the Code of Conduct training.\n', 'of AI systems, transparency for limited-risk use cases, documentation \nobligations and the oversight and record-keeping required for compli-\nance with the EU AI Act.\n\t\nThe policies are reinforced through awareness programmes, oper-\nating procedures, technology standards and embedded controls that \nhelp ensure consistent, safe and responsible use of data and AI across \nMaersk’s products and platforms. Oversight is provided by the execu-\ntive Risk & Compliance Committee, with operational governance driven \nthrough the enterprise Data & AI Ethics Committee and supporting \nworking groups.\n\t\nThese policies apply to all Maersk entities, employees, contractors \nand controlled joint ventures. They are publicly referenced through our \nCode of Conduct, with internal AI and Data Ethics standards providing \npractical guidance for day-to-day decision-making as we scale data and \nAI in our operations.\nIRO\n', 'Ethical use of data and AI\n', 'Data and AI ethics\n', 'Responsibly managing data from customers, business part-\nners and employees is a critical issue in today’s society. AI has \na transformational impact on logistics and requires effective \ngovernance in place to responsibly unlock future innovation.  \nThrough strong governance and ethical use of data and AI, we \nmitigate risks and position Maersk as a digital frontrunner in \nour industry, in alignment with Our Purpose and Core Values. \nThis is essential to our customers, partners and our strategy.\n', 'Gross margin and cost development\nMargin assumptions reflect oper\xad\national improvements and cost \nmanagement. SG&A costs efficiency \nis expected to improve through \nauto\xadmation and AI. Variable costs \nare expected to improve as produc-\ntivity increases, supported by tech-\nnology and process improvements.\n'];5;4;4;13;87697000000;KOEBENHAVN K;16/04/1904;105909.0;;55482000000.0
13;MAERSKb.CO;AP Moeller - Maersk A/S;Denmark;Denmark;OMX Nordic Exchange Copenhagen A/S;DK0010244508;549300D2K6PKKKXVNN73;22756214.0;04/06/1905;02/01/1985;Industrials;Industrial Transportation;Marine Transportation;03.00;;;;9;ALL_COMPANIES/AP Moeller - Maersk A-S/Maersk Annual Report 2024.pdf;A.P. Møller - Mærsk A/S;2024;0.0336419420820325;['More balanced economic growth in 2025\nEconomic growth in 2025 is expected to expand further, with Oxford Economics forecasting global eco-\nnomic growth at 2.8%. Western central bank rate cuts are expected to stimulate demand. While there \nis no shortage of risks, the baseline view is that growth is also expected to find a better balance across \nindustries and geographies, leading to a more sustainable trajectory. Beyond the macroeconomic land-\nscape, five more trends are poised to shape global trade and logistics in 2025: geopolitics, climate change, \ne-commerce, AI applications and attention to cyber resilience.\n', 'Generative AI – early stages of impact\nGenerative AI (GenAI) and Agentic AI are gaining traction, with record funding for research, data centre expan-\nsion and grid upgrades. While the technology’s transformative potential for supply chains and logistics is being \ndiscovered, early applications are emerging. GenAI is being deployed to automate non-critical back-\xadoffice \nprocesses, such as customer service and administrative tasks (e.g. AI Agent Assist). Over time, its influence is \nexpected to extend to front-line operations including warehousing, execution of supply chain management, \nterminal management and transportation systems to facilitate decision making through advanced analytics \nand real-time data sharing. AI is key to achieving much-desired visibility and transparency. \n', 'The call for cyber resilience \nIn 2024, ransomware attacks on terminals and logistics providers intensified, highlighting the critical role of \nlogistics networks as prime targets for cybercriminals. The growing sophistication of cyberattacks on critical \ninfrastructure is driven by advances in AI, increased connectivity of software and devices and rising geopolit-\nical tensions. These cyber threats not only have the potential to disrupt operations, but also pose significant \nsafety and environmental risks. Logistics leaders are increasingly adopting a comprehensive, ecosystem-wide \napproach that includes collaboration with customers, suppliers and other third parties to improve resilience.\n', 'With this strong foundation in place, in 2025, the company will acceler-\nate value realisation from technology, delivering better results for cus-\ntomers while improving productivity.\n \nThe power of AI\nAI, particularly Generative AI, represents a tremendous opportunity to \ndrive value realisation and step-change Maersk’s strategy execution. The \ncompany invests in a plethora of AI initiatives, leveraging traditional AI/\nML and Generative AI techniques. Several of these AI/ML initiatives are \nwell entrenched into operational execution, yielding measurable benefits. \nGenerative AI initiatives are showing success proof points as the com-\npany targets agentic workflow automation. One example is the roll-out \nof CX Agent Assist, which supports Maersk’s Ocean CX colleagues by sig-\nnificantly reducing the turnaround time for customer queries. The com-\npany continues to approach AI with speed, ensuring benefits are reaped \nand with caution, ensuring compliance with fast-developing regulations.\n', 'ESG risks\nIn compliance with the EU Corporate Sustainability Reporting Directive (CSRD) requirements, \nMaersk conducted the double materiality assessment in 2024. As part of this assessment, \nMaersk established the financial impact arising from the potential sustainability-related topics. \nThe topics covered by the financial impact assessment for 2024 are climate change, pollution, \nship recycling, retaining and attracting critical talent, working conditions, equal treatment, other \nwork-related rights (forced labour, data privacy), ethical use of data and AI, supplier relationships, \ncorruption and bribery and tax. The quantified financial impact of each of the topics is estab-\nlished through scenario-based modelling. For the results of the double materiality assessment, \nsee pages 66-68 and for details on physical climate-related risks specifically, see page 88. \n', '1 \u2002 Technology advancements/AI\n', 'Rapid advancements in technology and use of AI could lead to the creation of new tech/AI based \nbusiness models and/or customers taking a more dominant role in integrating their own supply \nchains, thereby making the Maersk integrator value proposition less relevant.\n', '1\nTechnological\nadvancements/AI\n', 'Data and AI ethics\nEmployees (in scope) trained  \non data ethics\n', 'Supply chain digitalisation and increased automation is both a risk \nand a prerequisite for the integrated logistics strategy. Generative AI \nis also transforming the industry, highlighting the importance of an \nethical use of data and artificial intelligence, where we are trusted in \nthe use of our customers’ and other stakeholders’ data while auto-\nmating internal processes. \n\t\nIn addition, it is crucial that we keep our workforce in mind in the \nautomation of warehouses and terminals. While increasing accessibil-\nity of automation technologies creates opportunities for decarbonis-\ning our Logistics & Services and Terminals segments, we also need to \ninvest in upskilling our workforce to maintain and attract critical tal-\nents and to ensure safe operations with new technologies. \n\t\nWorker rights were particularly highlighted in 2024, as dockworker \nstrikes in the US, Canada and the UK, some lasting only a few days, \ncaused knock-on supply chain ripples. Maersk actively works to ensure \ngood and fair working conditions for our workforce and focuses on \nengaging with our employees or their representatives on complex top-\nics such as automation and fair wages. \n\t\nThe current geopolitical tensions and challenges are expected to \ncontinue into 2025. Against this complex and uncertain backdrop, \nMaersk will continue progressing all three of the core commitments \nof its ESG strategy in 2025. \n', 'greenhouse gases can impact people’s livelihood and wellbeing, and \ncorruption can exacerbate inequalities in societies where we operate. \nOn governance, the assessment also reconfirmed our existing catego-\nries on business ethics, sustainable procurement, data and AI ethics \nand responsible tax. The last two categories are not currently covered \nby the topical ESRS and are therefore entity-\xadspecific. Of the material \ntopics, several risks related to costs of non-compliance to regulations \nhave been deemed material to Maersk, including related to corruption \nlaws, sanctions and transportation of illegal goods. In addition, risks \nrelated to data and AI ethics and supplier non-compliance have been \nassessed as material to our overall strategy. \n\t\nOf the material risks, none are expected to cause material adjust-\nments to carrying amounts of liabilities reported in the financial state-\nments in the next annual reporting period.\n\t\nRecognising our global presence and the nature of our business  \nas an integrator of global supply chains, this is not an exhaustive list, \nhowever, it shows where Maersk may have the largest impacts on  \npeople and planet through our activities, or where Maersk is exposed to \nthe most significant financial risks or opportunities. Many of the topics \nbelow the threshold for external reporting are still actively monitored \nand managed as part of internal processes. As an example, while water \nuse was deemed below the materiality threshold and not covered by \nour sustainability statement, we continue to actively monitor and work \nto reduce consumption of water globally, particularly in water-stressed \nareas. The same is the case for impacts to communities in areas where \nwe operate, where we continue to monitor potential negative impacts \nand regularly engage with communities as part of e.g. Environmental \nand Social Impact Assessments (ESIAs), and through local Corporate \nSocial Responsibility (CSR) initiatives under our citizenship programme.\n', 'Data and AI ethics\n', 'Ethical use of data and AI\n \n \n', 'Optimising sailing speed and routing, while taking factors such as ves-\nsel safety and environmental protection into consideration, allows us \nto meet customer delivery promises while optimising fuel consumption \nand thereby reducing GHG emissions. In addition, network efficiency \nwill have the largest contribution to scope 1 emission reductions in our \ntransition plan towards 2030. \n\t\nNetwork efficiency is supported by StarConnect, Maersk’s AI-powered \nfleet energy efficiency platform that processes 2.5bn data points annually \nfrom more than 700 vessels. This advanced system uses machine learning \nto forecast and optimise fuel consumption and safety, taking into account \nenvironmental conditions including ocean currents and weather.\n\t\nAlong with optimising our current network efficiency, significant \nplanning efforts in 2024 went into the Gemini Cooperation with Hapag\xad-\n-Lloyd, which went live on 1 February 2025. The new East-West trade \nnetwork is built on a fundamentally different design and includes 29 \nocean mainliner services and an extensive network of interregional \n', '•\t\nMaersk complies with international conventions to perform pest \ncontrol and as of 2024, we reached the target of 100% of our vessels \nhaving ballast water treatment systems installed, well in line with \nthe deadline set by the Ballast Water Management Convention.\n•\t\nWe are improving our StarConnect AI-powered fleet energy efficiency \nplatform to include capabilities to monitor our presence in marine \nprotected areas and particularly sensitive sea areas, as well as adding \nadditional whale zones based on updates to the World Shipping Council \n(WSC) Whale Chart. Implementation of this data will take place in 2025. \n•\t\nMaersk actively engaged with regulators, state entities, shipping asso-\nciations and NGOs in the development of revised guidelines on Under-\nwater Radiated Noise (URN) Management, in line with IMO guidelines. \nThis includes participation in awareness campaigns and workshops \nacross the industry, URN measurements of fleet vessels to develop \na baseline and conduct data analysis, and development of an action \nplan based on the guidelines. \n', 'DATA AND AI ETHICS\n', 'Data and AI ethics\n', 'Ethical use of data and AI \n', 'Ethical use of our stakeholders’ data and protection  \nof individuals’ right to privacy\nPotential risk of undue influence, mishandling and abuse of \ndata and artificial intelligence can have negative implications \nto the customers and business partners whose data has been \nhandled unethically. This erodes trust in Maersk as a business \npartner. Potential violation of employees’ and consumers’ right \nto privacy if their personal data is not handled responsibly.\n', 'As a global leader in logistics services, Maersk serves 100,000+ customers and operates in almost 130 \ncountries with a complex footprint across our business segments and value chain. We work to ensure that \nwe have the right corporate culture to live up to our Purpose and Core Values. Our approach to this commit-\nment is driven by our Commit governance framework and ESG categories on business ethics, sustainable \nprocurement, data ethics and AI and responsible tax.\n\t\nCorruption undermines social and economic development, destabilises the business environment and \nadds to the cost of doing business and participating in global trade. Sanctions and export controls have \ngrown exponentially over the last three years, and with growing geopolitical tensions, they are impacting \nglobal trade more than ever. Anti-competitive behaviour distorts fair market conditions, impacting global \nsupply chains. \n\t\nIn this dynamic business environment and complex legal and regulatory landscape, it is imperative for \nMaersk to continuously enhance our compliance programme to adapt to evolving regulatory requirements, \nmarket conditions and geopolitical events. Increasing regulation on value chain due diligence, including the \nEU Corporate Sustainability Due Diligence Directive is also raising the importance of ensuring that Maersk’s \nsuppliers meet our global standards and local laws around business ethics, human and labour rights, \nworking conditions and employment practices and environmental responsibility. \n\t\nMaersk also sees a sharp rise in contraband, from narcotics to illegal wildlife and timber trafficking, \nand stolen and counterfeit goods. These criminal activities continue to affect our supply chain and require \non\xadgoing, proactive management to mitigate the risks of threats to people, bribery attempts and opera-\ntional disruptions that are often associated with contraband trafficking.\n\t\nFinally, as the digitalisation of supply chains continues to accelerate, including the rapid adoption of \ngenerative AI, responsibly managing data from business partners and customers has never been more \nrelevant to maintaining their trust in Maersk. \n', 'Data and AI ethics\n', 'Responsibly managing data from customers, business  \npartners and employees is a critical issue in today’s society.  \nAI has a transformational impact on logistics and requires \neffective governance in place to responsibly unlock future \ninnovation. Through strong governance and ethical use of  \ndata and AI, we mitigate risks and position Maersk as a digital \nfrontrunner in our industry, in alignment with our Purpose and \nCore Values. This is essential to our customers, partners and \nour business strategy.\n', '100% of employees (in scope) trained on data and AI ethics\n(2023: 91%)\n93%\n', 'Key actions\nIn 2024, Maersk further matured its approach to data and AI ethics, \nimproving and anchoring technology processes with clear organisa-\ntional accountability. Key activities included:\n•\t\nImplementation of a modern data privacy tool for process  \nand application mapping and risk assessment and mitigation. \n', 'For 2025, the focus is on stabilising our implemented processes \nwith continuous improvements and further leveraging technology to \nincrease automation and accuracy of data and AI ethics governance. \nSecond, we will scale our governance approach for AI in support of  \nregulatory readiness and our AI strategy.\n', 'Data ethics training \nData ethics training is the completion rate of employees \nin scope for the data and AI ethics e-learning out of the \ntotal employee population in scope. Employees must \ncomplete the training once. The employees in scope for \nthe e-learning are active office-based Maersk employ-\nees that were employed at the time of launch of the \ne-learning in November 2022 and employees that have \n', 'since joined. This excludes office-based employees on \nlong-term leave, consultants and employees that have \njoined Maersk after 31 October in the reporting year. The \nemployees in scope of the data and AI ethics training \ncover 57% of the total employees in Maersk during 2024. \nThe completion rate is based on registrations in Maersk’s \nlearning management system.\n', 'Data and AI ethics\n', 'Entity  \nspecific\nData and AI ethics training\nCompletion rate\n93\n91\n67\n-\n-\n', 'For 2024, we recorded a 2 percentage point improvement in the completion rate for the Data and AI ethics \ntraining compared to 2023. In 2024, focused efforts to roll out the training to office-based new joiners \ntook place to drive up completion for outstanding employees. We continue to strive for a 100% completion \nrate for the employees in scope for the Data and AI ethics training.\n'];4;4;4;12;82578000000;KOEBENHAVN K;16/04/1904;104260.0;;51065000000.0
14;MAERSKb.CO;AP Moeller - Maersk A/S;Denmark;Denmark;OMX Nordic Exchange Copenhagen A/S;DK0010244508;549300D2K6PKKKXVNN73;22756214.0;04/06/1905;02/01/1985;Industrials;Industrial Transportation;Marine Transportation;03.00;;;;7;ALL_COMPANIES/AP Moeller - Maersk A-S/APMM Annual Report 2023.pdf;A.P. Møller - Mærsk A/S;2023;0.011173059518888;"['The company continues its efforts to digitise customer and operator \nworkflows, including providing comprehensive visibility across supply \nchains along with greater control.\n \t\nAI\u202frepresents a significant opportunity to unlock productivity, \nenhance employee experience, increase profitability and accelerate the \ntransformation of A.P. Moller - Maersk. To capitalise on this opportunity \nand turn it into a competitive advantage, A.P. Moller - Maersk continues \nto invest both in established AI initiatives such as Digital Twin simula-\ntions and demand forecasts as well as early-stage pilots with generative \nAI based tools to automate otherwise manual, repetitive tasks and boost \nemployee productivity.\n', 'Data ethics\nThe rapid pace of global supply chain digitalisation is raising the importance of data ethics as \na strategic imperative for A.P. Moller - Maersk and its customers who entrust the company with \ntheir data.\n\t\nA.P. Moller - Maersk’s global integrator strategy revolves around the ability to offer customers \ndigitally enabled products and services. A.P. Moller - Maersk is therefore committed to demon-\nstrating leadership in technical innovation with the highest data ethics standards.\n\t\nBy end of 2023, over 91% of A.P. Moller - Maersk employees have completed the mandatory \ndata ethics e-learning against a target of 100%. While challenges in reaching all employee groups \nare likely to persist, the company keeps the rigour of a 100% target for 2024, with a particular \nfocus on ensuring all new employees are trained.\n\t\nThe rapid development of Artificial Intelligence (AI) applications is a significant change and \nrequires A.P. Moller - Maersk to balance opportunities and risks as the company creates a new gen-\neration of AI-powered solutions. Implementation of AI data management procedures continues \nto be based on the four cornerstones of the company’s data ethics policy; transparency, respect, \nsecurity and innovation, to ensure the early identification and mitigation of risks in the technology \npipeline. This governance is already applied in Generative AI tools supporting sales, software \nengineering and the people function. \n', 'Given the rapid rise in engineering interconnectedness of data and technology, and \nmass AI availability (e.g. ChatGPT), customers may see an opportunity to replace \ntheir need for integrated logistics solutions by using readily available technology \nsolutions that replicate through technology the benefits of an integrated offering.\n', 'Greater Inter\xadconnectedness\nAI and automation\nEngineering advances\nBiotech revolution\n']";4;4;4;12;93680000000;KOEBENHAVN K;16/04/1904;85375.0;;81529000000.0
15;MAERSKb.CO;AP Moeller - Maersk A/S;Denmark;Denmark;OMX Nordic Exchange Copenhagen A/S;DK0010244508;549300D2K6PKKKXVNN73;22756214.0;04/06/1905;02/01/1985;Industrials;Industrial Transportation;Marine Transportation;03.00;;;;6;ALL_COMPANIES/AP Moeller - Maersk A-S/APMM-AR-2022.pdf;A.P. Møller - Mærsk A/S;2022;0.0021004873130566;['As part of a continued learning journey of staying focused on creating value for \nA.P. Moller - Maersk’s customers, the company took the decision in 2022 to discontinue \nTradeLens, the open and neutral supply chain visibility and collaboration platform \xadcreated \nas a joint venture between A.P. Moller - Maersk and IBM in 2018. While TradeLens was  \nunable to secure the necessary traction, A.P. Moller - Maersk continues to be dedicated to \na global supply chain digitalisation and collaboration agenda and will leverage the work \ndone as a steppingstone to further push the agenda via different avenues.\n\t\nWith most of the foundational work that has characterised these first years of the \ntransformation journey rapidly completing, the company is shifting more weight on \nefforts to build infrastructure and proprietary technology that will create direct value  \nfor customers. This includes providing to customers comprehensive visibility of their  \nsupply chain along with greater control. Data and AI-optimised solutions are key to this \nnext phase of the transformation journey.\n', 'Data ethics\nThe rapid digitalisation of global supply chains, increased sharing of customer and partner \ndata and growing scrutiny of corporate misuse or failure to protect data have significantly \nraised the importance of responsible data management.\n\t\nA.P. Moller - Maersk’s global integrator strategy revolves around the ability to offer \ncustomers differentiated value propositions from digitally-enabled products and services. \nThe company is committed to demonstrating leadership in technical innovation and to do \nso with the highest data ethics standards. To avoid abuse and privacy infringement issues, \nand to safeguard the company from legal, business and reputational risks, it is vital to \nmanage and control the storage and use of customer, partner and employee data ethically \nand proactively.\n\t\nIn 2022, A.P. Moller - Maersk launched a global training programme covering the four \nprinciples of its Data Ethics Policy (transparency, respect, security and innovation), and \nproviding guidance on how to identify and mitigate the risk associated with data-driven \ninnovations throughout the data lifecycle. The company is implementing data manage-\nment procedures to ensure that risks from emerging topics such as Artificial Intelligence \nand Machine Learning are identified and mitigated early in this age of rapid technology \nchange and development.\n'];4;3;3;10;72271000000;KOEBENHAVN K;16/04/1904;83624.0;;61787000000.0
16;MAERSKb.CO;AP Moeller - Maersk A/S;Denmark;Denmark;OMX Nordic Exchange Copenhagen A/S;DK0010244508;549300D2K6PKKKXVNN73;22756214.0;04/06/1905;02/01/1985;Industrials;Industrial Transportation;Marine Transportation;03.00;;;;11;ALL_COMPANIES/AP Moeller - Maersk A-S/APMM AR 2021_20220209 no iXBRL.pdf;A.P. Møller - Mærsk A/S;2021;0.0010394794287021;['•\t Siemens AG1 (Chairman)\n•\t Allianz SE1 (Vice Chairman)\n•\t 3C.ai (member of the Board)\n•\t World Economic Forum (member of the Board  \nof Trustees, member of the Governing Board)\n'];0;0;0;0;56117000000;KOEBENHAVN K;16/04/1904;86279.0;;39740000000.0
17;MAERSKb.CO;AP Moeller - Maersk A/S;Denmark;Denmark;OMX Nordic Exchange Copenhagen A/S;DK0010244508;549300D2K6PKKKXVNN73;22756214.0;04/06/1905;02/01/1985;Industrials;Industrial Transportation;Marine Transportation;03.00;;;;10;ALL_COMPANIES/AP Moeller - Maersk A-S/Maersk Annual Report 2020.pdf;A.P. Møller - Mærsk A/S;2020;00.00;[];0;0;0;0;55399000000;KOEBENHAVN K;16/04/1904;;;38890000000.0
18;DANSKE.CO;Danske Bank A/S;Denmark;Denmark;OMX Nordic Exchange Copenhagen A/S;DK0010274414;MAES062Z21O4RZ2U7M96;61126228.0;02/01/1985;02/01/1985;Financials;Banks;Banks;03.00;;;;420;ALL_COMPANIES/Danske Bank A-S/2025-Danske Bank - Annual Report 2025.pdf;Danske Bank Group;2025;0.015798228739766;['independence and strengthen European competitiveness. \nCombined with accelerated investments in digitalisation and \nGenAI, this may represent the biggest investment opportunity \nin a generation for Nordic businesses. And as a bank, we are \ncommitted to working closely with our customers and to \noffering the funding that will enable them to make the most of \nthese opportunities. \n', 'We maintain our ambition to be a leading bank in a digital age. \nOver the past year, we have strengthened our efforts to \nprovide a better banking experience for our customers and \ncontinue our efforts to become a simpler and more efficient \nbank. This has been supported by significant investments, \nincluding increased investments in GenAI, as well as through \nworking together across our organisation to explore how we \ncan best use AI solutions to improve productivity and create \nbetter services for our customers. We are embedding GenAI \ntools into workflows to improve automation and optimise \nprocesses, and we firmly believe that continuing to scale \nGenAI across the Group, together with using cloud-based \nsolutions to further modernise our platform, will be key to \ncontinually improving the digital experience for all customers. \n', 'A key element of our Forward ’28 strategy is our focus on \ndelivering customer value by continuing to invest in our \ntechnology platform and digital customer offerings. The scaling \nof GenAI across the Group and platform modernisation using \npublic cloud are key to delivering an improved digital customer \nexperience. For instance, we have implemented the AI Assistant \nin our Mobile Banking app. Already now, as we embed GenAI \ntools into workflows, we have increased automation and \noptimised processes, resulting in better productivity, for \ninstance within IT development.  \n', 'To reinforce our commitment to inclusive growth, we maintained \na strong focus on increasing the number of women in leadership \nroles. The overall engagement score rose to 79 (up from 77), \nplacing us in the top 10%, with 95% survey participation. \nEmployee wellbeing and flexible work remained key priorities, \nwhile on-site presence was gradually increased to strengthen \ncollaboration. We advanced our HR technology and AI \ncapabilities, and we completed job architecture work for all roles \nto support pay transparency and increase career path visibility. \n', 'We are scaling the use of generative AI (GenAI) across the Group \nto enhance both the customer experience and operational \nefficiency. GenAI has now been widely embraced, with nearly all \ndevelopers making use of GenAI developer tools and the majority \nof staff utilising general GenAI tools on a regular basis. GenAI \ntools are embedded in core workflows, improving automation, \naccelerating delivery and driving higher productivity for our \ndevelopers and engineers.   \n', 'We are also integrating agentic AI solutions into key processes, \nenabling more autonomous task execution and decision support. \nIn parallel, we are establishing the foundational capabilities \nrequired to scale agentic AI safely and responsibly, reinforcing \nour ambition to become an AI-enabled bank and a leader in \nresponsible innovation. \n', 'Most convenient and accessible bank \nConvenience and accessibility remained central to our efforts in \n2025. A key milestone was the launch of the AI Assistant in our \nDanske Mobile Banking app, which provides 24/7 support to \ncustomers in Denmark. Combining instant, automated help and \nseamless access with personalised advice, the AI Assistant \nempowers customers to handle everyday banking tasks \nindependently or enables them to connect with experts for help \nwith complex needs. Since its launch, the AI Assistant has \nhandled approximately 20% of enquiries and contributed to \nreducing average call centre wait times, while also helping lower \nwait times for human chat to less than two minutes. Additionally, \nthe Mobile Banking app saw continued upgrades, including the \nlaunch of a ‘housing universe’ in Denmark, giving customers one-\nstop access to home finance tools, insights and loan monitoring. \nUpgrades to live chat functionality and a new call centre platform \n', 'To support our efforts across all markets, we leveraged AI-driven \ntools such as Microsoft CoPilot and our own tool Danske Assist, \nenhancing the efficiency and quality of advisory sessions. This \nled to more adviser meetings, and customer meeting \nsatisfaction scores exceeded 9 out of 10 in Denmark, Sweden \nand Finland. \n', 'We invested in GenAI to strengthen digital solutions and \nexperiences for both customers and advisers. We successfully \npiloted our first multi-agent GenAI solution in the credit process, \nenabling automation and improving credit decisions, with plans \nunderway to further scale the solution. Our efforts are reflected \nin the good progress made towards our ambition to increase \ncredit cases handled in automated flows. Lastly, we saw good \ntraction in the Group-wide rollout of GenAI tools, including our \nown tool DanskeGPT and Microsoft Copilot, to elevate adviser \nefficiency and output quality.  \n \nWe launched a feature in our customer platform in Denmark that \nprovides commercial real estate advisers with a comprehensive \noverview of mortgage and property data at Group level, which \nenhances advisory quality and frees up time for customer \nengagement. \n \nWe achieved significant progress in the digitalisation of asset \nfinance products and processes, driving growth and efficiency \nand optimising our digital infrastructure. Following the launch in \nDenmark, further scaling will commence in 2026 and onwards, \nincluding adding new markets to the platform. \n', 'Operating expenses, after allocation to the business units, \nincreased to DKK 1,841 million (2024: DKK 1,421 million). \nOperating expenses were mainly affected by higher costs in \nTechnology & Services related to digitalisation efforts, including \nthe scaling of GenAI capabilities and the cloud migration \nprogramme. Most of these costs were allocated to business \n', 'Non-financial risk \nIn 2025, Danske Bank maintained a stable non-financial risk profile, reducing risk events \nacross the Group. The Group reinforced its strong risk and compliance culture through \nrobust practices and its Forward ’28 strategy. Key initiatives focused on managing IT, \nsecurity, third-party, data, and AI risks. Efforts to enhance resilience included improving ICT \nrisk management, security controls, and business continuity. \n', 'In 2025, global political uncertainty added complexity to \nmarkets. Global equities initially reached new highs but lost \nmomentum in the second half of the first quarter driven by AI \noptimism and Fed rate cut expectations, while credit spreads \ntightened to historic lows. This prompted a shift towards \nEuropean markets and safer assets, supported by German \ninvestment plans. The US dollar weakened, and equities faced \nsell-offs at the beginning of the second quarter amid US tariff \nconcerns and recession fears. Commodities like gold rallied as \nhedges against inflation and uncertainty. Central banks initially \nraised rates to combat inflation but paused as it eased, \nstabilising market sentiment. In general, interest rate curves \nsteepened. By year-end, strong equity markets, commodity \nrallies, and stabilised growth demonstrated global economies’ \nadaptability. \n', 'As the execution of the Forward ’28 strategy continues, the \nGroup maintains its focus on managing risks related to IT, \nsecurity, third-party engagements, data, and artificial \nintelligence (AI). Ongoing initiatives are strengthening the \nGroup’s approach to information and communications \ntechnology (ICT) risks, third-party governance and business \ncontinuity, with a particular emphasis on implementing \ncomprehensive frameworks to enhance resilience across all \naspects of the organisation. AI-related risks are being integrated \ninto existing risk management frameworks, with processes \ncontinuously adjusted to ensure effective oversight and risk \nmitigation throughout the AI lifecycle. \n', 'Programmes such as data management and the ongoing cloud \nmigration continue to introduce new capabilities that support \nfoundational security improvements. Likewise, the security \nprogramme at Danske Bank is adapting existing controls and \nimplementing new ones to secure technologies including GenAI.  \n', 'evolving regulatory landscape and to support our growing \nambitions within data and AI, ensuring that these are pursued in \na data ethical manner. \n', 'Progress in 2025 \nIn 2025, Danske Bank continued to embed the data ethics \nprinciples in existing Group-wide policies and instructions. A \nData Ethics Officer role was established to oversee the internal \ndata ethics site, manage potential escalations and promote \nawareness across the Group. Key Group policies were selected to \ninclude statements on data ethics on the central site, ensuring \nthat considerations are applied in areas such as model \ndevelopment (including AI models), personal data protection and \nfair treatment of customers. \n \nFollow-up activities were carried out for initiatives described in \nAnnual Report 2024, including strengthening awareness and \nincreasing communication about data ethics across the Group. \nWhile the EU AI Act is not part of the data ethics framework, \nimplementation efforts led by Danske Bank’s GenAI team remain \naligned with the data ethics principles. \n', 'Outlook for 2026 \nIn 2026, Danske Bank will continue to strengthen its data ethics \napproach to data and AI. This includes publishing more policies \non the site, maintaining alignment with regulatory requirements \nand deepening the integration with the Group’s Responsible AI \ninitiatives. The central data ethics site will introduce new training \nvideos and awareness campaigns. We will also assess whether \nupdates to the data ethics principles or existing policies are \nneeded to reflect ongoing developments within responsible data \nand AI practices as well as regulatory demands within data \nethics. \n', 'Key findings on the views and interests of stakeholders are \nincluded in information provided to the Executive Leadership \nTeam and the Board of Directors. Such findings are included for \nconsideration in the annual review of Danske Bank’s strategy, \nand they inform relevant Group policies, strategies and business \nactivities. These findings did not lead to changes in Danske \nBank’s overall strategy for 2025. They have, however, informed \nsmall adjustments in how we execute the strategy, for example \nregarding our use of AI tools and our approach to companies \nwithin the defence and security value chain. \n', 'In June 2025, Danske Bank also hosted its first global Group-\nwide DE&I Theme Week with the theme Blueprint for Belonging. \nThe purpose of the week was to foster learning, dialogue and \nshared ownership of inclusion across all levels. The week \nincluded MOSAIC inclusion training, leadership dialogues, and \nsessions on topics such as neurodiversity, AI’s dual role in both \n', 'An additional business conduct-related element is the ongoing \nadoption of artificial intelligence (AI) across our organisation. To \nsupport this development and to ensure the ethical use of AI \ntools at Danske Bank, we have introduced training in the \nresponsible use of AI to ensure that employees are equipped \nwith adequate levels of AI literacy and understanding.                                   \n', 'Committee was established in 2023 to address cyber, data and \nthird-party risk cases from business units or Group functions. To \nreflect the increased adoption of generative AI systems and AI-\nrelated user cases across the organisation, the Cyber, Data and \nThird-Party Case-Decision Committee was restructured into the \nAI Committee in August 2025.  \n', 'Costs are expected to increase from 2026 in general due to investment in the strategy and the general assumptions on inflation, \nsalary (including bonus). In year 2027, a decrease in other costs is explained by a massive investment in GenAI in the year 2025 and \n2026 which is reduced in year 2027 together with cost reductions from efficiencies.  \n', 'Competencies: \n• Corporate values, conduct and behaviour \n• Experience with driving cultural transformation and change management processes \n• Negotiation and communication \n• Compensation structures and models such as collective bargaining agreements \n• Technology and digital transformation, balancing AI potential with ethical safeguards \n• Extensive board experience as employee-elected board member \n'];5;5;5;15;3,72E+12;KOEBENHAVN V;02/01/1900;20026.0;;56405000000.0
19;DANSKE.CO;Danske Bank A/S;Denmark;Denmark;OMX Nordic Exchange Copenhagen A/S;DK0010274414;MAES062Z21O4RZ2U7M96;61126228.0;02/01/1985;02/01/1985;Financials;Banks;Banks;03.00;;;;423;ALL_COMPANIES/Danske Bank A-S/2024-Danske Bank - Annual Report 2024-3.pdf;Danske Bank Group;2024;0.0017406137404048;['2024 saw significant changes and increased complexity for both our \ncustomers and for Danske Bank. Geopolitical tension continued to be \nhigh, and the effects of climate change have become even more \npronounced, adding to uncertainty and complexity. On the more \npositive side, technological advancements and the rise of AI have a \nclear potential to increase productivity, create solutions and \nprosperity and will surely bring about changes. In the financial \nmarkets, monetary policy in Europe shifted from being restrictive to \neasing, which was positive news for many.  \n', 'Over the year 2024, we saw strong progress and early proof points \nacross our digital, data and AI and technology transformation \nagendas. \n', 'We also progressed on our data and AI transformation and have \ninvested significantly in GenAI capabilities and solutions. We have \nlaunched our own GenAI solution, DanskeGPT, which by the end of \n', '2024 had been adopted by over 14,000 employees. The tool is \nconstantly updated with new features that offer further \nopportunities to unlock productivity gains. Additionally, the \nintroduction of GenAI-powered tools in the Software Development \nLife Cycle is improving the productivity of our developers. \n', 'Early in the year, we initiated a strategic partnership with Backbase, \nutilising their advanced cross-channel banking platform to enhance \nour interaction with customers. The launch of GenAI Danske Assist as \na pilot project in Denmark represented a significant move towards \nautomation, and once the solution is fully implemented, it will free up \nvaluable adviser time by handling routine inquiries. In Sweden, the \noptimisation of meeting schedules released 5,000 slots, which \nenabled us to engage with customers in a more focused and \nimpactful way. We also rolled out the Monthly Investment feature in \nDanske Mobile Banking across all the Nordic markets, enhancing the \nmobile banking experience and making investment opportunities \nmore accessible for our customers. This achievement is evident in \nour customer satisfaction score, which reached 8.5 of 10 among \nDanske Mobile Banking users in Denmark, demonstrating our \nsuccess in meeting customer expectations. With the launch of the \n‘June’ investment platform in Finland, we achieved our ambition of a \nbroad investment offering across all markets. \n', 'To free up more time for strategic advice, we expanded the use of \nGenAI tools such as DanskeGPT through scaling of best practice and \nseamless integration into daily workflows. We will continue in 2025 \nto take advantage of GenAI tools with the aim of providing better \ndigital solutions and experiences for our customers and advisers. \n', 'Our technology transformation to make everyday banking simpler \nand safer is progressing well. We have rolled out our new purely \ndigital customer onboarding platform. We have also introduced new \nGenAI-powered tools that greatly improve the productivity of our \ndevelopers. Moreover, our cloud migration programme runs ahead of \nschedule, which enables us to achieve increased scalability. \n', 'In line with these policies and instructions, we require that all \nemployees complete mandatory Risk and Compliance training within \ntwo weeks of starting employment in the Group, and annually \nthereafter. The training consists of several modules, which include \ndata protection, Code of Conduct and financial crime. In 2024, this \ntraining included references to ethical use of artificial intelligence \nand messages on consequence management with emphasis on \nethical behaviours. In 2024, a total of 97% of employees completed \nand passed Risk and Compliance training on time (2023: 97%).  \n', 'For 2025 and 2026 operating expenses is expected to increase based on the investment in the Forward ’28 strategy together with general \nassumptions for expected wage inflation and other costs with general inflation.  \n \nIn year 2027 a decrease in other costs is explained by a massive investment in GenAI in the years 2025-2026 reduced in year 2027 together \nwith cost reductions from efficiencies.  \n \nLarge Corporates & Institutions, Asset Management \nEarnings at Asset Management depend primarily on the management fee on assets under management. Expected cash flows therefore \ndepend on expectations for changes in assets under management and the average margin on those assets. For the period until the terminal \nperiod, changes in assets under management depend on net sales and on the accumulation of market returns on the assets. Asset under \nmanagement is expected to grow using Rådet for Afkastforventningers’ assumptions. The average margin on assets under management is at \nthe same level as last year. Staff related costs are forecasted based on expectations about inflation for wages and other costs based on \ngeneral inflation. In year 2025, the inflation rate is especially for other costs at a lower rate than for the test in 2023. All assumptions reflect \nmanagement’s expectations. \n'];4;5;4;13;3,73E+12;KOEBENHAVN V;02/01/1900;19916.0;;55852000000.0
20;DANSKE.CO;Danske Bank A/S;Denmark;Denmark;OMX Nordic Exchange Copenhagen A/S;DK0010274414;MAES062Z21O4RZ2U7M96;61126228.0;02/01/1985;02/01/1985;Financials;Banks;Banks;03.00;;;;421;ALL_COMPANIES/Danske Bank A-S/2023-Danske Bank - Annual Report 2023.pdf;Danske Bank A/S;2023;0.0005124132100125;['The high volatility in financial markets of 2022 continued into 2023 as central banks kept tightening monetary policy to curb  inflationary pressures. \nVolatility spiked in March following the collapse of Silicon Valley Bank and Credit Suisse. In general, interest rates increased throughout the year, whereas  \ncredit markets remained stable. The stock markets remained stable during 2023 but ended the year on a high note with the rise  of stocks where the \nartificial intelligence theme supports performance. Group Risk Management expects the high volatility in financial market to continue as the economic \noutlook is still highly uncertain. Trading related market risk measured by average value-at-risk (VaR 95% 1 day) increased in 2023 to DKK 49 million \ncompared to DKK 48 million in 2022.  \n \n \n \n'];2;0;0;2;3,79E+12;KOEBENHAVN V;02/01/1900;20021.0;;41203000000.0
21;DANSKE.CO;Danske Bank A/S;Denmark;Denmark;OMX Nordic Exchange Copenhagen A/S;DK0010274414;MAES062Z21O4RZ2U7M96;61126228.0;02/01/1985;02/01/1985;Financials;Banks;Banks;03.00;;;;419;ALL_COMPANIES/Danske Bank A-S/2022-Danske Bank Annual report 2022.pdf;Danske Bank A/S;2022;00.00;[];0;0;0;0;3,94E+12;KOEBENHAVN V;02/01/1900;21022.0;;42584000000.0
22;DANSKE.CO;Danske Bank A/S;Denmark;Denmark;OMX Nordic Exchange Copenhagen A/S;DK0010274414;MAES062Z21O4RZ2U7M96;61126228.0;02/01/1985;02/01/1985;Financials;Banks;Banks;03.00;;;;424;ALL_COMPANIES/Danske Bank A-S/2021-Danske Bank Annual Report 2021.pdf;Danske Bank A/S;2021;00.00;[];0;0;0;0;4,11E+12;KOEBENHAVN V;02/01/1900;21754.0;;42383000000.0
23;DANSKE.CO;Danske Bank A/S;Denmark;Denmark;OMX Nordic Exchange Copenhagen A/S;DK0010274414;MAES062Z21O4RZ2U7M96;61126228.0;02/01/1985;02/01/1985;Financials;Banks;Banks;03.00;;;;422;ALL_COMPANIES/Danske Bank A-S/2020-Annual Report 2020.pdf;Danske Bank A/S;2020;00.00;[];0;0;0;0;3,76E+12;KOEBENHAVN V;02/01/1900;22376.0;;44982000000.0
24;ORSTED.CO;Oersted A/S;Denmark;Denmark;OMX Nordic Exchange Copenhagen A/S;DK0060094928;W9NG6WMZIYEU8VEDOG48;36213728.0;09/06/2016;09/06/2016;Utilities;Electricity;Alternative Electricity;04.00;;;;38;ALL_COMPANIES/Ørsted A-S/2025-Annual Report 2025-2.pdf;Ørsted A/S;2025;0.0050899003652003;['Other competences\nIT, digitalisation, AI & cybersecurity · Innovation\n', 'Other competences\nIT, digitalisation, AI & cybersecurity · Investor and \ncapital market relationships\n', 'Other competences\nIT, digitalisation, AI & cybersecurity · Investor and \ncapital market relationships · Innovation \n', 'Other competences\nIT, digitalisation, AI, and cybersecurity\n', 'now using AI to count the number of seeds we collect \n', 'dashboards and AI-driven tools, people leaders are \n', 'macroeconomic uncertainty and the adoption of AI, \n', 'AI-enabled adverse media screenings to identify poten-\n'];1;1;0;2;2,99E+11;Fredericia;27/03/1972;8905.00.00;;71034000000.0
25;ORSTED.CO;Oersted A/S;Denmark;Denmark;OMX Nordic Exchange Copenhagen A/S;DK0060094928;W9NG6WMZIYEU8VEDOG48;36213728.0;09/06/2016;09/06/2016;Utilities;Electricity;Alternative Electricity;04.00;;;;37;ALL_COMPANIES/Ørsted A-S/2024-Orsted Annual Report 2024-2.pdf;Ørsted A/S;2024;0.00228764898314;['sion of AI and data centres. While the exact electricity \n', 'and independence. The build-out of AI data centres \n', 'ments by using artificial intelligence (AI) to make bio-\n', 'includes integrating machine learning models and \n'];1;1;0;2;2,81E+11;Fredericia;27/03/1972;8027.00.00;;79255000000.0
26;ORSTED.CO;Oersted A/S;Denmark;Denmark;OMX Nordic Exchange Copenhagen A/S;DK0060094928;W9NG6WMZIYEU8VEDOG48;36213728.0;09/06/2016;09/06/2016;Utilities;Electricity;Alternative Electricity;04.00;;;;34;ALL_COMPANIES/Ørsted A-S/2023-Orsted-AR-2023.pdf;Ørsted A/S;2023;00.00;[];0;0;0;0;3,14E+11;Fredericia;27/03/1972;6836.00.00;;132277000000.0
27;ORSTED.CO;Oersted A/S;Denmark;Denmark;OMX Nordic Exchange Copenhagen A/S;DK0060094928;W9NG6WMZIYEU8VEDOG48;36213728.0;09/06/2016;09/06/2016;Utilities;Electricity;Alternative Electricity;04.00;;;;35;ALL_COMPANIES/Ørsted A-S/2022-Orsted-Annual-Report-2022.pdf;Ørsted A/S;2022;00.00;[];0;0;0;0;2,70E+11;Fredericia;27/03/1972;6179.00.00;;77673000000.0
28;ORSTED.CO;Oersted A/S;Denmark;Denmark;OMX Nordic Exchange Copenhagen A/S;DK0060094928;W9NG6WMZIYEU8VEDOG48;36213728.0;09/06/2016;09/06/2016;Utilities;Electricity;Alternative Electricity;04.00;;;;36;ALL_COMPANIES/Ørsted A-S/2021-Annual-report-2021.pdf;Ørsted A/S;2021;00.00;[];0;0;0;0;1,97E+11;Fredericia;27/03/1972;6526.00.00;;50151000000.0
29;ORSTED.CO;Oersted A/S;Denmark;Denmark;OMX Nordic Exchange Copenhagen A/S;DK0060094928;W9NG6WMZIYEU8VEDOG48;36213728.0;09/06/2016;09/06/2016;Utilities;Electricity;Alternative Electricity;04.00;;;;39;ALL_COMPANIES/Ørsted A-S/2020-Annual report 2020-2.pdf;Ørsted A/S;2020;00.00;['For example, Ørsted is using advanced data \nanalytics and machine learning to achieve \noperations and maintenance cost reductions \nas well as annual energy production uplift. \nCalendar-based maintenance schedules are \nbeing substituted for a data-driven \xadapproach. \nThis way, if an asset does not require \n\xadphysical maintenance at the scheduled time \nand can be inspected remotely, we avoid \nunnecessary\u202fcosts.\n'];1;4;2;7;1,93E+11;Fredericia;27/03/1972;;;70398000000.0
30;VWS.CO;Vestas Wind Systems A/S;Denmark;Denmark;OMX Nordic Exchange Copenhagen A/S;DK0061539921;549300DYMC8BGZZC8844;10403782.0;29/04/1998;30/04/1998;Energy;Alternative Energy;Renewable Energy Equipment;05.00;Has merged to Novonesis: only 2024 and 2025 reports avalible - let's disregard;;;50;ALL_COMPANIES/Vestas Wind Systems A-S/2025-Vestas Annual Report 2025.pdf;Vestas Wind Systems A/S;2025;0.006688863785005;['In this context, Vestas continues to advance a clear narrative for our \ncustomers: wind energy is affordable, secure and sustainable. \nFor nearly a decade, wind has been competitive with all other energy \nsources, and today, combined with solar and battery storage, wind is \nmore cost-competitive than fossil fuels and nuclear power. As electri-\nfication accelerates and AI-driven demand surges, speed and scala-\nbility are becoming critical advantages. Wind power delivers inde-\npendence and affordability while enabling rapid deployment, all of \nwhich is key to meeting growing energy needs and avoiding carbon \nlock-in.\n', 'We also conducted the Vestas Leadership Forum for our top 250 \nexecutives. Senior leaders worked on how to best strengthen \ncommercial thinking and value-chain mindset and leveraged  \nan AI-driven simulation game to accelerate learning and \ndecision-making. \n', 'Battery storage, data centres and AI use supporting demand\nTechnological developments, such as AI services and cloud \ncomputing, are also driving demand for electricity. In large econo-\nmies like the EU, China, and the USA, data centres account for 2-4 \npercent of electricity demand today, according to the IEA. Further, a \nsingle hyperscale data centre has annual electricity consumption \nequivalent to 350,000-400,000 electric cars.2 Wind power, \nperhaps coupled with battery storage solutions, may play a key role \nin supplying this growing demand for power.\n', '1\t Source: World Energy Outlook 2025, International Energy Agency (IEA). November 2025.\n2\t Source: IEA: “Artificial Intelligence” article on iea.org/topics.\n3\t \x07Source: Wood Mackenzie: Global wind power market outlook update: Q4 2025. November 2025.\n4\t Source: WoodMac Global wind turbine OEM 2024 market shares database. March 2025.\n', 'Electricity is the bedrock of modern society\nElectricity already underpins many crucial aspects of modern \neconomies and societies, and its role is only set to expand. Between \nnow and 2035, electricity demand is set to grow six times as fast  \nas overall energy demand driven by electric vehicles, air conditioning \nuse, digitalisation and AI, according to the International Energy \nAgency (IEA). The share of electricity in final energy consumption  \nis projected to double by 20501. It is a matter of national security.\n', 'In Europe, the need for independent power generation has arguably \nnever been greater, as electricity prices linger above pre\xad-Covid levels \nand energy security remains a key concern. Encouragingly, permit-\nting processes are improving in several European countries. As an \nexample, the German market had 14.4 GW of onshore wind awarded \nthrough their auction systems in 2025.1 However, there is still work \nto be done, and some European auctions still fail or remain \nundersubscribed. \n \nIn the USA, there is customer interest in building affordable, readily \ndeployable, and sustainable power generation. With an onshore \norder backlog in the USA of 6.8 GW (2024: 7.5 GW), and our local \nmanufacturing footprint centered in Colorado, Vestas is strongly \npositioned to benefit from the buildout in this market in the coming \nyears. In 2025, the US market for onshore wind was characterised \nby changes to legislation and tariffs, with developers still awaiting \nclarity on certain policy issues. Nevertheless, there remain strong \nfundamental drivers of wind power deployment in the USA, in \nparticular the fast-growing electricity demand linked to the rise  \nof AI and the buildout of data centres, which should ultimately  \nhelp shape consumer behaviour and influence decision-makers.\n', 'Attractive market outlook towards 2030\nOnshore wind’s position in the future energy system continues to \nstrengthen in outlook with our adressable onshore market expected \nto reach 65 GW by 2030, according to Wood Mackenzie.1 These \nprojections are linked to new policy frameworks in the EU, the USA, \nand Australia, and increased electricity demand driven by economic \ngrowth, rising living standards, and advancement in AI technology \nand data centre buildout. The improved renewable auction designs \nin Germany, the UK, and other markets, are also designed to \naccelerate the energy transition and create sustainable jobs  \nwithin the sector. \n', 'Furthermore, the development of Virtual Technician – an AI-driven \nplatform that combines augmented reality with a guided way of \nworking – will support global scalability and improve operational \nexcellence across all Service teams. Delivering on the recovery plan \nwill allow us to reap the full benefit of our unparalelled backlog. \n'];5;4;3;12;24644000000;Aarhus;01/09/1986;30586.0;592500000.0;17295000000.0
31;VWS.CO;Vestas Wind Systems A/S;Denmark;Denmark;OMX Nordic Exchange Copenhagen A/S;DK0061539921;549300DYMC8BGZZC8844;10403782.0;29/04/1998;30/04/1998;Energy;Alternative Energy;Renewable Energy Equipment;05.00;Has merged to Novonesis: only 2024 and 2025 reports avalible - let's disregard;;;47;ALL_COMPANIES/Vestas Wind Systems A-S/2024-Vestas Annual Report 2024-2.pdf;Vestas Wind Systems A/S;2024;0.0026201159401303;['Grasping opportunities and delivering on our promises\nOverall, our strategy is working, and when we get our four business ar-\neas firing on all cylinders, we have a tremendous opportunity to help \nbuild affordable, resilient and sustainable energy systems while deliv-\nering shareholder value. The world’s energy demand continues to grow \nthrough electrification, increasing living standards and new technolo-\ngies such as AI, and the outlook for wind energy remains strong. \n', '3\t\nSource: International Energy Agency (IEA): “Artificial Intelligence” article on iea.org/topics.\n4\t\n\x07Adapted from Wood Mackenzie: Global wind power market outlook update: Q4 2024. December 2024. Data excluding China.\n', 'Data centres and AI boom driving demand for new power solutions\nTechnological developments, such as AI services and cloud com\xad- \nputing, are also driving demand for electricity. In large economies \nlike the EU, China and the USA, data centres account for 2-4 percent \nof electricity demand today, according to the IEA. Further, a single \nhyperscale data centre has annual electricity consumption equivalent \nto 350,000-400,000 electric cars.3 Wind power, perhaps coupled \nwith battery storage solutions, may play a key role in supplying this \ngrowing demand for power.\n'];4;0;0;4;22514000000;Aarhus;01/09/1986;28438.0;380666670.0;15382000000.0
32;VWS.CO;Vestas Wind Systems A/S;Denmark;Denmark;OMX Nordic Exchange Copenhagen A/S;DK0061539921;549300DYMC8BGZZC8844;10403782.0;29/04/1998;30/04/1998;Energy;Alternative Energy;Renewable Energy Equipment;05.00;Has merged to Novonesis: only 2024 and 2025 reports avalible - let's disregard;;;48;ALL_COMPANIES/Vestas Wind Systems A-S/2023-Annual Report 2023.pdf;Vestas Wind Systems A/S;2023;0.0037919484295013;"['Vestas is the global market leader in \nService within wind power with around \n15,000 employees across 77 countries. \nOur people service 152 GW for our \ncustomers on long-term subscription-\xad\nbased contracts leveraging our digital \nand AI capabilities. \n\u2005Development\n', ""Our size and scale remain a key differentiator in providing customer-\xad\ncentric solutions and improving efficiency and profitability. The \ncon\xadtinued expansion and scalability of our Service business remains \nparamount to realising our full potential in this area. Our Service \nbusiness growth also remains closely aligned to annual new capacity \nvolumes. It also provides our customers with opportunities to \nstrengthen their sustainability performance, and digitalise asset \nmanagement and planning around spare parts and repair solutions, \nleveraging Vestas' digital and AI capabilities as we strive to make our \noperations more efficient and carbon neutral by 2030. \n"", 'Customers worldwide continue to appreciate Vestas’ service offer- \nings, and our strengths within digital solutions and AI, as evidenced \nby our Service order backlog, which stood at EUR 34.1bn at the end \nof 2023. Our annual Customer Loyalty Survey results also continued \nwith high scores. The average contract duration in the backlog is \nstable at 11 years.\n']";2;4;3;9;20090000000;Aarhus;01/09/1986;29427.0;423000000.0;14486000000.0
33;VWS.CO;Vestas Wind Systems A/S;Denmark;Denmark;OMX Nordic Exchange Copenhagen A/S;DK0061539921;549300DYMC8BGZZC8844;10403782.0;29/04/1998;30/04/1998;Energy;Alternative Energy;Renewable Energy Equipment;05.00;Has merged to Novonesis: only 2024 and 2025 reports avalible - let's disregard;;;49;ALL_COMPANIES/Vestas Wind Systems A-S/2022-Vestas Annual Report 2022.pdf;Vestas Wind Systems A/S;2022;00.00;['Being a global leader in sustainable energy solutions means we pos- \n\xadsess the most extensive knowledge about wind power in the industry. \nBy leveraging our Cloud solution and using machine learning, we \nhave been able to significantly improve the value of our data and con\xad- \nsequently the quality and performance of our digital products and \nservices. \n'];2;3;2;7;19648000000;Aarhus;01/09/1986;29378.0;139000000.0;15587000000.0
34;VWS.CO;Vestas Wind Systems A/S;Denmark;Denmark;OMX Nordic Exchange Copenhagen A/S;DK0061539921;549300DYMC8BGZZC8844;10403782.0;29/04/1998;30/04/1998;Energy;Alternative Energy;Renewable Energy Equipment;05.00;Has merged to Novonesis: only 2024 and 2025 reports avalible - let's disregard;;;45;ALL_COMPANIES/Vestas Wind Systems A-S/2021-vestas-annual-report-2021.pdf;Vestas Wind Systems A/S;2021;00.00;[];0;0;0;0;18160000000;Aarhus;01/09/1986;25542.0;245200000.0;14819000000.0
35;VWS.CO;Vestas Wind Systems A/S;Denmark;Denmark;OMX Nordic Exchange Copenhagen A/S;DK0061539921;549300DYMC8BGZZC8844;10403782.0;29/04/1998;30/04/1998;Energy;Alternative Energy;Renewable Energy Equipment;05.00;Has merged to Novonesis: only 2024 and 2025 reports avalible - let's disregard;;;46;ALL_COMPANIES/Vestas Wind Systems A-S/2020-210210_01_Annual_Report_2020.pdf;Vestas Wind Systems A/S;2020;00.00;[];0;0;0;0;14331000000;Aarhus;01/09/1986;;241600000.0;12147000000.0
36;CARLb.CO;Carlsberg A/S;Denmark;Denmark;OMX Nordic Exchange Copenhagen A/S;DK0010181759;5299001O0WJQYB5GYZ19;;10/09/2008;01/10/1985;Consumer Staples;Beverages;Brewers;06.00;;;;120;ALL_COMPANIES/Carlsberg A-S/2025-carlsberg-group_2025-annual-report.pdf;Carlsberg A/S;2025;0.0062122948217071;"['Furthermore, we continued the roll-out of our new, advanced \nvalue management toolbox, which combines data sources with AI, \noptimising price, pack and promotions to improve gross margins.\n', 'We continuously optimise across our \nvalue chain to improve service and \nprofitability. We maximise asset \nutilisation and standardise processes and \nsystems to deliver timely data to support \ngrowth. We are building a unified digital \nfoundation and leveraging AI to drive \nefficiency and agility across the supply \nchain, back office and customer service.\n', 'We took field sales execution to the next level with the \nlaunch of our One Metric portal, which transforms real shelf \ndata and image recognition into actionable insights, offering \ncomprehensive reporting, trend spotting and real-time \nmonitoring, unlocking stronger sales execution for our 6,000 \nsales representatives, who make 19 million visits annually \nacross 29 markets. Future enhancements to the platform \nwill include digital shelf monitoring, real-time performance \ntracking and AI-driven predictive analytics. \n', 'Furthermore, we rolled out our advanced, data-driven value \nmanagement tool, VMx, into more markets. Built on cutting-\nedge machine learning, cloud computing and deep industry \nexpertise, VMx brings together a wide range of consumer-\nfocused data sources to deliver advanced, fact-based \ninsights. This gives us a deeper understanding of consumer \nbehaviour and enables our teams to run sophisticated \nsimulations on pricing, promotions and assortment.\n', 'OneOT is a real-time operational technology platform \nleveraging sensors, Gen AI and analytics for predictive \nmaintenance and efficiency.\n', 'OneLake is a centralised data marketplace enabling \nscalable AI and analytics for smarter decisions.\n', 'Carlsberg faces rapidly evolving changes across technology \nadoption and artificial intelligence, e-commerce and digital \nmarketing. Failure to respond and adapt could reduce \nefficiency, limit competitiveness and hinder growth \nopportunities.\n', 'The ongoing improvement programme includes a move away \nfrom legacy systems and fragmentation across the business, \ndata integration, infrastructure upgrades and further \napplication of AI throughout our organisation.\n', '• Review of Accelerate SAIL priorities and their execution.\n• The ESG programme Together Towards ZERO \nand\xa0Beyond.\n• R&D, innovation, brand portfolio and branding initiatives, \nquality, digital agenda and AI, and other strategic pillars.\n• Organic growth opportunities, including commercial \npriorities and three-year plans.\n• Review of inorganic growth opportunities and completing \nthe acquisition of Britvic.\n• Selected market and function deep dives.\n• Overseeing the continued embedding of cost focus and \nimplementation of cost programmes.\n• Monitoring capital structure, funding and dividends.\n', '2. Nutritional information: labels that include energy content \nin a linear format (e.g. ""Energy: 190 kJ/46 kcal per 100 ml""). \n', 'In 2025, we advanced our commitment to integrity by \nrefreshing the Code of Ethics & Conduct and streamlining \nour global policy framework. This initiative reflects our \nheritage and Growth Culture principles while ensuring \nclarity and accessibility for all employees. As part of this \neffort, we worked with colleagues across the business to \nstreamline global policies from 37 to 19, making them \nclearer on expected standards and non-negotiables, more \naccessible and directly linked to our principal risks. The \nrefreshed Code now features a modern, updated, \ninteractive design, a stronger alignment with our Growth \nCulture principles, and enhanced coverage of emerging \nrisks such as AI and digital ethics. The roll-out was truly \nglobal, with materials translated into 24 languages and \ntailored communication packs shared with leaders and \nmanagers across our business. Engaging campaigns and \ninteractive resources have driven awareness and \nexcitement across all functions. This initiative exemplifies \nour commitment to ethical leadership, inclusivity and \ncontinuous improvement, setting a new standard for how \nwe do business and empowering colleagues to navigate \nethical challenges with confidence.  \n']";5;4;4;13;1,13E+11;Copenhagen;02/01/1900;31044.0;;75011000000.0
37;CARLb.CO;Carlsberg A/S;Denmark;Denmark;OMX Nordic Exchange Copenhagen A/S;DK0010181759;5299001O0WJQYB5GYZ19;;10/09/2008;01/10/1985;Consumer Staples;Beverages;Brewers;06.00;;;;116;ALL_COMPANIES/Carlsberg A-S/2024-carlsberg-breweries-group_2024-annual-report.pdf;Carlsberg A/S;2024;0.0006921277390955;"['Building on our strong foundation, we are taking our \nvalue management capabilities to the next level. \nLeveraging machine learning and cloud computing, \nour enhanced value management toolbox allows \nimproved and more efficient utilisation of data. Using \ndata from multiple external and internal sources, such \nas shopper data, weather data, competitor pricing, \npromotional activities, customer data and internal \ndata, the enhanced toolbox will deliver more accurate \nand granular customer-level insights into elasticity \nand impact on product, brand and portfolio, enabling \nend-to-end simulations across pricing, promotions \nand assortment. We have started the roll-out of the  \ntoolbox, which we will continue in the coming years.\n', 'Can you leverage the power of \nGenAI across Carlsberg?\n', 'In the ever-evolving landscape of \ntechnology, GenAI stands out as a \nbeacon of innovation, driving efficiency \nand creativity across various industries. \nWhen I was working in Asia, we launched \nthe value proposition for GenAI together \nwith key markets in the region. As we \nintegrate GenAI tools into our daily \noperations, it is crucial for us to \nunderstand both the immense potential \nthey hold and the risks they entail. \n', 'We have launched a digital transformation \nprogramme that focuses on bringing the best \nof modern-day e-commerce capabilities to \nour customers. By leveraging advanced \nanalytics and AI capabilities, we aim to \ndeliver a personalised and seamless \nexperience to our customers, enabling them \nto grow their business. \n', 'The volume of fermented alcoholic beverages with labels featuring responsible drinking information is \ndivided by the total volume of fermented alcoholic beverages produced. The label content is categorised \ninto the following four areas:\n       1.       Ingredient information: Labels that provide a complete list of ingredients (e.g. water, malted \n                barley, malted oats, hops etc.).\n       2.      Nutritional information: Labels that include energy content in a linear format (e.g. ""Energy: \n                190 kJ/46 kcal per 100 ml"").\n       3.      Legal drinking age: Labels that display a clear symbol, text or both indicating the legal \n                drinking age, in compliance with national legislation. This metric also covers fermented \n                alcohol-free brews (AFBs).\n       4.      Consumer information: Labels that feature a clear symbol, text or both advising against \n                drinking and driving or consuming alcohol while pregnant.\n']";4;4;2;10;1,12E+11;Copenhagen;02/01/1900;30834.0;;73585000000.0
38;CARLb.CO;Carlsberg A/S;Denmark;Denmark;OMX Nordic Exchange Copenhagen A/S;DK0010181759;5299001O0WJQYB5GYZ19;;10/09/2008;01/10/1985;Consumer Staples;Beverages;Brewers;06.00;;;;119;ALL_COMPANIES/Carlsberg A-S/2023-carlsberg-group-2023-annual-report.pdf;Carlsberg A/S;2023;0.0043920810778166;"['Faced with an increasingly \ncompetitive environment, the need \nto digitise, analyse and optimise \nsales in stores has never been \ngreater. Image recognition powered \nby artificial intelligence (AI) enables \nus to turn images into insights to \nunlock the potential of every shelf \nacross all outlet channels and fuel \nour data-driven approach in sales \nexecution. More specifically, AI-\n', 'powered image recognition allows \nour sales teams to identify in-store \nperformance gaps and delivers real-\ntime actionable insights to increase \nrevenue opportunities at all points \nof sale; provides instant visibility \nin channels, brands, products and \ncompetitors to improve compliance \nand drive sales; reduces audit \ntime; and enables cost efficiencies. \nAdditionally, implementing image \nrecognition supports our culture \nof continuous improvement and \ninnovation. During the year, we \nbegan the roll-out of AI-powered \nimage recognition across Western \nEurope and Asia.\n']";4;4;3;11;1,15E+11;Copenhagen;02/01/1900;31058.0;;70265000000.0
39;CARLb.CO;Carlsberg A/S;Denmark;Denmark;OMX Nordic Exchange Copenhagen A/S;DK0010181759;5299001O0WJQYB5GYZ19;;10/09/2008;01/10/1985;Consumer Staples;Beverages;Brewers;06.00;;;;118;ALL_COMPANIES/Carlsberg A-S/2022-carlsberg-group-annual-report-2022.pdf;Carlsberg A/S;2022;00.00;[];0;0;0;0;1,26E+11;Copenhagen;02/01/1900;40010.0;;66634000000.0
40;CARLb.CO;Carlsberg A/S;Denmark;Denmark;OMX Nordic Exchange Copenhagen A/S;DK0010181759;5299001O0WJQYB5GYZ19;;10/09/2008;01/10/1985;Consumer Staples;Beverages;Brewers;06.00;;;;117;ALL_COMPANIES/Carlsberg A-S/2021-carlsberg-goup-annual-report-2021.pdf;Carlsberg A/S;2021;00.00;[];0;0;0;0;1,19E+11;Copenhagen;02/01/1900;41248.0;;58541000000.0
41;CARLb.CO;Carlsberg A/S;Denmark;Denmark;OMX Nordic Exchange Copenhagen A/S;DK0010181759;5299001O0WJQYB5GYZ19;;10/09/2008;01/10/1985;Consumer Staples;Beverages;Brewers;06.00;;;;121;ALL_COMPANIES/Carlsberg A-S/2020-carlsberg-group-annual-report-2020_final.pdf;Carlsberg A/S;2020;00.00;[];0;0;0;0;1,23E+11;Copenhagen;02/01/1900;;;65902000000.0
42;COLOb.CO;Coloplast A/S;Denmark;Denmark;OMX Nordic Exchange Copenhagen A/S;DK0060448595;529900NN7SOJ5QG82X67;;01/01/1983;02/01/1985;Health Care;Medical Equipment and Services;Medical Supplies;07.00;1;1 October 2024 - 30 September 2025;;40;ALL_COMPANIES/Coloplast A-S/11_2025_annual_report_2024-25.pdf;Coloplast A/S;2025;0.0163659818626412;"['Impact4 focuses on four priorities: delivering \ninnovative customer offerings, driving next-level \nefficiency, leveraging technology - including AI - to \nenhance user experience and scale, and fostering a \nhigh-performance, sustainable culture. \n', 'We are making a significant, company-wide \ncommitment to technology, including AI, during \nImpact4; one of the most important enablers for \ndelivering a better user experience and driving scale. \n', 'Over the next five years, we will invest substantially in \ndedicated technology programs, with a strong focus on \nAI, to enhance the customer experience and drive \nefficiency across the company.\n', 'Towards our customers, we will advance the user \nexperience by accelerating automation and AI to \nenable a step-up in service and deliver a best-in-class \nuser experience.\n', 'We will likewise enable transformation in Global \nOperations through increased efficiency and enhanced \nproductivity, utilising technology and AI.\n', 'combination of technologies, and digital solutions, with \ninvestments in AI and app development to connect the \nproduct sales cycle deep into customers and insurance \ncompanies IT systems and operating processes. We will \ncontinue to innovate in existing indications and explore \nnew ones, while expanding globally by leveraging the \ncombined infrastructure.\n', 'Data & AI ethics policy\n', 'The Board of Directors has adopted a Data & AI Ethics \nPolicy in accordance with § 99(d) of the Danish \nFinancial Statements Act, applicable to all Coloplast \ngroup companies. More information on data ethics in \naccordance with §99d is presented in the \nSustainability Statement on page 95.\n', 'Coloplast operates in a dynamic information risk environment with regulatory and \nlegislative data compliance obligations. Business operations depend on a wide range \nof information technology systems, operational technology systems, people, and \nsuppliers. Coloplast processes highly confidential information and legally protected \npersonal health information through multiple channels and sell digitally connected \ndevices. Coloplast follows the ISO 27001 standard to drive improvement and validate \nperformance of the Information Security Management System (ISMS) through audits \nand risk management. While artificial intelligence (AI) is mentioned as a risk example, \nwe also recognise its use as a security enabler.\n', '•\nNational cybersecurity and data privacy laws challenge \ninformation technology cost efficiency and scalability strategy.\n•\nAI and social engineering methods used by cybercriminals to \nbypass security monitoring system.\n•\nCybercrime like phishing and CEO fraud.\n•\nIndirect and direct business disruptions triggered by suppliers.\n•\nIT security risk increasing due to geopolitical tensions.\n', 'The Global Personal Data Policy and Digital, Data & IT \nPolicy are accessible to internal employees via our \nintranet. The Binding Corporate Rules and Data & AI \nEthics Policy are publicly available on our website. \n', 'Data & AI Ethics Policy\n', 'The objective of this policy is to lay out the principles \nand boundaries for how Coloplast can work safely with \ndata, as well as how Coloplast can explore and make \nuse of AI technologies safely and ethically. Coloplast \ngroup CEO is responsible for the approval of the policy, \nand the Group Data Protection Officer oversees the \nimplementation of this policy. As part of Coloplast’s \ninformation security management system, the Data & \nAI Ethics Policy supports compliance with GDPR and \nISO27001. The policy is formalised with consideration \nfor our key stakeholders’ right to privacy and \nColoplast’s compliance with applicable data privacy \nlaw. \n', '•\nWeek 1: Phishing\n•\nWeek 2: Protecting data\n•\nWeek 3: Artificial Intelligence (AI)\n•\nWeek 4: CITA Training\n']";4;4;4;12;48367000000;Humlebaek;04/09/1957;15692.0;1066333330.0;27874000000.0
43;COLOb.CO;Coloplast A/S;Denmark;Denmark;OMX Nordic Exchange Copenhagen A/S;DK0060448595;529900NN7SOJ5QG82X67;;01/01/1983;02/01/1985;Health Care;Medical Equipment and Services;Medical Supplies;07.00;1;1 October 2024 - 30 September 2025;;44;ALL_COMPANIES/Coloplast A-S/07_2024_annual_report_2023-24.pdf;Coloplast A/S;2024;0.0024155172830261;"['*) Lujatm male has close to no flow stops and complete bladder emptying is defined as <10 mL (Landauro MH et al (2023), DOI: 10.3390/jcm12165266, N=42). Individual results may vary. **) Luja™ female ensured zero flow stops in 87% of catheterisations & <10 ml residual urine at first flow stop in 83% \nof catheterisations (RCTs, post-hoc, nct05841004, n=""73,"" & nct05814211, n=""82)."" Thiruchelvam et al. 2024. DOI: 10.12968/bjon.2024.0212. individual results may vary. 1) Averbeck et al. (2023). DOI: 10.12968/bjon.2023.32.18.S8 2) Kennelly et al. (2019). DOI: 10.1155/2019/2757862 3) Landauro et \nal. (2023). DOI: 10.3390/jcm12165266 4) Thiruchelvam et al. (2024). DOI: 10.12968/bjon.2024.0212 5) EAUN-Guideline-2024  6) Compared to SpeediCath® Compact Eve. Based on externally reviewed carbon footprint according to ISO14067. 7) Product design, use and local waste management specifics \nmay limit recyclability. \n', 'Coloplast operates in a dynamic information risk environment with regulatory and legislative \ndata compliance obligations. Business operations depend on a wide range of information tech-\nnology systems, operational technology systems, people, and suppliers. The company pro-\ncesses highly confidential information and legally protected personal health information \nthrough multiple channels and sell digitally connected devices like Heylo. Coloplast follows the \nISO 27001 to drive improvement and validate performance of the Information Security Man-\nagement System (ISMS) through audits and risk management. While AI is mentioned as a risk \nexample, we also recognise its use as a security enabler. \n', '• \nNational cybersecurity and data privacy laws challenge infor-\nmation technology cost efficiency and scalability strategy. \n• \nAI and social engineering methods used by cybercriminals to \nbypass security monitoring system.  \n• \nCybercrime like phishing and CEO Fraud. \n• \nIndirect and direct business disruptions triggered by suppliers. \n']";1;0;0;1;48073000000;Humlebaek;04/09/1957;14572.0;1086000000.0;27030000000.0
44;COLOb.CO;Coloplast A/S;Denmark;Denmark;OMX Nordic Exchange Copenhagen A/S;DK0060448595;529900NN7SOJ5QG82X67;;01/01/1983;02/01/1985;Health Care;Medical Equipment and Services;Medical Supplies;07.00;1;1 October 2024 - 30 September 2025;;42;ALL_COMPANIES/Coloplast A-S/coloplasts-annual-report-2022-23.pdf;Coloplast A/S;2023;0.003744944325161;['Description \nColoplast operates in a dynamic \ninformation risk environment with \nregulatory and legislative data \ncompliance obligations and depend on a \nwide range of information and  \noperational technology systems (IT and \nOT), people, and suppliers to manage \nthe business. The company processes \nhighly confidential information and \nlegally protected personal health \ninformation and the product portfolio \ninclude digitally connected products, like \nHeylo™. \n \nLike previous years, there has been no \nmaterial impact on our business from \ncyberattacks in 2022/23. \n \nArtificial intelligence (AI) introduces new \nthreat parameters and currently there is \nongoing evaluation investigating how \nthis will impact the information security \nrisk landscape as well as where future \nbusiness opportunities can be leveraged. \nColoplast has published internal \nguidelines to outline accepted rules of \nengagement when using publicly \navailable AI services. \n \n'];3;1;1;5;48159000000;Humlebaek;04/09/1957;12728.0;1032260000.0;24500000000.0
45;COLOb.CO;Coloplast A/S;Denmark;Denmark;OMX Nordic Exchange Copenhagen A/S;DK0060448595;529900NN7SOJ5QG82X67;;01/01/1983;02/01/1985;Health Care;Medical Equipment and Services;Medical Supplies;07.00;1;1 October 2024 - 30 September 2025;;43;ALL_COMPANIES/Coloplast A-S/annual-report2021-22.pdf;Coloplast A/S;2022;00.00;[];0;0;0;0;37446000000;Humlebaek;04/09/1957;12427.0;957260000.0;22579000000.0
46;COLOb.CO;Coloplast A/S;Denmark;Denmark;OMX Nordic Exchange Copenhagen A/S;DK0060448595;529900NN7SOJ5QG82X67;;01/01/1983;02/01/1985;Health Care;Medical Equipment and Services;Medical Supplies;07.00;1;1 October 2024 - 30 September 2025;;41;ALL_COMPANIES/Coloplast A-S/07_2021_annual_report_2020-21.pdf;Coloplast A/S;2021;0.0019515241403536;['COVID-19 has accelerated digital \ntrends \nWhat we have witnessed over the past \nyear is an acceleration of the digital \ntransformation and we will not run our \ncompany the same way again. \nTriggered by the pandemic, healthcare \nprofessionals have been profoundly \nimpacted by the shift to remote work, \nour employees found new ways of \nworking and consumers became reliant \non strong digital offerings. Coloplast has \nresponded in turn and invested in digital \ntools, data security and artificial \nintelligence that will help us excel in a \nmore digitised environment. \n \nSolid 2020/21 results \nDespite COVID-19, we delivered a \nstrong set of numbers with 7% organic \ngrowth, 33% EBIT margin before special \nitems and 45% return on invested \ncapital after tax (before special items). \nCOVID-19 had a large impact on our \nchronic care business, but on a positive \nnote, the growth in new patients is \nrecovering. Our smaller business areas, \nInterventional Urology and Wound & \nSkin Care, made a strong recovery this \nyear as elective procedures and hospital \nactivity resumed. Across all business \nareas we once again gained market \nshares. The strong EBIT margin was \nsupported by the successful execution \nof our Global Operations Plans. We \ncontinued to invest in innovation and \ncommercial growth initiatives, in \nparticular in the US and China, as well \nas digital initiatives. Importantly, our \nemployees remained engaged and our \nmost recent employee engagement \nscore was again above the benchmark. \n \nStrive25 – Sustainable Growth \nLeadership \nLast year, we announced our new \nstrategy, Strive25, with a clear \n'];3;2;0;5;15841000000;Humlebaek;04/09/1957;12074.0;827612500.0;19426000000.0
47;GMAB.CO;Genmab A/S;Denmark;Denmark;OMX Nordic Exchange Copenhagen A/S;DK0010272202;529900MTJPDPE4MHJ122;;01/10/2000;18/10/2000;Health Care;Pharmaceuticals and Biotechnology;Biotechnology;07.00;;;;530;ALL_COMPANIES/Genmab A-S/Genmab Annual Report 2025.pdf;Genmab A/S;2025;0.0063845894252957;"['•\nPartnership with ChatGPT to launch \n“AI Everywhere,” providing ChatGPT \naccess to our teams\n', 'Translational \nand precision \nmedicine, data \nscience and artificial \nintelligence (AI)\n', 'At Genmab, we are inspired by nature and understand \nhow antibodies work. We are deeply knowledgeable about \nantibody biology and our scientists harness this expertise to \ncreate and develop differentiated investigational antibody \nmedicines. We utilize a sophisticated and highly automated \nprocess to efficiently generate, select, produce, and evaluate \nantibody-based products. Our teams have established a fully \nintegrated R&D enterprise and streamlined process to \ncoordinate the activities of antibody product discovery, \npreclinical testing, manufacturing, clinical trial design and \nexecution, and regulatory submissions across Genmab’s \ninternational operations. We have expanded our scientific focus \nto use data science and AI to aid in the discovery of new targets \nand biomarkers and bolster our in-depth precision medicine and \ntranslational laboratory capabilities. Through our expertise in \nantibody drug development, we pioneer technologies that allow \nus to create differentiated and potentially first-in-class or best-\nin-class investigational medicines with the potential to improve \npatients’ lives. Our antibody expertise has enabled us to create \nour cutting-edge technology platforms: DuoBody, HexaBody, \nDuoHexaBody® and HexElect®. With our acquisition of \nProfoundBio we gained novel ADC technology platforms. \nWe gained additional proprietary technology platforms as part of \nour acquisition of Merus. Additional information about our \ntechnologies is available on Genmab’s website, genmab.com/\nantibody-science/antibody-technology-platforms.\n', ""1. Lymphoma Research Foundation official \nwebsite. lymphoma.org/aboutlymphoma/nhl/fl/. \nAccessed November 4, 2025.\n2. Leukemia & Lymphoma Society. lls.org/\nresearch/follicular-lymphoma-fl. Accessed \nNovember 4, 2025.\n3. Ghione P, Palomba ML, Ghesquieres H, et al. \nTreatment patterns and outcomes in relapsed/\nrefractory follicular lymphoma: results from the \ninternational SCHOLAR-5 study. \nHaematologica. 2023;108(3):822-832. doi: \n10.3324/haematol.2022.281421.\n4. Al-Tourah AJ, Gill KK, Chhanabhai M, et al. \nPopulation-based analysis of incidence and \noutcome of transformed non-Hodgkin's \nlymphoma. J Clin Oncol. 2008 Nov \n10;26(32):5165-9. doi: 10.1200/\nJCO.2008.16.0283. Epub 2008 Oct 6. \nPMID: 18838711.\n5. Rivas-Delgado A, Magnano L, Moreno-\nVelázquez M, et al. Response duration and \nsurvival shorten after each relapse in patients \nwith follicular lymphoma treated in the rituximab \nera. Br J Haematol. 2018;184(5):753-759. \ndoi:10.1111/bjh.15708.\n"", 'Data Ethics Principles should be \noperationalized through effective governance, \nclear standards, training, monitoring activities, \nand disciplinary sanctions. Genmab will \ncontinue to focus on these principles, \nparticularly in the areas of data privacy, DE&I, \nclinical trials, and the application of new \ntechnologies (e.g., AI and Machine Learning), \nwhere policies, processes, and training \nmaterials will be aligned with the \nabove-mentioned principles. The Genmab Data \nEthics policy and its principles are anchored in \nthe Genmab Code of Conduct as part of the \noverall Genmab Compliance program.\n', 'Please refer to Note 4.6 of the financial statements for additional information regarding share-based compensation.\nCybersecurity \nGenmab may be subject to malicious cyber attacks, \nand with the increased use of artificial intelligence \nwithin the biopharmaceutical industry, can lead to \nthe theft or leakage of intellectual property, sensitive \nbusiness data, or personal employee or patient data, \nwith the result of significant business disruptions, \nnegative impacts to patient or employee privacy, \nmonetary loss or fines from authorities, or \nreputational damage.\n', 'Learning & Development: Leveraged multiple skills-based in-person \nworkshops and digital learning paths for employees focused on specific skill \ndevelopment with focus areas including leadership, digital and AI, feedback, \nstrategic planning, advance Excel skills, leading different generations, informal \nleadership, and business communications.\n']";4;3;3;10;6414000000;Valby;11/06/1998;2204.00.00;1567250830.0;3122367830.0
48;GMAB.CO;Genmab A/S;Denmark;Denmark;OMX Nordic Exchange Copenhagen A/S;DK0010272202;529900MTJPDPE4MHJ122;;01/10/2000;18/10/2000;Health Care;Pharmaceuticals and Biotechnology;Biotechnology;07.00;;;;532;ALL_COMPANIES/Genmab A-S/Genmab Annual Report 2024.pdf;Genmab A/S;2024;0.0083367375011463;"['•\tPartnership with ChatGPT to launch “AI \nEverywhere,” providing ChatGPT access to \nmore than 2,000 colleagues\n', 'Translational and \nprecision medicine, \ndata science and  \nartificial intelligence (AI):\n', 'https://lymphoma.org/aboutlymphoma/nhl/fl/. \nAccessed November 22, 2024.\n2.\t\x07Leukemia & Lymphoma Society. https://www.lls.\norg/research/follicular-lymphoma-fl. Accessed \nNovember 22, 2024.\n3.\t\x07Ghione P, Palomba ML, Ghesquieres H, et al. \nTreatment patterns and outcomes in relapsed/\nrefractory follicular lymphoma: results from the \ninternational SCHOLAR-5 study. Haematologica. \n2023;108(3):822-832. doi: 10.3324/\nhaematol.2022.281421.\n4.\t\x07Rivas-Delgado A, Magnano L, Moreno-Velázquez M, \net al. Response duration and survival shorten after \neach relapse in patients with follicular lymphoma \ntreated in the rituximab era. Br J Haematol. \n2018;184(5):753-759. doi:10.1111/bjh.15708.\n5.\t\x07Al-Tourah AJ, Gill KK, Chhanabhai M, et al. \nPopulation-based analysis of incidence and \noutcome of transformed non-Hodgkin’s lymphoma. \nJ Clin Oncol. 2008 Nov 10;26(32):5165-9. doi: \n10.1200/JCO.2008.16.0283. Epub 2008 Oct 6. \nPMID: 18838711.\n', 'Genmab will continue to focus on these \nprinciples, particularly in the areas of \ndata privacy, DE&I, clinical trials, and the \napplication of new technologies (e.g., Artificial \nIntelligence and Machine Learning), where \npolicies, processes, and training materials \nwill be aligned with the above-mentioned \nprinciples. The Genmab Data Ethics policy \nand its principles are anchored in the Genmab \nCode of Conduct as part of the overall Genmab \nCompliance program.\n', 'Cybersecurity \nGenmab may be subject to malicious cyber \nattacks, and with the increased use of artificial \nintelligence within the biopharmaceutical \nindustry, can lead to the theft or leakage \nof intellectual property, sensitive business \ndata, or personal employee or patient \ndata, with the result of significant business \ndisruptions, negative impacts to patient or \nemployee privacy, monetary loss or fines from \nauthorities, or reputational damage.\n', 'Learning & Development\nIn 2024, Genmab created multiple skills-based \nlearning paths for team members focusing on \nspecific skill development with focus areas \nincluding digital and AI, feedback, strategic \nplanning, advance excel skills, leading different \ngenerations, informal leadership, and business \ncommunications.\n', 'AI in learning\nIn 2024, Genmab focused on the usage of AI in \nlearning to increase usability, course suggestions, \nand our collaboration with our learning providers.\n', '•\tOur third annual Science Day in 2024 brought \ntogether 29 leaders from 24 organizations and \nsix patient advisors for 1.5 days of scientific \ndiscussion and knowledge exchange. Our second \nannual Science Day in 2023 brought together \n32 representatives from patient advocacy and \nprofessional groups, our Patient Advisory Council \nand Genmab team members to share information \nabout our respective work to inform how we \ncan best address the needs of patients and \ntheir care partners. Topics included AI, and the \n', 'The policy and its principles are anchored in our \nCode of Conduct as part of our overall Compliance \nprogram, and has been communicated to our \nmanagement so they can share and consider \nit with team members. Over the past year, we \nfocused on further embedding these principles \ninto our operations, particularly in the areas of \ndata privacy, DE&I, clinical trials, and the applica-\ntion of new technologies such as AI and machine \nlearning. This goal was supported by efforts to \nevolve our data privacy governance model into a \nforward-looking and comprehensive global data \nprivacy program. Genmab, in 2025, will continue \nto optimize and enhance its approach to respon-\nsible and ethical use of data in its operations \nthrough continued transformation of and invest-\nment in its global data privacy program. There \nwere no substantiated complaints concerning \n']";4;3;4;11;5224748184;Valby;11/06/1998;1660.00.00;1206483230.0;2391184630.0
49;GMAB.CO;Genmab A/S;Denmark;Denmark;OMX Nordic Exchange Copenhagen A/S;DK0010272202;529900MTJPDPE4MHJ122;;01/10/2000;18/10/2000;Health Care;Pharmaceuticals and Biotechnology;Biotechnology;07.00;;;;535;ALL_COMPANIES/Genmab A-S/Genmab 2023 Annual Report.pdf;Genmab A/S;2023;0.0053674704453658;['Precision medicine, \ndata science and \nartificial intelligence\n', 'At Genmab, we are inspired by nature and \nunderstand how antibodies work. We are deeply \nknowledgeable about antibody biology and our \nscientists harness this expertise to create and \ndevelop differentiated investigational antibody \nmedicines. We utilize a sophisticated and highly \nautomated process to efficiently generate, select, \nproduce, and evaluate human antibody-based \nproducts. Our teams have established a fully inte-\ngrated R&D enterprise and streamlined process \nto coordinate the activities of antibody product \ndiscovery, preclinical testing, manufacturing, \nclinical trial design and execution, and regulatory \nsubmissions across Genmab’s international oper-\nations. We have expanded our scientific focus to \nuse data science and artificial intelligence to aid \nin the discovery of new targets and biomarkers \nand bolster our in-depth precision medicine and \ntranslational laboratory capabilities. Through \nour expertise in antibody drug development, \nwe pioneer technologies that allow us to create \ndifferentiated and potentially first-in-class or \nbest-in-class investigational medicines with the \npotential to improve patients’ lives. Our antibody \nexpertise has enabled us to create our cutting-\nedge technology platforms: DuoBody, HexaBody, \nDuoHexaBody® and HexElect®.\n', 'Genmab will continue to focus on these princi-\nples, particularly in the areas of data privacy, \nDE&I, clinical trials, and the application of new \ntechnologies (e.g., Artificial Intelligence and \nMachine Learning), where policies, processes, \nand training materials will be aligned with the \nabove-mentioned principles. The Genmab Data \nEthics policy and its principles are anchored \nin the Genmab Code of Conduct as part of the \noverall Genmab Compliance program.\n', 'Cybersecurity \nGenmab may be subject to malicious cyber attacks, and \nwith the increased use of artificial intelligence within the \nbiopharmaceutical industry, can lead to the theft or leakage \nof intellectual property, sensitive business data, or personal \nemployee or patient data, with the result of significant \nbusiness disruptions, monetary loss or fines from authorities, \nor reputational damage.\n'];4;2;1;7;4335720407;Valby;11/06/1998;1212.00.00;931926700.0;2061470780.0
50;GMAB.CO;Genmab A/S;Denmark;Denmark;OMX Nordic Exchange Copenhagen A/S;DK0010272202;529900MTJPDPE4MHJ122;;01/10/2000;18/10/2000;Health Care;Pharmaceuticals and Biotechnology;Biotechnology;07.00;;;;533;ALL_COMPANIES/Genmab A-S/220223_CA05_Genmab_2022_Annual_Report.pdf;Genmab A/S;2022;0.0027400638434875;"['To connect patients with the right medicine at \nthe right dose, we are also transforming Genmab; \nbuilding on our world-class research in antibodies \nto expand our capabilities beyond the lab. We \nhave expanded our scientific focus to use data \nscience and artificial intelligence to aid in the \ndiscovery of new targets and biomarkers and \nbolster our in-depth translational medicine labo-\nratory capabilities.\n', 'The Genmab Data Ethics policy has been \ncommunicated to our management for further \ndistribution and consideration within Genmab’s \nvarious departments. During 2023, Genmab will \nfocus on further embedding these principles into \nits operations, particularly in the areas of data \nprivacy, DE&I, clinical trials, and the application \nof new technologies (e.g., Artificial Intelligence \nand Machine Learning), where policies, processes, \nand training materials will be aligned with the \nabove-mentioned principles. Going forward, the \nGenmab Data Ethics policy and its principles will \nbe anchored in the Genmab Code of Conduct as \npart of the overall Genmab Compliance program.\n']";4;3;4;11;3765320538;Valby;11/06/1998;781.00.00;786807300.0;1348349610.0
51;GMAB.CO;Genmab A/S;Denmark;Denmark;OMX Nordic Exchange Copenhagen A/S;DK0010272202;529900MTJPDPE4MHJ122;;01/10/2000;18/10/2000;Health Care;Pharmaceuticals and Biotechnology;Biotechnology;07.00;;;;531;ALL_COMPANIES/Genmab A-S/160222_Genmab_2021_Annual_Report.pdf;Genmab A/S;2021;0.0012344612194007;['At Genmab, we are inspired by nature and understand how \n\xadantibodies work. We are deeply knowledgeable about antibody \nbiology and our scientists exploit this expertise to create and \ndevelop differentiated investigational medicines. We utilize a \nsophisticated and highly automated process to efficiently generate, \nselect, produce and evaluate human antibody-based products. \nOur research and development teams have established a fully \nintegrated R&D enterprise and streamlined process to coordinate \nthe activities of antibody product discovery, preclinical testing, \nmanufacturing, clinical trial design and execution and regulatory \nsubmissions across Genmab’s international operations. Through our \nexpertise in antibody drug development, we pioneer technologies \nthat allow us to create differentiated and potentially first-in-class \nor best-in-class investigational medicines with the potential to \nimprove patients’ lives. Our antibody expertise has enabled us to \ncreate our cutting-edge technology platforms: DuoBody, HexaBody, \nDuoHexaBody and HexElect. We are also transforming ourselves \nby building on our world-class research in antibodies to expand \nour\xa0capabilities beyond the lab. We have expanded our scientific \nfocus to use data science and artificial intelligence to discover \nnew targets and biomarkers and bolster our in-depth translational \nmedicine laboratory capabilities. All of this is in an effort to get \nthe\xa0right medicine to the right patient at the right dose.\n'];4;2;3;9;3470390877;Valby;11/06/1998;548.00.00;657771090.0;1546619000.0
52;GMAB.CO;Genmab A/S;Denmark;Denmark;OMX Nordic Exchange Copenhagen A/S;DK0010272202;529900MTJPDPE4MHJ122;;01/10/2000;18/10/2000;Health Care;Pharmaceuticals and Biotechnology;Biotechnology;07.00;;;;534;ALL_COMPANIES/Genmab A-S/230221_CA10_Genmab_AR20.pdf;Genmab A/S;2020;0.001244245365186;['We are also transforming ourselves by building on our world-class \nresearch in antibodies to expand our capabilities beyond the lab. \nWe have expanded our scientific focus to use data science and \nartificial intelligence to discover new targets and biomarkers and \nbolster our in-depth translational medicine laboratory capabilities. \nAll of this is in an effort to get the right antibody product to the right \npatient at the right dose.\n'];4;3;3;10;2273190120;Valby;11/06/1998;;436599780.0;804476090.0
53;TRYG.CO;Tryg A/S;Denmark;Denmark;OMX Nordic Exchange Copenhagen A/S;DK0060636678;213800ZRS8AC4LSTCE39;;14/10/2005;14/10/2005;Financials;Non-life Insurance;Full Line Insurance;08.00;;;;105;ALL_COMPANIES/Tryg A-S/Annual Report 2025 - TRYG A_S_1.pdf;Tryg A/S;2025;0.0102796933224825;"[""Tryg gains a competitive and future-ready CX \nsolution that unifies all customer interactions \nacross voice, chat, messaging and digital \nchannels in one cloud-based platform. \nPuzzel's AI-driven capabilities, including \nintelligent virtual agents, omnichannel \nrouting and real-time agent support, will \nenable employees in the sales and service \norganisations to deliver improved customer \nexperiences through faster, more targeted \nand more personalised guidance.\n"", 'New AI model streamlines car damage case \nprocessing\nTryg has implemented a new AI model to \nhandle car damage cases involving collisions \nbetween two vehicles. The solution \nsignificantly enhances the customer \nexperience by enabling much faster \n', 'Customer satisfaction in these types of cases \nis expected to increase by up to 30% due to \nthe shorter waiting times. The AI model has \nbeen trained in 42,000 cases and is \ncontinuously monitored by our experts to \nensure optimal efficiency and high-quality \ndecisions. \n', 'The use of AI is a key element of Tryg’s 2027 \nstrategy, and this model is expected to be \nexpanded to other areas to further \nstrengthen the customer experience. \n', 'digitalisation, automation and the use of AI \ntools. Together, these initiatives have \ndelivered a marked and sustainable \nimprovement in profitability for Tryg Norway.\n', 'As part of the strategic pillar Technical \nExcellence, Tryg has initiated several initiatives \nto improve profitability and enhance risk \nselection. A key initiative is the introduction of a \nnew UW tool designed to improve underwriting \nquality and pricing accuracy. Built on a user-\nfriendly, AI-ready technical platform, the tool \nleverages data-driven insights to support \nunderwriting decisions. Adaptation is \n', 'Tryg participates in regulatory sandbox \nOne of the primary areas of concern at present \nis the interface between data protection and the \nadvanced use of AI. To help establish practice, \nhighlight challenges and support future \ninnovation, Tryg participated in the regulatory \nsandbox – a project from the Danish Data \nProtection Agency and the Agency for Digital \nGovernment. \n', 'Tryg was of the two companies selected from \namong applicants to test their respective AI \nprojects. Tryg entered with a project to develop \nan AI assistant that can help structure and \nsummarise claims information, medical journals \nand other relevant medical documents when \nhandling claims related to personal accidents. \nThe aim is to handle claims at a faster pace than \nat present. \n', 'From a societal perspective, the discussions and \nconclusions from the two projects helped \nestablish practices and explore opportunities for \nfuture AI projects. For Tryg, it was an \nopportunity to contribute to developing general \nguidelines and practices around AI and data \nprotection while also getting the chance to have \na proposed project evaluated.  \n']";5;4;4;13;1,04E+11;Ballerup;28/01/2002;6805.00.00;;39974000000.0
54;TRYG.CO;Tryg A/S;Denmark;Denmark;OMX Nordic Exchange Copenhagen A/S;DK0060636678;213800ZRS8AC4LSTCE39;;14/10/2005;14/10/2005;Financials;Non-life Insurance;Full Line Insurance;08.00;;;;106;ALL_COMPANIES/Tryg A-S/Annual Report 2024 - TRYG A_S.pdf;Tryg A/S;2024;0.0182651434643995;"[""New steps on Tryg's technology journey\nDuring 2024, Tryg launched new technology \nsolutions to help further enhance the \ncustomer experience. In Denmark, the AI \nassistant Felix now offers tailored \nsuggestions and input to our Danish \ncustomer advisors in real time based on key \nwords that the customer mentions during a \ntelephone conversation. In Norway, AI and \nadvanced voice analytics are also now being \nused to train and coach Tryg’s customer \n"", 'advisors, resulting in improved customer \nsatisfaction, improved sales results and \nincreased levels of digitally filed claims. In \nSweden, the AI assistant Llucia offers a faster \nresponse to our Swedish customers with a \nchild insurance policy who have been \ninvolved in an accident.\n', 'Supporting our clients in preventing claims\nOur cooperation with SMHI, the Swedish \nMeteorological and Hydrological Institute, \nenables Trygg-Hansa to warn clients in areas \nat risk of storms and to share tips on how to \nprepare for extreme weather. With Trygg-\nHansa’s own AI feature, it can also warn \nclients in specific areas where the AI \nidentifies an increase in a specific type of \nclaim. Through specific warnings and \npreventative information, we also help our \ncustomers who own car brands that are \nparticularly exposed to theft.\n', 'Tryg needs to be well positioned to understand \nits customers and their particular needs for \nclaims prevention. The prevalence of data in \nunderstanding customer needs, the value of \npersonalising offerings, as well as the \ndevelopment of artificial intelligence (AI) \nsolutions can contribute to more precise \nproduct offerings that benefit both Tryg and its \ncustomers. Yet, this comes with a responsibility \nof ensuring transparent and ethical processes \nfor how data is handled and applied. \n', 'and applying data to customise products and \ndetermine prices is key. In light of the rise of \nautomated or AI solutions, it is ever more \nrelevant that customers can trust that their data \nis handled with due care and consideration. \n', 'Data – responsible use, handling and protection\nTo ensure ethical use of data, Tryg refers to the \nData Ethical Codex from the Danish trade \nassociation Insurance & Pension Denmark as \nwell as relevant legal requirements and \ninternationally agreed standards. Data ethical \npractices are based on three main principles: \nTransparency, free choice and data security. \nWith the increased focus and application of AI \nsolutions comes a need for high ethical \nstandards and thoughtful consideration of how \nto apply and safeguard customers’ data – \nparticularly confidential and personal data. Tryg\nhas taken the first steps in establishing a \ngovernance setup that allows the potential of AI \ntechnology to be harnessed while also ensuring \n', 'Tryg’s AI policy describes our approach to the \ndevelopment and use of AI across the \norganisation. It establishes five fundamental \nprinciples for the development and use of AI \nwithin Tryg, with the aim of ensuring that AI is \nemployed in a lawful, ethical and responsible \nmanner. \n', 'Developing and deploying AI solutions \nWith data as the foundation for offering tailor-\nmade solutions and helping customers prevent \nclaims, it is critical to ensure that the data use is \nin the best interest of the customer. This is \nespecially true when it comes to automated \nsolutions and the use of AI technology.\n', 'A governance setup on the development and \ndeployment of AI solutions has been \nestablished. A newly established AI Advisory \nBoard helps ensure that Tryg follows its defined \nprinciples of thoughtfulness & accountability, \nfairness, transparency, privacy & data \n', 'When developing AI technology, Tryg has a \nresponsibility to ensure that the system does \nnot produce discriminatory outcomes due to \nunintended biases in the algorithm or data. At \nthe same time, the system must maintain an \nadequate level of traceability and explainability, \ntaking into consideration the use-case and the \ntype of AI model used. \n', 'For AI, focus during 2024 has been on \nestablishing the proper governance and \ninitiatives to ensure that the organisation is \nadequately equipped and that standards are \ndefined as to how Tryg addresses the area. \nAmong the focus areas for 2025 are training and \ninternal awareness. \n', 'During 2024, new prevention initiatives included \na partnership with an electrical installer to \nprevent fires at farms for agricultural customers. \nFor customers working with the transportation \nof goods, Tryg has developed a programme to \nhelp understand and predict how accidents \noccur in order to be able to prevent future ones \nand thereby avoid claims that can lead to \nunwanted costs or operating losses. Trygg-\nHansa has developed an AI model to predict the \nrisk of claims based on deviations in predicted \nclaims estimates. Together, these initiatives \nserve the purpose of improving peace of mind \nfor Tryg’s customers and minimising the \nnumber and extent of any damage. \n']";5;4;4;13;1,13E+11;Ballerup;28/01/2002;6518.00.00;;37135000000.0
55;TRYG.CO;Tryg A/S;Denmark;Denmark;OMX Nordic Exchange Copenhagen A/S;DK0060636678;213800ZRS8AC4LSTCE39;;14/10/2005;14/10/2005;Financials;Non-life Insurance;Full Line Insurance;08.00;;;;110;ALL_COMPANIES/Tryg A-S/Tryg Annual Report 2023_4.pdf;Tryg A/S;2023;00.00;[];0;0;0;0;1,13E+11;Ballerup;28/01/2002;4674.00.00;;33938000000.0
56;TRYG.CO;Tryg A/S;Denmark;Denmark;OMX Nordic Exchange Copenhagen A/S;DK0060636678;213800ZRS8AC4LSTCE39;;14/10/2005;14/10/2005;Financials;Non-life Insurance;Full Line Insurance;08.00;;;;109;ALL_COMPANIES/Tryg A-S/Tryg AR 2022.pdf;Tryg A/S;2022;00.00;[];0;0;0;0;1,00E+11;Ballerup;28/01/2002;4400.00.00;;24137000000.0
57;TRYG.CO;Tryg A/S;Denmark;Denmark;OMX Nordic Exchange Copenhagen A/S;DK0060636678;213800ZRS8AC4LSTCE39;;14/10/2005;14/10/2005;Financials;Non-life Insurance;Full Line Insurance;08.00;;;;107;ALL_COMPANIES/Tryg A-S/TRYG_AR2021.pdf;Tryg A/S;2021;00.00;[];0;0;0;0;60916000000;Ballerup;28/01/2002;4151.00.00;;22653000000.0
58;TRYG.CO;Tryg A/S;Denmark;Denmark;OMX Nordic Exchange Copenhagen A/S;DK0060636678;213800ZRS8AC4LSTCE39;;14/10/2005;14/10/2005;Financials;Non-life Insurance;Full Line Insurance;08.00;;;;108;ALL_COMPANIES/Tryg A-S/tryg_ar2020.pdf;Tryg A/S;2020;00.00;[];0;0;0;0;59059000000;Ballerup;28/01/2002;;;21741000000.0
59;JYSK.CO;Jyske Bank A/S;Denmark;Denmark;OMX Nordic Exchange Copenhagen A/S;DK0010307958;3M5E1GQGKL17HI6CPN30;;02/01/1985;02/01/1985;Financials;Banks;Banks;09.00;;;;483;ALL_COMPANIES/Jyske Bank A-S/Jyske+Bank+Annual+Report+2025.pdf;Jyske Bank;2025;0.0073472686528782;['AI assistants that support advisers in their daily work. Expand-\n', '•\t\nNew AI assistants and Co-pilot for advisers, \n', 'S4\nPolicy for Data Ethics\nThe policy ensures responsible use of data and technology. \nThe policy sets principles for data ethics, including the use of \nAI and protection of privacy\n', 'Generative AI\n', 'all employees in the organisation in the use of generative AI. \n', 'completed training in AI understanding, responsible use and \n', 'supports Jyske Bank’s AI journey. Overall, it revolves around \n', 'deployment of AI solutions follow a risk-based approach that \n', 'customer due diligence (KYC), by using AI and data integra-\n', 'In 2025, artificial intelligence was further implemented \n', 'enhancing employee efficiency. The use of AI must support \n', 'of AI and new technology, focusing on responsible implemen-\n'];4;4;4;12;7,50E+11;Silkeborg;14/09/1917;3956.00.00;;13693000000.0
60;JYSK.CO;Jyske Bank A/S;Denmark;Denmark;OMX Nordic Exchange Copenhagen A/S;DK0010307958;3M5E1GQGKL17HI6CPN30;;02/01/1985;02/01/1985;Financials;Banks;Banks;09.00;;;;484;ALL_COMPANIES/Jyske Bank A-S/Jyske+Bank+Annual+Report+2024.pdf;Jyske Bank A/S;2024;0.0086348861736969;"['Financial market optimism about the US and \nartificial intelligence\n', 'The sentiment in the global financial markets was positive in \n2024. Equity prices rose whereas interest rates fell due to cen-\ntral bank rate cuts and expectations of further cuts in 2025. \nNeither the war in Ukraine nor the hostilities in the Middle East \ncaused major market turmoil. Nor did the victory of Donald \nTrump in the US presidential election despite his threats of tariff \nincreases. US equities actually rose considerably more than \nEuropean and Danish equities in 2024, partly boosted by new \nsharp increases of many US technology companies that are \namong the world leaders in artificial intelligence.\n', 'In the market for private banking customers, affluent personal \ncustomers and homeowners, Jyske Bank will improve rela-\ntionships through higher quality and activity, deliver dynamic \n360-degree advice, simplify customer journeys through the use \nof technology including AI, and strengthen brand identity and \npersonalised marketing across channels. \n', 'The larger and more complex corporate customers are given \nhigh priority. With the target of making Jyske Bank a leader \nwithin advisory services, we will develop even better solutions, \nincrease advisory efficiency through self-guided solutions and \nAI, and support the assessment of Jyske Bank as a strong cor-\nporate bank through clear-cut branding. \n', 'The strategy is supported by a solid plan for digitisation and \nthe use of new technologies including AI. This will ensure an \nefficient and secure platform, better customer experiences and \nthe ability to attract most attractive customers in the market. \nThere is also focus on reducing unnecessary complexity and \nthus reducing the cost base. \n', ""In the autumn of 2024, the Group presented an updated \nstrategy. The strategy includes stronger focus on personal as \nwell as corporate customers, e.g. through continued focus on \ndigitisation, data and AI. This places increased demands on \nthe Group's risk in the non-financial risk area, including IT. The \nmanagement and handling of IT-related risks is already a focus \narea, and ongoing initiatives and efforts will be further devel-\noped in 2025.\n"", 'Verarca\n•  \x07Automated calculation of CO2e footprint and preparation of carbon  \naccounts via integration with customers’ financial systems. \n•  Calculated by AI based on invoice items and numerous CO2e databases. \n•  \x07Includes a dashboard with an overview of scope 1, 2 and 3 emissions that \ncan be downloaded as a PDF or integrated directly with other software, \nsuch as CSRD Navigator.\n', 'In Jyske Bank’s Group strategy, it is the ambition that \nalso towards 2028 further investments will be made in \nquality and efficiency of anti-money laundering (AML) \nand customer due diligence (KYC) through AI and data \nintegration to ensure a compliant and robust IT setup.\n', ""Data Ethics Policy \nIn Jyske Bank's work and business practice, it is central that \ncustomers, investors, employees and other stakeholders can \ntrust that data is processed securely, responsibly and in accor-\ndance with data ethics as well as the legislation in force from \ntime to time. The data processed by the Group consists to a \ngreat extent of personal data, the majority of which originates \nfrom customers, while a smaller proportion originates from \nemployees and other groups. The Group’s policy on data ethics \nsets out how data ethics are to be integrated into the Group’s \nbusiness processes and the use of data by management and \nother employees.\n   \nIn 2024, AI became a key element in the Group’s strategic am-\nbitions and will in future play a larger role in the Group’s IT solu-\ntions. In 2024, Jyske Bank, together with a number of public and \nprivate actors in Denmark, participated in the development of a \nwhite paper that sets the framework for how AI assistants can \nbe developed, implemented and used innovatively as well as re-\nsponsibly. This supports the Group's work with AI, as well as its \nown data ethics guidelines. Guidelines for generative AI services \nin the Group have been prepared and sections have been added \nto the Data Ethics Policy on the use of AI, as Jyske Bank wants \nto emphasise the importance of the Group's use of data and AI \nbeing transparent and responsible.\n""]";4;4;4;12;7,80E+11;Silkeborg;14/09/1917;3873.00.00;;14356000000.0
61;JYSK.CO;Jyske Bank A/S;Denmark;Denmark;OMX Nordic Exchange Copenhagen A/S;DK0010307958;3M5E1GQGKL17HI6CPN30;;02/01/1985;02/01/1985;Financials;Banks;Banks;09.00;;;;482;ALL_COMPANIES/Jyske Bank A-S/Jyske+Bank+2023+Q4+UK.pdf;Jyske Bank A/S;2023;0.0117760336933105;['sustainability, cyber risks and AI.\n', 'Generative AI\n', 'Generative AI took the world by storm in 2023 and brings \n', 'to identify and support responsible use of AI for business \n', 'AI and to clarify the use of AI in a work context. Furthermore, \n', 'we will analyse new lines of attack opened up by AI in order \n', 'Geek nights focusing on AI \nand ChatGPT\n', 'Artificial intelligence (AI) is about simulating human intelli\xad\n', 'learn in the same way as we do. AI has rapidly become part \n', 'synonymous with AI.\n', 'To learn more about AI, our Business Concepts and Quality \n', 'David Johnson, spoke about how AI works and why it will be \n', 'AI\n', 'Group, we also took a position on the use of generative AI \n', '•\t Maintain focus on identifying and managing risk exposure when it comes to privacy data\n•\t Continue interdisciplinary knowledge sharing in the sector through various fora and seminars relating to \ncyber and information security\n•\t Increase action on identification and support of responsible use of AI for business purposes\n•\t Continue training of employees and further reinforcement of specific knowledge around cyber and \ninformation security \n'];4;2;2;8;7,50E+11;Silkeborg;14/09/1917;3257.00.00;;9106000000.0
62;JYSK.CO;Jyske Bank A/S;Denmark;Denmark;OMX Nordic Exchange Copenhagen A/S;DK0010307958;3M5E1GQGKL17HI6CPN30;;02/01/1985;02/01/1985;Financials;Banks;Banks;09.00;;;;487;ALL_COMPANIES/Jyske Bank A-S/Jyske+Bank+Annual+Report+2022.pdf;Jyske Bank A/S;2022;00.00;[];0;0;0;0;6,47E+11;Silkeborg;14/09/1917;3349.00.00;;8652000000.0
63;JYSK.CO;Jyske Bank A/S;Denmark;Denmark;OMX Nordic Exchange Copenhagen A/S;DK0010307958;3M5E1GQGKL17HI6CPN30;;02/01/1985;02/01/1985;Financials;Banks;Banks;09.00;;;;486;ALL_COMPANIES/Jyske Bank A-S/Jyske+Bank+Annual+Report+2021.pdf;Jyske Bank A/S;2021;00.00;[];0;0;0;0;6,73E+11;Silkeborg;14/09/1917;3614.00.00;;7982000000.0
64;JYSK.CO;Jyske Bank A/S;Denmark;Denmark;OMX Nordic Exchange Copenhagen A/S;DK0010307958;3M5E1GQGKL17HI6CPN30;;02/01/1985;02/01/1985;Financials;Banks;Banks;09.00;;;;485;ALL_COMPANIES/Jyske Bank A-S/Jyske+Bank+Annual+Report+2020.pdf;Jyske Bank A/S;2020;00.00;[];0;0;0;0;6,50E+11;Silkeborg;14/09/1917;;;8060000000.0
65;KBHL.CO;Copenhagen Airports A/S;Denmark;Denmark;OMX Nordic Exchange Copenhagen A/S;DK0010201102;549300Z01GJGM7D3HQ74;;11/04/1994;11/04/1994;Industrials;Industrial Transportation;Transportation Services;10.00;;;;323;ALL_COMPANIES/Copenhagen Airports A-S/copenhagen airports as group annual report 2025.pdf;Københavns Lufthavne A/S;2025;0.0067157663808734;['We work continually to make our processes \nsimpler and more intelligent. Advanced tech-\nnology, such as artificial intelligence and real-\ntime data, helps us to optimise aircraft handling, \nbaggage handling and our resources so that we \ncan make the best possible use of capacity. \n', 'In today’s dynamic landscape, digitalisation and innovation are key \nto staying ahead as a leading airport. We are dedicated to becoming \neven more data-driven, leveraging technology, such as AI, to elevate \nthe passenger experience and improve our operational efficiency, \nwhile staying ahead of cyber risks remains a top priority in protecting \nour systems and data.\n', 'In 2025, we intensified our efforts to simplify our application land-\nscape in order to reduce complexity and cost. At the same time, \nwe intensified the focus on digitalisation and innovation to improve \noperational stability and obtain reliable data for decision-making. \nFurthermore, AI efforts were scaled by increasing AI literacy across \nthe organisation and by fast-tracking several specific use cases.\n', 'As we evolve, we are increasingly leveraging machine learning, object detection and \nadvanced algorithms to enhance the CPH experience for our stakeholders across \noperational, security and safety areas. Currently, these technologies are primarily \nutilised for capacity optimisation. We ensure that all AI/ML models and calculations are \ndeveloped and deployed within our established ethical framework, prioritising accuracy \nand fairness in our automated insights.\n', 'the airport power grid. As the APUs operate on jet \nfuel, they contribute to both noise and air pollution \nin the local environment, so reducing their use is \nimportant for improving air quality. In 2025, we \nprocured 40 AI-enabled thermal cameras with the \npurpose of installing these at the busiest aircraft \nstands. 39 of the 40 cameras have been deployed \nand are successfully collecting data. The remaining \ncamera will be deployed when construction of \nthe planned placement is completed. Cameras \nare mounted on light poles at the busiest stands, \nallowing us to monitor up to 70% of total aircraft \ntraffic. The project is enabling us to better under-\nstand when an APU is turned on and off, and from \nthere to gain an understanding of why timestamps \nmay differ from the guidelines provided by CPH. \nAnalysis of the preliminary results of the project is \nunder way, with expected outcomes to be opera-\ntionalised in 2026.\n'];4;4;3;11;16115000000;Kastrup;19/09/1990;2546.00.00;;
66;KBHL.CO;Copenhagen Airports A/S;Denmark;Denmark;OMX Nordic Exchange Copenhagen A/S;DK0010201102;549300Z01GJGM7D3HQ74;;11/04/1994;11/04/1994;Industrials;Industrial Transportation;Transportation Services;10.00;;;;321;ALL_COMPANIES/Copenhagen Airports A-S/copenhagen_airports_as_group_annual_report_2024.pdf;Københavns Lufthavne A/S;2024;0.0034778173218488;['We see digitalisation and AI as tools to help make our processes \nmore efficient and effective, and to create the capacity we need for \nthe future. This is why we are investing in new technology and new \nsolutions. CPH is working to simplify internal processes and, at the \nsame time, offer digital solutions tailored to the passengers’ needs, \nto make their journeys easier.\n', 'We are dedicated to becoming even more data-driven, leveraging \ntechnology, such as AI, to elevate the passenger experience and \nimprove our operational efficiency, while staying ahead of cyber risks \nremains a top priority in protecting our systems and data.\n', 'to deploy AI-enabled thermal cameras at the 40 \nbusiest aircraft stands in 2025. These cameras \nwill monitor APU usage and provide actionable \ninsights into air pollution reductions, supporting \nthe development of actions to further minimise \nAPU reliance.\n'];3;3;2;8;15510000000;Kastrup;19/09/1990;2218.00.00;;
67;KBHL.CO;Copenhagen Airports A/S;Denmark;Denmark;OMX Nordic Exchange Copenhagen A/S;DK0010201102;549300Z01GJGM7D3HQ74;;11/04/1994;11/04/1994;Industrials;Industrial Transportation;Transportation Services;10.00;;;;320;ALL_COMPANIES/Copenhagen Airports A-S/2023_copenhagen_airports_as_group_annual_report_uk.pdf;Københavns Lufthavne A/S;2023;0.0014656094736996;['We are exploring the potential of artificial intelligence \nto further develop our data-driven airport. In 2023, we \nlaunched Airport Genie, CPH’s own version of ChatGPT \nin a safe and secure environment.\n'];1;2;0;3;15271000000;Kastrup;19/09/1990;1852.00.00;;
68;KBHL.CO;Copenhagen Airports A/S;Denmark;Denmark;OMX Nordic Exchange Copenhagen A/S;DK0010201102;549300Z01GJGM7D3HQ74;;11/04/1994;11/04/1994;Industrials;Industrial Transportation;Transportation Services;10.00;;;;319;ALL_COMPANIES/Copenhagen Airports A-S/2022_copenhagen_airports_as_group_annual_report_2022_uk.pdf;Copenhagen Airports A/S;2022;00.00;[];0;0;0;0;15368200000;Kastrup;19/09/1990;2600.00.00;;
69;KBHL.CO;Copenhagen Airports A/S;Denmark;Denmark;OMX Nordic Exchange Copenhagen A/S;DK0010201102;549300Z01GJGM7D3HQ74;;11/04/1994;11/04/1994;Industrials;Industrial Transportation;Transportation Services;10.00;;;;324;ALL_COMPANIES/Copenhagen Airports A-S/2021_uk_final.pdf;Københavns Lufthavne A/S;2021;00.00;[];0;0;0;0;14278200000;Kastrup;19/09/1990;;;
70;KBHL.CO;Copenhagen Airports A/S;Denmark;Denmark;OMX Nordic Exchange Copenhagen A/S;DK0010201102;549300Z01GJGM7D3HQ74;;11/04/1994;11/04/1994;Industrials;Industrial Transportation;Transportation Services;10.00;;;;322;ALL_COMPANIES/Copenhagen Airports A-S/kl_ar_2020_uk_final.pdf;Copenhagen Airports A/S;2020;00.00;[];0;0;0;0;14146800000;Kastrup;19/09/1990;;;
71;ROCKb.CO;Rockwool A/S;Denmark;Denmark;OMX Nordic Exchange Copenhagen A/S;DK0063855168;213800QRC7LNX935OZ09;;05/01/1996;05/01/1996;Industrials;Construction and Materials;Building Materials: Other;11.00;;;;182;ALL_COMPANIES/Rockwool A-S/annual-report-2025.pdf;ROCKWOOL A/S;2025;00.00;[];0;0;0;0;3888000000;Hedehusene;12/09/1936;11993.0;;3855000000.0
72;ROCKb.CO;Rockwool A/S;Denmark;Denmark;OMX Nordic Exchange Copenhagen A/S;DK0063855168;213800QRC7LNX935OZ09;;05/01/1996;05/01/1996;Industrials;Construction and Materials;Building Materials: Other;11.00;;;;181;ALL_COMPANIES/Rockwool A-S/annual-report-2024.pdf;ROCKWOOL A/S;2024;00.00;[];0;0;0;0;3554000000;Hedehusene;12/09/1936;12197.0;17000000.0;3620000000.0
73;ROCKb.CO;Rockwool A/S;Denmark;Denmark;OMX Nordic Exchange Copenhagen A/S;DK0063855168;213800QRC7LNX935OZ09;;05/01/1996;05/01/1996;Industrials;Construction and Materials;Building Materials: Other;11.00;;;;183;ALL_COMPANIES/Rockwool A-S/se-2024-01_annual-report-2023.pdf;ROCKWOOL A/S;2023;00.00;[];0;0;0;0;3428000000;Hedehusene;12/09/1936;11968.0;;3907000000.0
74;ROCKb.CO;Rockwool A/S;Denmark;Denmark;OMX Nordic Exchange Copenhagen A/S;DK0063855168;213800QRC7LNX935OZ09;;05/01/1996;05/01/1996;Industrials;Construction and Materials;Building Materials: Other;11.00;;;;184;ALL_COMPANIES/Rockwool A-S/se-2023-01_annual-report-2022.pdf;ROCKWOOL A/S;2022;00.00;[];0;0;0;0;3080000000;Hedehusene;12/09/1936;11448.0;;3088000000.0
75;ROCKb.CO;Rockwool A/S;Denmark;Denmark;OMX Nordic Exchange Copenhagen A/S;DK0063855168;213800QRC7LNX935OZ09;;05/01/1996;05/01/1996;Industrials;Construction and Materials;Building Materials: Other;11.00;;;;179;ALL_COMPANIES/Rockwool A-S/rockwool-annual-report-2021-final.pdf;ROCKWOOL International A/S;2021;00.00;[];0;0;0;0;2744000000;Hedehusene;12/09/1936;11691.0;;2602000000.0
76;ROCKb.CO;Rockwool A/S;Denmark;Denmark;OMX Nordic Exchange Copenhagen A/S;DK0063855168;213800QRC7LNX935OZ09;;05/01/1996;05/01/1996;Industrials;Construction and Materials;Building Materials: Other;11.00;;;;180;ALL_COMPANIES/Rockwool A-S/se-2021-05_annual-report-2020.pdf;ROCKWOOL International A/S;2020;00.00;[];0;0;0;0;2694000000;Hedehusene;12/09/1936;;;2757000000.0
77;PNDORA.CO;Pandora A/S;Denmark;Denmark;OMX Nordic Exchange Copenhagen A/S;DK0060252690;5299007OWYZ6I1E46843;;05/10/2010;05/10/2010;Consumer Discretionary;Personal Goods;Luxury Items;12.00;;;;403;ALL_COMPANIES/Pandora A-S/2025-staticcontent.pdf;Pandora A/S;2025;0.0090112415238009;['AI\n', 'Our inclusiveness score rose to 8.9, up from 8.8 \nin 2024 (10-point scale) – a sign that our efforts \nto foster a more diverse, equitable and inclusive \nworkplace are making a meaningful difference \nfor our people. Leadership Effectiveness was \nrated at 8.7, compared to 8.6 in 2024 (10-point \nscale), reflecting the growing trust and confidence \nemployees have in their leaders to support, \nempower and guide them. \n \nTRANSFORMING OUR RETAIL  \nRECRUITMENT WITH AI \nWith 2,811 concept stores globally, attracting and \nretaining retail talent remains a key priority for \nus. In 2025, we have made significant strides in \nmodernising how we attract and retain talent \nacross our retail stores. We have implemented an \nAI-powered recruitment tool that is optimising the \nhiring process and experience. This technology is \nalready delivering strong results as we see better \ncandidates, reduced early attrition and accelerated \nseasonal hiring. \n', 'these advancements. Throughout 2025, we have \nstrengthened our responsible data practices to \nensure equality, equity and integrity. We laid the \nfoundations for respon\xadsible technology adoption \nby launching a platform with training and ethical \nguidelines, initiating a governance framework \nand embedding risk considerations into vendor \nand in-house AI development processes. Looking \nahead to 2026, we will continue to advance these \ninitiatives, reinforcing our pos\xadition as a leader in \nresponsible AI implementation.\n', 'MITIGATING THE RISK OF BRIBERY  \nAND CORRUPTION \nIn Pandora, we have a zero-tolerance policy for \nbribery and corruption, and we take appropriate \naction when necessary. To mitigate the risk, we \nhave a dedicated compliance programme building \non the Code of Conduct and the Anti-Bribery \nand Corruption Policy. In 2025, we revised our \nGifts & Entertainment Standard and the Conflict-\nof-Interest Policy, launched a global awareness \ncampaign, delivered additional training for exposed \nfunctions and senior leaders and strengthened the \nprocesses for declaring gifts and entertainment. \n \nPROTECTING PERSONAL DATA \nOur Privacy Policy   outlines the principles we \nadhere to when managing personal data from \ncustomers, employees and other individuals. \nWe utilise personal data only when there is a \nlegitimate purpose, ensuring that all data is used, \nstored, shared and protected in accordance with \napplicable privacy laws.\u202f\n \nWe ensure our colleagues stay privacy-aware with \nregular training. In 2025, we expanded targeted \ntraining efforts for the office population in our \nSouthern Europe, Middle East & Africa clusters and \nfor HR colleagues in our European Distribution \nCentre.\n \nAs artificial intelligence (AI) technologies evolve, \nprotecting personal data becomes increasingly \nimportant. We have therefore implemented a \ngatekeeping process to ensure that every use of \nAI undergoes thorough assessments, ensuring fair, \nresponsible and compliant data handling. \n \nPandora investigates and resolves privacy \ncomplaints in accordance with applicable laws.  \n'];3;4;4;11;27758000000;KOEBENHAVN V;09/03/2005;27480.0;00.00;31680000000.0
78;PNDORA.CO;Pandora A/S;Denmark;Denmark;OMX Nordic Exchange Copenhagen A/S;DK0060252690;5299007OWYZ6I1E46843;;05/10/2010;05/10/2010;Consumer Discretionary;Personal Goods;Luxury Items;12.00;;;;404;ALL_COMPANIES/Pandora A-S/2024-staticcontent-3.pdf;Pandora A/S;2024;0.0137840725042213;['AI\n', 'PEOPLE SYSTEMS AND AI SUPPORTING \nPANDORA’S GROWTH AMBITIONS\nTo support stronger workforce planning and \noperational efficiency, we introduced Plan.dora, a \nnew workforce management system that simplifies \ntasks for retail colleagues, allowing them to focus \non what matters most – customer interactions. \nInitially launched in North America, Plan.dora \nnow covers nine markets, reaching approximately \n20,500 live users, which accounts for approximately \n75% of Pandora’s retail colleagues. Additionally, we \nare piloting an AI recruitment tool to streamline \nhiring for our store associates, enhancing candidate \nquality and reducing early attrition. Following a \nsuccessful pilot in North America in 2024, we plan \nfurther implementation in 2025. \n', 'At Pandora, we continue to apply principles \nof equality and equity in our data processing, \nrespecting the individual behind the data and \ncommitting to sustainable data practices. In \n2024, we further strengthened our approach to \nAI by deciding to establish a comprehensive AI \nGovernance Framework to ensure compliance \nwith evolving legislation, including the EU AI Act. \nOnce established, this framework will include an \nAI catalogue, regulatory compliance assessments, \npolicy framework, contractual frameworks, risk \nassessment and mitigation, legislation monitoring, \n', 'audits, incident response and supplier screening.\nWe also decided to build a Data Governance \nFramework to ensure that the data used to train \nour AI systems is accurate, timely, unbiased and \nprivacy-compliant. To promote responsible AI \nusage, our AI Literacy Programme educates \ncolleagues on the safe and ethical use of Generative \nAI. Pandora remains committed to our AI Safety \nStandard and will continue advancing these \ninitiatives in 2025.\n'];4;3;4;11;23798000000;KOEBENHAVN V;09/03/2005;26986.0;00.00;28136000000.0
79;PNDORA.CO;Pandora A/S;Denmark;Denmark;OMX Nordic Exchange Copenhagen A/S;DK0060252690;5299007OWYZ6I1E46843;;05/10/2010;05/10/2010;Consumer Discretionary;Personal Goods;Luxury Items;12.00;;;;406;ALL_COMPANIES/Pandora A-S/2023-staticcontent-4.pdf;Pandora A/S;2023;0.0209860200820069;['TREND 2: \nDIGITAL ACCELERATION AND AI \n', 'The integration of physical and digital realms is continually \nexpanding. Nearly 5 billion people – almost two thirds \nof the world’s population – are now social media users, \nspending an average of 2.5 hours per day in the digital, \nsocial sphere1. The digital development is accelerating, \nand artificial intelligence only adds to this acceleration \nwith its potential to reshape creativity and efficiency and \ntransform the operational landscape for many businesses.\n', 'Pandora’s response\nPandora is transforming customers’ shopping experiences \nthrough the use of technology and data at scale. Since \n2020, we have embraced AI and machine learning, \nparticularly in customer segmentation and marketing. \nPandora is exploring opportunities in several AI areas \nincluding generative AI – the ability of artificial intelligence \nto generate text, images or other media. Our current focus \nis on accelerating predictive analytics and AI, as well as \nestablishing foundations for data ethics and AI safety.\n', 'We also recognise the importance of Artificial Intelligence \nSafety. In 2023, we introduced our Global AI Standard \nthrough a series of initiatives and presented an overview \nof generative AI risks to our Executive Leadership Team. As \na company, Pandora is committed to conducting business \nin full compliance with the principles for the safe use of \nAI as set out in the AI Safety Standard and will continue to \npromote and create awareness of these principles in 2024.\n'];4;3;3;10;22013000000;KOEBENHAVN V;09/03/2005;22441.0;;26463000000.0
80;PNDORA.CO;Pandora A/S;Denmark;Denmark;OMX Nordic Exchange Copenhagen A/S;DK0060252690;5299007OWYZ6I1E46843;;05/10/2010;05/10/2010;Consumer Discretionary;Personal Goods;Luxury Items;12.00;;;;405;ALL_COMPANIES/Pandora A-S/2022-staticcontent-5.pdf;Pandora A/S;2022;0.0085308218593779;['AI\n', 'We also recognise the importance of Artificial Intelligence \n', 'Safety. For this purpose, we have created a Global AI Safety \n', 'compliance with the principles for the safe use of AI as set \n', 'out in the AI Safety Standard, and we will begin implemen-\n'];1;0;1;2;18542000000;KOEBENHAVN V;09/03/2005;22336.0;00.00;23394000000.0
81;PNDORA.CO;Pandora A/S;Denmark;Denmark;OMX Nordic Exchange Copenhagen A/S;DK0060252690;5299007OWYZ6I1E46843;;05/10/2010;05/10/2010;Consumer Discretionary;Personal Goods;Luxury Items;12.00;;;;408;ALL_COMPANIES/Pandora A-S/2021-staticcontent-6.pdf;Pandora A/S;2021;00.00;[];0;0;0;0;19984000000;KOEBENHAVN V;09/03/2005;23736.0;;19009000000.0
82;PNDORA.CO;Pandora A/S;Denmark;Denmark;OMX Nordic Exchange Copenhagen A/S;DK0060252690;5299007OWYZ6I1E46843;;05/10/2010;05/10/2010;Consumer Discretionary;Personal Goods;Luxury Items;12.00;;;;407;ALL_COMPANIES/Pandora A-S/2020-staticcontent-7.pdf;Pandora A/S;2020;00.00;['and online channels. Investments in machine learning and data \n', 'thermore, Pandora’s machine learning algorithms help predict \n'];1;2;0;3;21571000000;KOEBENHAVN V;09/03/2005;;;21868000000.0
83;NKT.CO;Nkt A/S;Denmark;Denmark;OMX Nordic Exchange Copenhagen A/S;DK0010287663;529900197LKWCEQ0NL18;;1898-01-01;02/01/1985;Industrials;Electronic and Electrical Equipment;Electrical Components;13.00;;;;142;ALL_COMPANIES/Nkt A-S/nkt-annual-report-2025.pdf;NKT A/S;2025;0.0040756854793515;"['Rising electrification and \npower demand\nElectricity demand is expected to \ngrow steadily through 2060, increas-\ning by 140% globally.1 Worldwide \nelectricity consumption is expected \nto increase from 32 PWh per year in \n2024 to 77 PWh per year by 2060 \ndriven by decarbonisation, electrified \nheating and transport, data-driven \nindustries, and digital infrastructure \nincluding data centres and the use \nof artificial intelligence (AI). These \ndynamics contribute to an increased \nelectrification of society, with electric-\nity being projected to grow its share \nof global energy demand from 21% in \n2024 to 43% in 2060.1\n', ""As many other companies, NKT is \ndependent on IT infrastructure to \nmaintain its operations. Cyber risks \nrepresent harm or loss arising from \nthe compromise of business-critical \nIT systems in production or key busi-\nness administrative functions, net-\nworks, or digital assets, impacting \nan organisation's data confidentiality, \nintegrity, and system availability. At \nits core, potential consequences \nof such threats may be produc-\ntion interruption with subsequent \nfinancial and reputational impact. \nMoreover, the rapid advancement of \nAI technologies is one of the factors \nthat contributes to a higher level of \nsecurity threat.\n"", 'updated its internal data privacy \nframework and e-learning modules, \nintroduced additional templates and \nguidelines, and delivered targeted \ntraining to employees in high-risk \nroles. Looking ahead, the company \nwill continue implementing its data \nethics and protection policies, \nand will embed the next group of \nrequirements of the AI Act into its \nprocesses. NKT reports on these \nefforts in accordance with section \n99d of the Danish Financial State-\nments Act.\n']";2;0;1;3;4859000000;BROENDBY;01/01/1990;4473.00.00;;3252000000.0
84;NKT.CO;Nkt A/S;Denmark;Denmark;OMX Nordic Exchange Copenhagen A/S;DK0010287663;529900197LKWCEQ0NL18;;1898-01-01;02/01/1985;Industrials;Electronic and Electrical Equipment;Electrical Components;13.00;;;;143;ALL_COMPANIES/Nkt A-S/nkt-annual-report-2024.pdf;NKT A/S;2024;0.0021095933758767;"['tation of data protection and data \nethics policies, updating the internal \ndata privacy policy and e-learning, \nand preparing for the implementa-\ntion of the AI Act.\n', ""Like many other companies, NKT is \ndependent on IT infrastructure to maintain \nits operations. Cyber risks represent harm \nor loss arising from the compromise of busi-\nness-critical IT systems in production or key \nbusiness administrative functions, networks \nor digital assets impacting an organisation's \ndata confidentiality, integrity, and system \navailability. At its core, potential conse-\nquences of such a threat may be production \ninterruption with subsequent financial and \nreputational impact. Moreover, the rapid \nadvancement of AI technologies is one of \nthe factors that contributes to higher level of \nthe security threat.\n""]";2;0;0;2;3604000000;BROENDBY;01/01/1990;4062.00.00;;2567200000.0
85;NKT.CO;Nkt A/S;Denmark;Denmark;OMX Nordic Exchange Copenhagen A/S;DK0010287663;529900197LKWCEQ0NL18;;1898-01-01;02/01/1985;Industrials;Electronic and Electrical Equipment;Electrical Components;13.00;;;;140;ALL_COMPANIES/Nkt A-S/nkt_annual_report_2023.pdf;NKT A/S;2023;0.0033468322233006;['These advances within digitalization have posi-\ntively impacted demand within the low- and \nmedium-voltage segments. NKT also anticipates \nthat further opportunities could arise from the \naccelerated adoption of Artificial Intelligence that \nas an example can automatize traditional opera-\ntional processes.\n', 'ethical decision-making when adopting or \ndeveloping new data-driven technologies, \nsuch as the use of AI and similar. \n'];2;0;0;2;2767400000;BROENDBY;01/01/1990;3948.00.00;;2079000000.0
86;NKT.CO;Nkt A/S;Denmark;Denmark;OMX Nordic Exchange Copenhagen A/S;DK0010287663;529900197LKWCEQ0NL18;;1898-01-01;02/01/1985;Industrials;Electronic and Electrical Equipment;Electrical Components;13.00;;;;139;ALL_COMPANIES/Nkt A-S/nkt_annual_report_2022_final.pdf;NKT A/S;2022;00.00;[];0;0;0;0;2553400000;BROENDBY;01/01/1990;3886.00.00;;1906700000.0
87;NKT.CO;Nkt A/S;Denmark;Denmark;OMX Nordic Exchange Copenhagen A/S;DK0010287663;529900197LKWCEQ0NL18;;1898-01-01;02/01/1985;Industrials;Electronic and Electrical Equipment;Electrical Components;13.00;;;;144;ALL_COMPANIES/Nkt A-S/nkt_annual_report_2021_final_pdf-version.pdf;NKT A/S;2021;0.0044621608757734;['Technology has the power to transform our lives. There \nare amazing innovations such as autonomous electric \ncars, smartphones, quantum computing, artificial \nintelligence, stem cell and cancer research, renewable \nenergy and even space exploration. NKT Photonics’ \ncustomers are visionary innovators within these fields. \nThey are changing the world through their innovations, \nand we are ready to deliver the cutting-edge solutions \nthey need. Solutions for Innovators.\n', 'Technology has the power to transform \nour lives. This was true with the invention \nof penicillin, electricity and, more recently, \nthe internet. Today, the transformation \ncontinues with innovations such as \nautonomous electric cars, smartphones, \nquantum computing, artificial intelligence, \nstem cell and cancer research, renewa-\nble energy and even space exploration. \nNKT Photonics’ customers are visionary \ninnovators within these fields and many \nmore. They are changing the world, and \nNKT Photonics is ready to deliver the cut-\nting-edge solutions they need. Solutions \nfor innovators. \n', 'While still in its absolute infancy, quantum \ncomputing promises to massively speed \nup complex computational tasks and \nenable entirely new applications not pos-\nsible with classical computers. This has \nwidespread implications for everything \nfrom our financial systems to aerospace \nengineering and from artificial intelligence \nto drug development. \n'];2;0;0;2;2150600000;BROENDBY;01/01/1990;3706.00.00;;1470200000.0
88;NKT.CO;Nkt A/S;Denmark;Denmark;OMX Nordic Exchange Copenhagen A/S;DK0010287663;529900197LKWCEQ0NL18;;1898-01-01;02/01/1985;Industrials;Electronic and Electrical Equipment;Electrical Components;13.00;;;;141;ALL_COMPANIES/Nkt A-S/nkt_annual_report_2020.pdf;NKT A/S;2020;0.0014711507341042;['Today, the transformation continues with \namazing innovations such as autonomous \nelectric cars, smartphones, quantum \ncomputing, artificial intelligence, stem cell \nand cancer research, renewable energy \nand even space exploration. NKT Pho-\ntonics’ customers are visionary innovators \nwithin these fields and many more. They \nare changing the world through their \ninnovations, and we are ready to deliver \nthe cutting-edge solutions they need. \nSolutions for Innovators. \n'];1;0;0;1;1789400000;BROENDBY;01/01/1990;;;1342400000.0
89;ALKb.CO;ALK-Abello A/S;Denmark;Denmark;OMX Nordic Exchange Copenhagen A/S;DK0061802139;529900SGCREUZCZ7P020;;01/01/1961;30/11/1992;Health Care;Pharmaceuticals and Biotechnology;Pharmaceuticals;13.00;;;;231;ALL_COMPANIES/ALK-Abello A-S/ALK_Annual report 2025.pdf;ALK-Abelló A/S;2025;0.0050535039733174;['Scaling ALK for future growth is another priority which entails \nongoing investments in digitalisation and AI, upskilling of \nemployees, as well as initiatives to achieve economies of scale, \n', 'ALK’s growth ambitions across therapy areas is supported by \nefforts to scale the business and realise economies of scale. \nStrengthening of procurement and IT processes and capabilities \nto exploit economies of scale and streamline the supplier \nlandscape continue in 2026, and ALK will increasingly invest \nin digital solutions and AI with multiple projects being initiated \nacross functional areas. \n', 'Experience in the development of \nnew vaccines, project management \nof drug discovery projects, and \nmost recently governance of data \ndigitalisation and AI projects.\n', 'Recognising the growing importance of digital \ncompetencies, ALK also identified a need to \nstrengthen AI skills across the organisation. \nA global training programme was launched \nin 2025, offering both basic and advanced \nmodules for all leaders and employees. The \nprogramme was well received, with more than \n1,000 participants, and demonstrates ALK’s \ncommitment to equipping employees for future \nneeds.\n', 'In North America, ALK sells bulk allergen extracts \nto healthcare professionals who prepare the \nallergy shots using various and unspecified \ndosing schedules. To estimate the number of bulk \nAIT-treated patients, SAP BI in-house data is used. \nSold volumes by allergen into patient-equivalent \ntreatments is converted by applying the average \nmL used per treatment. The “treatment doses” \n'];4;4;4;12;8246000000;Hoersholm;09/08/1961;2824.00.00;591866670.0;5537000000.0
90;ALKb.CO;ALK-Abello A/S;Denmark;Denmark;OMX Nordic Exchange Copenhagen A/S;DK0061802139;529900SGCREUZCZ7P020;;01/01/1961;30/11/1992;Health Care;Pharmaceuticals and Biotechnology;Pharmaceuticals;13.00;;;;232;ALL_COMPANIES/ALK-Abello A-S/ALK_Annual Report 2024.pdf;ALK-Abelló A/S;2024;0.002319539803303;['2025 will also see a strengthening of procurement processes \nand capabilities to exploit economies of scale and streamline \nthe supplier landscape, in addition to investments in AI and \ndigital solutions.  \n', 'Experience in the development of new \nvaccines, project management of drug \ndiscovery projects, and most recently \ngovernance of data digitalisation and \nAI projects.\n'];1;1;2;4;6726000000;Hoersholm;09/08/1961;2680.00.00;611700000.0;4824000000.0
91;ALKb.CO;ALK-Abello A/S;Denmark;Denmark;OMX Nordic Exchange Copenhagen A/S;DK0061802139;529900SGCREUZCZ7P020;;01/01/1961;30/11/1992;Health Care;Pharmaceuticals and Biotechnology;Pharmaceuticals;13.00;;;;228;ALL_COMPANIES/ALK-Abello A-S/ALK_AR-2023_web.pdf;ALK-Abelló A/S;2023;0.0019615535504119;['In 2024, ALK will further expand its digital \nengagement, while also using its digital \ncapabilities to deliver education and \ntraining to HCPs. In 2023, ALK trained \n13,254 HCPs (2022: 4,258) in allergies \nand AIT, while 52,673 HCPs (2022: 25,185) \nwere trained in allergic disease aware-\nness. This training will continue in 2024. \nIn addition, ALK is increasingly leveraging \nemerging technologies such as AI and \nmachine learning to improve outcomes for \npeople with allergy.\n'];2;1;1;4;6308000000;Hoersholm;09/08/1961;2537.00.00;655466670.0;4511000000.0
92;ALKb.CO;ALK-Abello A/S;Denmark;Denmark;OMX Nordic Exchange Copenhagen A/S;DK0061802139;529900SGCREUZCZ7P020;;01/01/1961;30/11/1992;Health Care;Pharmaceuticals and Biotechnology;Pharmaceuticals;13.00;;;;229;ALL_COMPANIES/ALK-Abello A-S/ALK_Annual-Report_2022_web.pdf;ALK-Abelló A/S;2022;00.00;['All of this is made possible by the \ninvestments ALK has made in back-end \ntechnologies such as intelligent modelling \n- including machine learning and lead \nscoring - which allow the aggregation of \nlarge-scale anonymised data, to create \ntailored, personalised experiences for the \nbenefit of individual consumers. This digital \ncloseness to people with allergy gives ALK \naccess to a continuous stream of real-\nworld evidence that offers valuable insights \nthat allow ALK to continually improve its \n'];3;4;2;9;5830000000;Hoersholm;09/08/1961;2447.00.00;676750000.0;3916000000.0
93;ALKb.CO;ALK-Abello A/S;Denmark;Denmark;OMX Nordic Exchange Copenhagen A/S;DK0061802139;529900SGCREUZCZ7P020;;01/01/1961;30/11/1992;Health Care;Pharmaceuticals and Biotechnology;Pharmaceuticals;13.00;;;;233;ALL_COMPANIES/ALK-Abello A-S/ALK_Annual_Report_2021_web.pdf;ALK-Abelló A/S;2021;00.00;[];0;0;0;0;5563000000;Hoersholm;09/08/1961;2391.00.00;649325000.0;3491000000.0
94;ALKb.CO;ALK-Abello A/S;Denmark;Denmark;OMX Nordic Exchange Copenhagen A/S;DK0061802139;529900SGCREUZCZ7P020;;01/01/1961;30/11/1992;Health Care;Pharmaceuticals and Biotechnology;Pharmaceuticals;13.00;;;;230;ALL_COMPANIES/ALK-Abello A-S/ALK_Annual_Report_2020_web.pdf;ALK-Abelló A/S;2020;00.00;[];0;0;0;0;5495000000;Hoersholm;09/08/1961;;548700000.0;3274000000.0
95;ISS.CO;ISS A/S;Denmark;Denmark;OMX Nordic Exchange Copenhagen A/S;DK0060542181;213800LEZA58SZNCBN19;;13/03/2014;13/03/2014;Industrials;Industrial Support Services;Security Services;14.00;;;;122;ALL_COMPANIES/ISS A-S/ISS - AR 2025.pdf;ISS A/S;2025;0.0120754196208318;['To drive more efficient hiring processes, we have established a global Talent Acquisition \nCentre of Excellence and initiated the discovery and design phase for an AI driven \nrecruitment platform to reduce time-to-hire. Global roll-out will commence in 2026. \n', '•\t Implementation of a new global standard \nfor technical services with a specific focus \non critical environment management\n•\t Refresh and enhance our strategic Asset \nManagement product offering including \ntechnology/AI enhancements\n•\t Conduct a review of our overall delivery \nstrategy to include a review of functional \nleadership capability, operating model and \nassurance framework\n', 'The transition of finance processes to the European FSC in Gdańsk will \ncontinue through 2026, with optimisation planned in subsequent years. \nLooking ahead, ISS plans to extend similar services to Asia & Pacific \nand Americas, fulfilling our ambitions for effective and efficient finance \nservices. Simplified processes and disciplined master data governance are \nenablers for AI and automation at scale. \n', 'The evaluation identified a few focus areas to strengthen the Board’s \nperformance and value contribution further during 2026: i) enhanced focus \non talents and development of the succession bench for key executives \nwithin the organisation, ii) continued focus on industry trends and \ncompetitor activity from a strategic perspective and iii) renewed focus on \nbenefits of utilising AI.  \n', '•\t Code of Conduct\n•\t Sustainability policy\n•\t Corporate governance policy\n•\t Speak Up policy\n•\t Anti-corruption policy\n•\t Sanctions policy\n•\t Competition law policy\n•\t Escalation policy\n•\t Data ethics & AI policy\n•\t Data protection policy\n•\t Tax policy\n', 'To support this ambition, we established a Talent Acquisition Centre of \nExcellence in 2025 and initiated the discovery and design phase for an AI-\ndriven recruitment platform. Nine countries are participating to ensure a \nstrong, fit-for-purpose setup ahead of a global rollout starting in Q2 2026, \nwith Pacific and Sweden as the first implementation markets.\n', '•\t Data & AI Ethics policy\n•\t Group Data Protection policy\n•\t Group Information Security policy \n•\t Speak Up Policy\n•\t Supplier Code of Conduct \n•\t Supply Chain policy\n•\t Supply Chain & Procurement policy\n', 'Data privacy, data ethics, and information security are integral to daily \noperations at ISS. We operate within the framework of the Data Ethics & AI \nPolicy, Data Protection Policy, and Group Information Security Policy. These \nare supported by the Group Data Privacy & Legal Compliance team and the \nGroup Information Security function, along with local Data Protection and \nInformation Security Managers in each country where ISS operates. When \nservices require access to end-user data, ISS collaborates with customers \nto confirm that purpose, access, and retention are appropriate and legal, \nwhile expectations for third parties are managed through Supply Chain & \nProcurement policies. \n', 'The Data Ethics & AI Policy, aligned with the Charter of Fundamental Rights \nof the European Union, encompasses principles on self-determination, \nhuman dignity, responsibility, equality and fairness, progressiveness, \ndiversity and inclusion, and accountability. It applies organisation-wide to \nemployees as well as suppliers and business partners with access to data \non behalf of, or in collaboration with, ISS.\n', 'The Code of Conduct is reinforced by a set of key Group policies applicable \nto all employees, covering areas such as Competition Law, Sanctions Law, \nData Privacy and Protection, Data Ethics and AI compliance and Anti-\nCorruption. Each policy is accompanied by guidelines and processes to \nensure our adherence.\n', '•\t Code of Conduct\n•\t Speak Up policy\n•\t Anti-Corruption policy\n•\t Sanctions policy\n•\t Competition Law policy\n•\t Escalation policy\n•\t Data Ethics & AI policy\n', 'Data Ethics policy:\nISS-Data-Ethics-and-AI-Policy.pdf\nhttps://brand.issworld.com/m/1044f46d8334db60/\noriginal/ISS-Data-Ethics-and-AI-Policy.pdf\n', 'Front page photo\nAI-generated image\n'];4;3;3;10;50641000000;Soeborg;11/03/2005;352749.0;;83761000000.0
96;ISS.CO;ISS A/S;Denmark;Denmark;OMX Nordic Exchange Copenhagen A/S;DK0060542181;213800LEZA58SZNCBN19;;13/03/2014;13/03/2014;Industrials;Industrial Support Services;Security Services;14.00;;;;127;ALL_COMPANIES/ISS A-S/iss-annual-report-2024.pdf;ISS A/S;2024;0.0033369205228954;['2  Digital recruitment \nOptimising recruiting and onboarding is essential to ISS. \nWith currently around 120,000 new hires annually, this drives \nhigh recruitment and training costs. A new Talent Acquisition \nCentre will enhance talent attraction, supported by an AI-driven \nplatform.\n', 'Regulatory compliance\nIn recent years, we have observed an increase in activity from a \nnumber of regulatory bodies. We expect this trend to continue \nwith the implementation of regulations for CSDDD and AI on \nthe horizon. Many regulations, such as NIS 2.0 or DORA, impact \nus indirectly with compliance being driven by our customers \nwho are directly impacted by these regulations. We are con-\nstantly making efforts to identify such cases and demonstrate \nour compliance. \n', 'Risk that ISS will not be able to suffi-\nciently leverage rapidly emerging, new \ntechnologies (e.g. AI), leading to\nmissed opportunities related to poten-\ntial productivity gains and/or deploy-\nment of new services\n', 'Our Data Ethics Policy provides the overarching framework for \nhow we work with and manage data. It is aligned with the Char-\nter of Fundamental Rights of the European Union and includes \nprinciples on the areas of self-determination, human dignity, re-\nsponsibility, equality and fairness, progressiveness, diversity and \ninclusion and accountability. Further, it sets parameters around \nour use of AI systems. The policy applies to all ISS employees as \nwell as suppliers and business partners that have access to data \non behalf of or in collaboration with ISS. Implementation of the \npolicy is the joint responsibility of our Group Data Privacy & Legal \nCompliance function and our Global IT, Digitalisation & Services \nfunction.\n'];2;2;1;5;47693000000;Soeborg;11/03/2005;351053.0;;78681000000.0
97;ISS.CO;ISS A/S;Denmark;Denmark;OMX Nordic Exchange Copenhagen A/S;DK0060542181;213800LEZA58SZNCBN19;;13/03/2014;13/03/2014;Industrials;Industrial Support Services;Security Services;14.00;;;;125;ALL_COMPANIES/ISS A-S/AR2023_Final.pdf;ISS A/S;2023;0.0077692028797845;['Releasing the full potential of ISS\n2023 was a year in which we confirmed our \noverall strategic direction, aligning how we \nrespond to the global megatrends that we and \nour customers are facing. Changing customer \nneeds, AI and new technologies as well as a \nglobal economy running at a slower pace are \nall factors that call for a much more agile and \nrobust ISS.\n \nWith the new global management team in place \nand thanks to the combined efforts of more \nthan 350,000 dedicated and passionate place-\nmakers, we are well on our way to releasing the \nfull potential of ISS. \n', '•\t Commercial food waste solution, using \nAI to drive food waste reduction, rolled-\nout to additional sites \n', 'ISS has built industry-leading cyber security \ncapabilities in recent years. In 2023, we continued \nto strengthen and develop internal technology \ncapabilities (e.g. AI and a new Tech Centre \nin Porto) to capture opportunities related to \nproductivity gains and deployment of new \nservices. We also continued the collaboration \nwith well-established global technology partners.\n', 'Risk that ISS will not be able to suf-\nficiently leverage rapidly emerging, \nnew technologies (e.g. AI), leading \nto missed opportunities related to \npotential productivity gains and/or \ndeployment of new services.\n', 'Data ethics are considered in relevant initiatives \nand included in applicable approval processes. \nTraining efforts are conducted to generate \nawareness. The policy also establishes gov-\nerning ethical principles when developing and \ndeploying data processing AI technologies. \nThese principles are implemented in order \nto ensure safe, accountable, transparent and \nnon-discriminative use of AI technology.\n'];4;3;3;10;47005000000;Soeborg;11/03/2005;354636.0;;76538000000.0
98;ISS.CO;ISS A/S;Denmark;Denmark;OMX Nordic Exchange Copenhagen A/S;DK0060542181;213800LEZA58SZNCBN19;;13/03/2014;13/03/2014;Industrials;Industrial Support Services;Security Services;14.00;;;;124;ALL_COMPANIES/ISS A-S/AR2022.pdf;ISS A/S;2022;0.0039562178557299;['Data ethics are considered in all relevant \ninitiatives and are included in applicable approval \nprocesses. Awareness and training efforts will be \nconducted to generate awareness. Finally, the \npolicy also establishes governing principles for \nthe application of data ethics when developing \nand deploying data processing technologies \nbased on AI solutions. These principles are \nimplemented in order to ensure safe, account-\nable, transparent and non-discriminative use of \nAI technology in ISS. \n', 'Our food waste reduction ambitions are \nsupported by our global partnership with \nWinnow, a commercial food waste solution \nprovider that uses AI technology to manage \nfood waste. ISS have deployed solutions \nrolled out in over 290 of our locations, \nglobally and based on current run rate are \non track to save:\n•\t 2,645 tonnes CO2  \n•\t 1.5 million meals\n•\t 615 tonnes food waste\n'];2;4;1;7;43655000000;Soeborg;11/03/2005;378946.0;;71363000000.0
99;ISS.CO;ISS A/S;Denmark;Denmark;OMX Nordic Exchange Copenhagen A/S;DK0060542181;213800LEZA58SZNCBN19;;13/03/2014;13/03/2014;Industrials;Industrial Support Services;Security Services;14.00;;;;126;ALL_COMPANIES/ISS A-S/AR2021_Final.pdf;ISS A/S;2021;00.00;[];0;0;0;0;43605000000;Soeborg;11/03/2005;471056.0;;69823000000.0
100;ISS.CO;ISS A/S;Denmark;Denmark;OMX Nordic Exchange Copenhagen A/S;DK0060542181;213800LEZA58SZNCBN19;;13/03/2014;13/03/2014;Industrials;Industrial Support Services;Security Services;14.00;;;;123;ALL_COMPANIES/ISS A-S/AR2020_130421.pdf;ISS A/S;2020;00.00;[];0;0;0;0;50061000000;Soeborg;11/03/2005;;;78555000000.0
101;DEMANT.CO;Demant A/S;Denmark;Denmark;OMX Nordic Exchange Copenhagen A/S;DK0060738599;213800RM6L9LN78BVA56;;01/05/1995;11/05/1995;Health Care;Medical Equipment and Services;Medical Equipment;15.00;;;;570;ALL_COMPANIES/Demant A-S/demant-annual-report-2025.pdf;Demant A/S;2025;0.0059586469898901;['Unprecedented innovation \nIn 2025, we stayed on course by offering a clear \nand focused hearing aid portfolio. We expanded \nour AI-driven product range with even more \nstyles, including a truly compelling new product. \nFew moments capture our purpose as clearly as \nthe launch of Oticon Zeal. The unseen in-ear \nhearing aid unites discretion with full functionality \nand directly addresses a classic barrier for first-\ntime hearing aid users.  \n', 'People with hearing loss want discreet solutions, \nbut not at the expense of sound quality, reliability, \nrechargeability or connectivity. Bringing AI-driven \nsound processing, modern rechargeability and \nbroad smartphone connectivity together in a small \nand ultra discreet device, Oticon Zeal is an “addic-\ntive” first encounter.  \n', 'Current trends \nIncreasingly sophisticated products \nHearing aids are getting increasingly more ad-\nvanced, which increases the complexity of their \ndevelopment and requires increasing investments \nin R&D. The most advanced hearing aids feature \ndeep neural networks (DNNs) and use artificial in-\ntelligence (AI) to understand the sound scene, \nproviding users with a clearer sound picture. De-\nspite significant progress in this area, these fea-\ntures still have considerable untapped potential for \nimproving the users’ audiological experience.  \n', 'sound quality. All this is combined with AI sound \nprocessing and flexible fitting options, which has \ncreated excitement among hearing care profes-\nsionals, with feedback so far being very positive. \nThe product was initially launched in Denmark, \nthe UK and Switzerland and to a minor degree in \nGermany in Q4 2025. The launch continues with a \nglobal roll-out in H1 2026, including in the US \nwhere it became available for sale in January. \n', 'We leverage the latest technologies in our prod-\nucts and services, such as AI and Deep Neural \nNetworks. This drives the continuous develop-\nment of new innovative solutions, enhancing the \nuser experience of our offerings. \n', 'Image is AI-generated \n'];4;4;2;10;32450000000;SMOERUM;22/04/1983;21623.0;1458333330.0;22419000000.0
102;DEMANT.CO;Demant A/S;Denmark;Denmark;OMX Nordic Exchange Copenhagen A/S;DK0060738599;213800RM6L9LN78BVA56;;01/05/1995;11/05/1995;Health Care;Medical Equipment and Services;Medical Equipment;15.00;;;;569;ALL_COMPANIES/Demant A-S/demant-annual-report-2024.pdf;Demant A/S;2024;0.0127483476180202;['Powerful artificial intelligence \nIn 2024, all our hearing aid brands launched new \nproducts, Oticon Intent, Bernafon Encanta and \nPhilips HearLink, and we were reassured that they \nhold their ground. Introduced at the beginning of \nthe year, Oticon Intent offers powerful artificial in-\ntelligence (AI) and provides superior audiology in \nterms of speech clarity and noise cancellation.  \n', 'The benefits of using AI in our solutions are signif-\nicant, and Demant is, and has been, investing sig-\nnificantly in AI-based signal processing for many \nyears. At this time of exponential technological \nchanges, the possibilities of helping users even \nmore seem limitless, and I believe it is essential \nthat our R&D efforts focus on key technology driv-\ners, while considering important factors, such as \npower consumption, audiological performance, \nconnectivity and size of the device. In Q1 2025, \nwe will deliver on these priorities and launch new \nAI-powered in-the-ear devices featuring our first \nand second-generation deep neural networks in \nall our hearing aids brands. \n', 'Current trends \nIncreasingly sophisticated products \nHearing aids are increasingly expanding in fea-\ntures, which increases the complexity of their de-\nvelopment and requires increasing investments in \nresearch and development. The most advanced \nhearing aids feature deep neural networks (DNNs) \nand use artificial intelligence (AI) to understand \nthe sound scene, providing users with a clearer \nsound picture. Despite significant progress in this \narea, these features still have considerable un-\ntapped potential for improving the users’ audiolog-\nical experience.  \n', 'This is a continuation of our commitment to further \nintegrate artificial intelligence into small and dis-\ncrete form factors to allow all users to benefit from \nour products. \n', 'AI: A strong focus area at Eriksholm \nResearch Centre \n', 'At Eriksholm Research Centre, we have made \nAI a dedicated scientific focus area where we \nexplore how AI can be harnessed and utilised \nto help people with hearing impairment benefit \nfrom scientific discoveries at a faster pace than \never. With this focus area, we aim to take ad-\nvantage of the deep insight we have in cogni-\ntive hearing science, intent decoding and per-\nsonalised audiology. \n', 'We use AI to spearhead research initiatives \naimed at creating hearing aid systems that can \nprovide precisely tailored sound experiences \nfor individuals who are using hearing devices. \nIn 2024, Demant launched next gen AI-ena-\nbled hearing aids. \n'];5;4;3;12;30546000000;SMOERUM;22/04/1983;20570.0;1484400000.0;22443000000.0
103;DEMANT.CO;Demant A/S;Denmark;Denmark;OMX Nordic Exchange Copenhagen A/S;DK0060738599;213800RM6L9LN78BVA56;;01/05/1995;11/05/1995;Health Care;Medical Equipment and Services;Medical Equipment;15.00;;;;572;ALL_COMPANIES/Demant A-S/demant-annual-report-2023.pdf;Demant A/S;2023;0.0059578778039262;['For users, the most important aspect of \nhearing aids remains the ability to hear \nclearly in all listening environments, and \nwe work tirelessly to solve this challenge. \nArtificial Intelligence (AI) is an important \nmeans of addressing this and improving \nthe user experience. We use AI to train our \ndevices to seek out, balance and deliver \nthe best and most useful sounds to the \nuser. We introduced our first Deep Neural \nNetwork a few years ago, and in our very \nlatest chip platform, we have taken this \ntechnology further and implemented the \nnext generation of AI, which we expect will \ntruly benefit users in the future.  \n'];3;4;2;9;29857000000;SMOERUM;22/04/1983;17448.0;1476666670.0;19705000000.0
104;DEMANT.CO;Demant A/S;Denmark;Denmark;OMX Nordic Exchange Copenhagen A/S;DK0060738599;213800RM6L9LN78BVA56;;01/05/1995;11/05/1995;Health Care;Medical Equipment and Services;Medical Equipment;15.00;;;;571;ALL_COMPANIES/Demant A-S/demant-annual-report-2022.pdf;Demant A/S;2022;00.00;[];0;0;0;0;24860000000;SMOERUM;22/04/1983;16591.0;1491400000.0;18418000000.0
105;DEMANT.CO;Demant A/S;Denmark;Denmark;OMX Nordic Exchange Copenhagen A/S;DK0060738599;213800RM6L9LN78BVA56;;01/05/1995;11/05/1995;Health Care;Medical Equipment and Services;Medical Equipment;15.00;;;;573;ALL_COMPANIES/Demant A-S/demant-annual-report-2021.pdf;Demant A/S;2021;0.0015276271367684;['products, Oticon More, Philips HearLink, \nBernafon Alpha and Sonic Radiant, all \nbased on a new technology platform. To-\nwards the end of the year, we had shipped \nmore than one million premium hearing \naids powered by an on-board Deep Neural \nNetwork that mimics the way the brain \nworks – a major advancement in artificial \nintelligence in hearing aid technology, I am \nproud to say. We are now looking forward \nto expanding and completing the product \nfamilies, enabling us to help even more \n'];2;4;1;7;21927000000;SMOERUM;22/04/1983;15837.0;1319750000.0;14469000000.0
106;DEMANT.CO;Demant A/S;Denmark;Denmark;OMX Nordic Exchange Copenhagen A/S;DK0060738599;213800RM6L9LN78BVA56;;01/05/1995;11/05/1995;Health Care;Medical Equipment and Services;Medical Equipment;15.00;;;;574;ALL_COMPANIES/Demant A-S/demant-annual-report-2020.pdf;Demant A/S;2020;0.0015663178998809;['including new areas, such as artificial intelligence as well \nas cloud and connectivity solutions. In all our business \nareas – where each of the activities are run separately  \n– we are focused on delivering the best services and  \nproducts to our customers.\n'];1;1;0;2;21798000000;SMOERUM;22/04/1983;;1240111110.0;14946000000.0
107;RILBA.CO;Ringkjoebing Landbobank A/S;Denmark;Denmark;OMX Nordic Exchange Copenhagen A/S;DK0060854669;2138002M5U5K4OUMVV62;;02/01/1985;02/01/1985;Financials;Banks;Banks;15.00;;;;394;ALL_COMPANIES/Ringkjoebing Landbobank A-S/annual-report-2025.pdf;Ringkjøbing Landbobank A/S;2025;00.00;[];0;0;0;0;78633186000;Rinkobing;11/12/1986;661.00.00;;4067507000.0
108;RILBA.CO;Ringkjoebing Landbobank A/S;Denmark;Denmark;OMX Nordic Exchange Copenhagen A/S;DK0060854669;2138002M5U5K4OUMVV62;;02/01/1985;02/01/1985;Financials;Banks;Banks;15.00;;;;393;ALL_COMPANIES/Ringkjoebing Landbobank A-S/annual-report-2024.pdf;Ringkjøbing Landbobank A/S;2024;00.00;[];0;0;0;0;73519640000;Rinkobing;11/12/1986;646.00.00;;3827648000.0
109;RILBA.CO;Ringkjoebing Landbobank A/S;Denmark;Denmark;OMX Nordic Exchange Copenhagen A/S;DK0060854669;2138002M5U5K4OUMVV62;;02/01/1985;02/01/1985;Financials;Banks;Banks;15.00;;;;392;ALL_COMPANIES/Ringkjoebing Landbobank A-S/annual-report-2023.pdf;Ringkjøbing Landbobank A/S;2023;00.00;[];0;0;0;0;68979581000;Rinkobing;11/12/1986;626.00.00;;2861901000.0
110;RILBA.CO;Ringkjoebing Landbobank A/S;Denmark;Denmark;OMX Nordic Exchange Copenhagen A/S;DK0060854669;2138002M5U5K4OUMVV62;;02/01/1985;02/01/1985;Financials;Banks;Banks;15.00;;;;395;ALL_COMPANIES/Ringkjoebing Landbobank A-S/10bf454f-2dd0-4bad-886d-20b3e2ae63c9.pdf;Ringkjøbing Landbobank A/S;2022;00.00;[];0;0;0;0;60357388000;Rinkobing;11/12/1986;612.00.00;;2432945000.0
111;RILBA.CO;Ringkjoebing Landbobank A/S;Denmark;Denmark;OMX Nordic Exchange Copenhagen A/S;DK0060854669;2138002M5U5K4OUMVV62;;02/01/1985;02/01/1985;Financials;Banks;Banks;15.00;;;;396;ALL_COMPANIES/Ringkjoebing Landbobank A-S/8f72dcb0-4ff2-48a4-94cb-0a83c21b8fb7.pdf;Ringkjøbing Landbobank A/S;2021;00.00;[];0;0;0;0;54862129000;Rinkobing;11/12/1986;652.00.00;;2178840000.0
112;RILBA.CO;Ringkjoebing Landbobank A/S;Denmark;Denmark;OMX Nordic Exchange Copenhagen A/S;DK0060854669;2138002M5U5K4OUMVV62;;02/01/1985;02/01/1985;Financials;Banks;Banks;15.00;;;;391;ALL_COMPANIES/Ringkjoebing Landbobank A-S/ab5c7bc9-59cd-43ba-9a3c-0834ddfb5f65.pdf;Ringkjøbing Landbobank A/S;2020;00.00;[];0;0;0;0;52940894000;Rinkobing;11/12/1986;;;2116659000.0
113;HLUNa.CO;H Lundbeck A/S;Denmark;Denmark;OMX Nordic Exchange Copenhagen A/S;DK0061804697;5493006R4KC2OI5D3470;;01/01/1999;10/06/2022;Health Care;Pharmaceuticals and Biotechnology;Pharmaceuticals;16.00;;;;83;ALL_COMPANIES/H Lundbeck A-S/Lundbeck_Annual_Report_2025.pdf.coredownload.pdf;H. Lundbeck A/S;2025;0.0164737860878876;"['dalities, and artificial intelligence are revolutionizing \n', 'Driving innovation with AI \n', 'harness AI across R&D to lead the way in AI-enabled \n', 'targeted investments in internal AI talent, redefining \n', 'Scite.ai, a powerful AI-enabled literature review tool. \n', 'Scite.ai streamlines literature review by using AI to \n', 'Centre for AI Innovation (DCAI), gaining privileged ac-\n', 'cess to Gefion, one of the world’s most powerful AI su-\n', 'ship with Iambic Therapeutics to leverage AI-driven \n', 'bic’s proprietary AI platform, including its Neu-\n', 'grating Valo Health’s AI-powered Opal Computational \n', 'AI to both small- and large-molecule discovery pro-\n', 'Advanced AI tools empower our regulatory and clinical \n', 'tal and AI-powered clinical trial execution with a focus \n', 'significant benefits from digitalization/AI augmenta-\n', 'GenAI tools for structured authoring. Finally, AI and \n', '1 ESRS 2, GOV-1 paragraph 21(a) ,(c), (c)i,; ESRS 2, GOV-3 paragraph 29(a), 29(b), 29(c), 29(d); ESRS E1-GOV-1 paragraph 13. 2 In 2025, Lundbeck established a strong decision making framework consisting of four committees – the Capital Allocation Committee, the Strategic Portfolio \nCommittee, the Global Digital &AI Committee and the CAPEX Committee - which ensure that strategic decisions within their area of expertise are taken with an enterprise mindset. 3 ESRS 2, GOV-3 paragraph 29(e); *Subject to limited assurance. 4 Not re-elected as Board member at \nthe Annual General Meeting on 26 March 2025. 5 Elected as new Board member at the Annual General Meeting on 26 March 2025. \n']";5;5;4;14;56976000000;Valby;14/10/1950;5681.00.00;;
114;HLUNa.CO;H Lundbeck A/S;Denmark;Denmark;OMX Nordic Exchange Copenhagen A/S;DK0061804697;5493006R4KC2OI5D3470;;01/01/1999;10/06/2022;Health Care;Pharmaceuticals and Biotechnology;Pharmaceuticals;16.00;;;;86;ALL_COMPANIES/H Lundbeck A-S/Lundbeck_Annual_Report_2024.pdf;H. Lundbeck A/S;2024;0.0121217998448409;"['unique AI-driven discovery platform, en-\n', 'within AI and sustainability.\n', 'Driving innovation with AI \n', 'At Lundbeck, AI and digitization are pivotal drivers of \n', 'expedite AI and digital technology adoption. \n', 'leverage their AI-powered drug discovery platform, \n', 'with Logica, integrating Valo Health’s AI-powered \n', 'molecule discovery, applying AI to both small and \n', 'prediction rate and speed. Effective AI use requires \n', 'Tools like Copilot and GenAI enhance personal \n', 'Lundbeck aims to deliver on three strategic AI initia-\n', '• AI in Structured Content Generation,  \n', '• AI-enabled Literature Review, and  \n', 'Strategic partnership to leverage AI for drug dis-\n', 'with Iambic Therapeutics to leverage AI-driven drug \n', ""Iambic's advanced AI platform, including Neu-\n""]";4;4;3;11;37407000000;Valby;14/10/1950;5450.00.00;;
115;HLUNa.CO;H Lundbeck A/S;Denmark;Denmark;OMX Nordic Exchange Copenhagen A/S;DK0061804697;5493006R4KC2OI5D3470;;01/01/1999;10/06/2022;Health Care;Pharmaceuticals and Biotechnology;Pharmaceuticals;16.00;;;;82;ALL_COMPANIES/H Lundbeck A-S/Lundbeck Annual Report 2023.pdf;H. Lundbeck A/S;2023;0.0068662455369404;['Data is also core in our different artificial \nintelligence-related (AI) projects. Lundbeck is \n', 'implementing AI in different parts of its \nbusiness. We use AI to e.g., reshape drug \ndiscovery, accelerate drug development, and for \n'];2;3;1;6;37452000000;Valby;14/10/1950;5348.00.00;;
116;HLUNa.CO;H Lundbeck A/S;Denmark;Denmark;OMX Nordic Exchange Copenhagen A/S;DK0061804697;5493006R4KC2OI5D3470;;01/01/1999;10/06/2022;Health Care;Pharmaceuticals and Biotechnology;Pharmaceuticals;16.00;;;;87;ALL_COMPANIES/H Lundbeck A-S/Lundbeck Annual Report 2022_locked.pdf;H. Lundbeck A/S;2022;00.00;[];0;0;0;0;34653000000;Valby;14/10/1950;5628.00.00;3737000000.0;16299000000.0
117;HLUNa.CO;H Lundbeck A/S;Denmark;Denmark;OMX Nordic Exchange Copenhagen A/S;DK0061804697;5493006R4KC2OI5D3470;;01/01/1999;10/06/2022;Health Care;Pharmaceuticals and Biotechnology;Pharmaceuticals;16.00;;;;85;ALL_COMPANIES/H Lundbeck A-S/Annual_Report_2021.pdf;H. Lundbeck A/S;2021;00.00;[];0;0;0;0;36029000000;Valby;14/10/1950;5806.00.00;4019000000.0;17672000000.0
118;HLUNa.CO;H Lundbeck A/S;Denmark;Denmark;OMX Nordic Exchange Copenhagen A/S;DK0061804697;5493006R4KC2OI5D3470;;01/01/1999;10/06/2022;Health Care;Pharmaceuticals and Biotechnology;Pharmaceuticals;16.00;;;;84;ALL_COMPANIES/H Lundbeck A-S/Annual Report 2020.pdf;H. Lundbeck A/S;2020;00.00;[];0;0;0;0;38133000000;Valby;14/10/1950;;3733800000.0;17036000000.0
119;FLS.CO;FLSmidth & Co A/S;Denmark;Denmark;OMX Nordic Exchange Copenhagen A/S;DK0010234467;213800MXXDGQ3ITPXI41;;01/01/1968;01/10/1985;Industrials;Construction and Materials;Building Materials: Other;17.00;;;;94;ALL_COMPANIES/FLSmidth & Co A-S/flsmidth-annual-report-2025.pdf;FLSmidth & Co. A/S;2025;0.0009127002236115;['Report on Data Ethics Policy \nIn 2022, FLSmidth introduced its Data Ethics \nPolicy. The policy addresses the data ethics \nprinciples applied by FLSmidth as well as the \napproach to data processing covering all relevant \ndata types. When using artificial intelligence and \nthe like, we strive to ensure that the results are not \ndiscriminatory or biased. \n'];1;0;0;1;26935000000;Valby;21/10/1925;9377.00.00;827000000.0;24106000000.0
120;FLS.CO;FLSmidth & Co A/S;Denmark;Denmark;OMX Nordic Exchange Copenhagen A/S;DK0010234467;213800MXXDGQ3ITPXI41;;01/01/1968;01/10/1985;Industrials;Construction and Materials;Building Materials: Other;17.00;;;;98;ALL_COMPANIES/FLSmidth & Co A-S/annual-report-2024 (2).pdf;FLSmidth & Co. A/S;2024;0.0018354685951323;['Digitalisation of the Cement Industry\nDigital solutions are entwined with all facets of \noperational excellence, enabling equipment to run \nbetter and reducing equipment downtime. We \ncan connect directly to customer assets using our \nIoT platform to offer real-time access from any \ndevice and 24/7 monitoring and support. Cement \nplants are increasingly recognising the value this \nbrings. In 2024, we implemented more than 500 \nnew PlantLine™ service agreements. These custo-\nmisable service contracts offer cement plants \nrapid access to our experts for essential support \nand optimisation. We are also leveraging AI/data \nanalytics alongside partners such as Carbon Re to \nelevate digital-enabled optimisation for optimised \nenergy consumption, emissions reduction, and \nenhanced product quality. \n', 'Report on Data Ethics Policy \nIn 2022, FLSmidth introduced its Data Ethics \nPolicy. The policy addresses the data ethics \nprinciples applied by FLSmidth as well as the \napproach to data processing covering all relevant \ndata types. When using artificial intelligence \nand the like, we strive to ensure that the results \nare not discriminatory or biased. The short- and \nlong-term consequences of data processing \nactivities, especially when new technology is \napplied, are considered and the impact on the \ndata subjects are taken into account. Security of \ndata is important to us. FLSmidth adheres to the \nsix fundamental ethical values developed by the \nexpert group on data ethics to the Danish Data \nEthics Council. \n'];4;4;2;10;27011000000;Valby;21/10/1925;10977.0;626000000.0;21849000000.0
121;FLS.CO;FLSmidth & Co A/S;Denmark;Denmark;OMX Nordic Exchange Copenhagen A/S;DK0010234467;213800MXXDGQ3ITPXI41;;01/01/1968;01/10/1985;Industrials;Construction and Materials;Building Materials: Other;17.00;;;;93;ALL_COMPANIES/FLSmidth & Co A-S/annual-report-2023 (2).pdf;FLSmidth & Co. A/S;2023;0.0012699380270242;['Report on Data Ethics Policy \nIn 2022, FLSmidth introduced its Data Ethics Pol-\nicy. The policy addresses the data ethics princi-\nples applied by FLSmidth as well as the approach \nto data processing covering all relevant data \ntypes. When using artificial intelligence and the \nlike, we strive to ensure that the results are not \ndiscriminatory or biased. The short- and long-term \nconsequences of data processing activities, espe-\ncially when new technology is applied, are con-\nsidered and the impact on the data subjects are \ntaken into account. Security of data is important to \nus. FLSmidth adheres to the six fundamental ethi-\ncal values developed by the expert group on data \nethics to the Danish Data Ethics Council.  \n \nFor additional information in accordance with Sec-\ntion 99d of the Danish Financial Statements Act, \nrefer to: www.flsmidth.com/data-ethics \n \nSustainability Report \nConcurrently with the Annual Report, FLSmidth \nhas published its annual Sustainability Report cov-\nering non-financial performance related to envi-\nronmental, social and governance impacts. The \n'];1;0;0;1;29845000000;Valby;21/10/1925;10117.0;;17581000000.0
122;FLS.CO;FLSmidth & Co A/S;Denmark;Denmark;OMX Nordic Exchange Copenhagen A/S;DK0010234467;213800MXXDGQ3ITPXI41;;01/01/1968;01/10/1985;Industrials;Construction and Materials;Building Materials: Other;17.00;;;;97;ALL_COMPANIES/FLSmidth & Co A-S/annual-report-2022.pdf;FLSmidth & Co. A/S;2022;0.0025034735695777;['With the launch of digitally enabled products and digital offerings aimed at increasing productivity at customer sites and \nthe implementation of artificial intelligence in parts of Procurement, Finance and other Group Functions, the company \ncontinues to improve sustainable productivity in-house. Through our own technology centres, collaborations with cus-\ntomers at their sites and partnerships with third parties, we are working together to co-create new solutions. \n', 'FLSmidth has gone through over the past several \nyears. \n \nPresentation of financial statements \nand internal controls  \nTo ensure the high quality of the Group’s financial \nreporting, the Board of Directors and the Group \nExecutive Management have adopted a number \nof policies, procedures and guidelines  \nfor the presentation of the financial statements \nand internal controls which can be found at: \nwww.flsmidth.com/en-gb/company/investors/gov-\nernance \n  \nPolicy on Data Ethics \nIn 2022, FLSmidth issued its Policy on Data Ethics. \nThe policy addresses the data ethic principles ap-\nplied by FLSmidth and describes the approach to \ndata processing covering all data types. When us-\ning artificial intelligence and the like, we strive to \nensure that the results are not discriminatory or bi-\nased. The short- and long-term consequences of \ndata processing activities, especially when new \ntechnology is applied, are considered and the im-\npact on the data subjects are taken into account. \nSecurity of data is important to us. FLSmidth ad-\nheres to the six fundamental ethical values devel-\noped by the expert group on data ethics to the \nDanish Data Ethics Council. Group Legal is the \nowner of the policy. \n \nFor additional information please refer to: \nwww.flsmidth.com/data-ethics \n \n \n'];4;3;2;9;23053000000;Valby;21/10/1925;10639.0;;16441000000.0
123;FLS.CO;FLSmidth & Co A/S;Denmark;Denmark;OMX Nordic Exchange Copenhagen A/S;DK0010234467;213800MXXDGQ3ITPXI41;;01/01/1968;01/10/1985;Industrials;Construction and Materials;Building Materials: Other;17.00;;;;95;ALL_COMPANIES/FLSmidth & Co A-S/annual-report-2021.pdf;FLSmidth & Co. A/S;2021;0.0041657409464563;['Comminution (crushing, milling and grinding) \naccounts for over 30% of a mine’s total energy \nconsumption. Via smart sensor technology and \nmachine learning, the digital solution LoadIQ \ncan determine the optimum mill load and \nthereby increase throughput by 3-6%. This can \nhelp mines reduce power consumption, extend \nthe life of wear parts and increase operational \nstability.\nREFLUX™ FLOTATION \nCELL\n', 'Risk management framework \nFLSmidth’s risk management framework is out-\nlined on the company website: www.fls-\nmidth.com/en-gb/company/investors/govern-\nance/managing-risks. \n \nThe Board of Directors has the overall responsi-\nbility for deciding the Group’s risk appetite and \nreviews the Group’s top risks and key mitigation \nstrategies annually. \n \n2021 risk review  \nThis year’s risk review resulted in the identifica-\ntion of 10 top risks and opportunities that have \nthe potential to significantly impact the entire \nbusiness and organisation. The top risks - supply \nchain, cybersecurity, compliance and geopolitical \n- were all different from 2020. \n \nDuring 2021, the world economy has been faced \nwith logistics and supply chain challenges. As a \nglobal company this has impacted FLSmidth too. \nWe have, however, been successful in mitigating \nmost of the impact based on our flexibility to \nswitch between suppliers and our regionalised \nsourcing and setup for the service business. \nAlso, artificial intelligence has been a key lever to \n', 'With the launch of digitally enabled products and digital offerings aimed at increasing productivity at cus-\ntomer sites and the appointment of Regional Product Line Managers as well as implementation of artificial \nintelligence in parts of Procurement, Finance and other Group Functions, the company continues to improve \nsustainable productivity in-house. Through our own technology centres, collaborations with customers at \ntheir sites and partnerships with third parties, we are working together to co-create new solutions. \n', 'Due to FLSmidth’s global presence in over 60 \ncountries, the overall workforce naturally reflects \na multitude of cultures and nationalities. The \nBoard of Directors has set a long-term goal ac-\ncording to which global managers should to a \ngreater extent reflect the representation of na-\ntionalities among all employees and the geo-\ngraphical location of FLSmidth’s technology cen-\ntres in Denmark (9% of the total workforce), the \nUSA (15% of the total workforce) and India (22% \nof the total workforce). \n \nToday 50% (2020: 56%) of Group Executive Man-\nagement and 91% (end 2020: 90%) of the total \nnumber of employees have a nationality other \nthan Danish.  \n \nFLSmidth is a learning organisation, and our peo-\nple are our most valuable resource. 48% of the \nworkforce is below the age of 40. 46% have less \nthan 5 years seniority, which reflects the transi-\ntion FLSmidth has gone through over the past \nseveral years. \n \nPresentation of financial statements \nand internal controls  \nTo ensure the high quality of the Group’s finan-\ncial reporting, the Board of Directors and the \nGroup Executive Management have adopted a \nnumber of policies, procedures and guidelines  \nfor the presentation of the financial statements \nand internal controls which can be found at: \nwww.flsmidth.com/en-gb/company/inves-\ntors/governance \n  \nPolicy on Data Ethics \nDuring 2021, FLSmidth issued its Policy on Data \nEthics. The policy addresses the data ethic princi-\nples applied by FLSmidth and describes the ap-\nproach to data processing covering all data \ntypes. When using artificial intelligence and the \n'];4;3;2;9;20456000000;Valby;21/10/1925;12343.0;;20646000000.0
124;FLS.CO;FLSmidth & Co A/S;Denmark;Denmark;OMX Nordic Exchange Copenhagen A/S;DK0010234467;213800MXXDGQ3ITPXI41;;01/01/1968;01/10/1985;Industrials;Construction and Materials;Building Materials: Other;17.00;;;;96;ALL_COMPANIES/FLSmidth & Co A-S/annual-report-2020.pdf;FLSmidth & Co. A/S;2020;0.0063105815831987;"['shipping export terminals in the south of the \ncountry, improving the throughput, quality and \nsafety of the customer’s operations. On the \ninnovation front, we launched the world’s most \nOPEX- and CAPEX-efficient digitally-enabled \ngyratory crusher, and we took a major step in \nour artificial intelligence journey with the launch \nof our latest ProcessExpert system applicable \nfor both mining and cement. Furthermore, we \nsupplemented our in-house innovation through \nthe acquisition of KnowledgeScape, a global \nleader in digital optimisation solutions for the \nmineral processing industry.\n', 'The range of benefits delivered by digitalisation \nhas become even more apparent during the \nCOVID-19 pandemic. Given current priorities, the \nadvantages of remotely controlled operations \nand predictive maintenance have been highly \nappreciated by customers. We have hundreds \nof sites connected to an online network and the \nnumber of measurements received per day has \nsignificantly increased in 2020. We now receive \naround 105 million data measurements per day \nwith a range of benefits: safety, productivity, \ncost savings, sustainability and increased \nuptime. The data is analysed to provide detailed \ninformation on our customers’ equipment, \nallowing us to suggest optimisations and \nefficiency improvements. The method covers \nthe full spectrum from running an analysis \nall the way to artificial intelligence providing \nguidance on a specific part that is developing a \nweakness and is about to break. This allows it \nto be replaced before it causes more problems, \nextending downtime and potentially impacting \nmachinery downstream. \n', 'SELF-LEARNING \nCONTROL \nSOLUTIONS BASED \nON ARTIFICIAL \nINTELLIGENCE\n', 'THE SOLUTION\nState-of-the-art process \noptimisation and artificial \nintelligence enables the site to \n', ""The Group has invested heavily in mitigation efforts, leading to a positive impact on the Company's internal \nproductivity as well as with customers. The Company has continued to improve sustainable productivity \nthrough the launch of digitally-enabled products and digital offerings aimed at increasing productivity at cus-\ntomer sites, the appointment of Regional Product Line Managers and the implementation of AI in parts of Pro-\ncurement, Finance and other Group Functions. \n""]";4;4;3;11;23532000000;Valby;21/10/1925;;;20187000000.0
125;RBREW.CO;Royal Unibrew A/S;Denmark;Denmark;OMX Nordic Exchange Copenhagen A/S;DK0060634707;529900D69KFL8IAP8Q63;;01/01/1998;02/01/1985;Consumer Staples;Beverages;Brewers;17.00;;;;248;ALL_COMPANIES/Royal Unibrew A-S/royal-unibrew-annual-report-2025.pdf;Royal Unibrew A/S;2025;00.00;"['Subsequently, we offer consumers a selec-\ntion of great tasting beverages clearly labeled \nbeyond regulatory requirements in our key \nmarkets. This includes labeling energy content \nper 100 ml; nutritional disclosure on our \nmarket’s websites for beer; warnings on energy \ndrinks for children, pregnant women, and \nlactating women; and observing more stringent \nrules regarding the marketing of products.\n']";0;0;0;0;17886000000;Fakse;23/11/1983;3984.00.00;;15036000000.0
126;RBREW.CO;Royal Unibrew A/S;Denmark;Denmark;OMX Nordic Exchange Copenhagen A/S;DK0060634707;529900D69KFL8IAP8Q63;;01/01/1998;02/01/1985;Consumer Staples;Beverages;Brewers;17.00;;;;245;ALL_COMPANIES/Royal Unibrew A-S/annual-report-2024 (1).pdf;Royal Unibrew A/S;2024;0.0009378927425859;['Subsequently, we offer consumers a choice \nof great tasting beverages with clearly labeled \nproducts – going beyond regulatory require-\nments in major markets. This includes labeling \nenergy content per 100 ml, full nutritional \ndisclosure on our homepage for beer, warnings \non energy drinks for children, pregnant and \nlactating women, and observing more stringent \nrules regarding the marketing of products.\n', 'Data protection, ethics and cyber \nsecurity G1-1\nOur General Data Protection and Data Ethics \nPolicy specifies requirements and principles \nto the design, purchase and implementation \nof technologies, especially new technologies, \nincluding AI, and processing of personal data. \nThe principles include topics such as legality, \nethical design, security, transparency, and \nrespect for human rights. \n'];1;0;1;2;17778000000;Fakse;23/11/1983;3365.00.00;;12927000000.0
127;RBREW.CO;Royal Unibrew A/S;Denmark;Denmark;OMX Nordic Exchange Copenhagen A/S;DK0060634707;529900D69KFL8IAP8Q63;;01/01/1998;02/01/1985;Consumer Staples;Beverages;Brewers;17.00;;;;249;ALL_COMPANIES/Royal Unibrew A-S/annual-report-2023 (1).pdf;Royal Unibrew A/S;2023;0.0012758356723653;['portfolio was reduced by 9.5% per 100 ml during the same \nperiod. \n', 'Our Data Protection and Data Ethics Policy specifies require-\nments and principles to design, purchase and implementation \nof technologies, especially new technologies, including AI, \nentailing processing of personal data. The principles include \ntopics such as legality, ethical design, security, transparency \nand respect for human rights. All employees were trained in \naspects of GDPR and data security in 2023. No activities did \nby its nature trigger any need for specific initiatives in relation \nto data ethics.\n'];1;0;0;1;14474000000;Fakse;23/11/1983;2890.00.00;;11487000000.0
128;RBREW.CO;Royal Unibrew A/S;Denmark;Denmark;OMX Nordic Exchange Copenhagen A/S;DK0060634707;529900D69KFL8IAP8Q63;;01/01/1998;02/01/1985;Consumer Staples;Beverages;Brewers;17.00;;;;247;ALL_COMPANIES/Royal Unibrew A-S/ru-ar-2022-uk-web.pdf;Royal Unibrew A/S;2022;00.00;['Between 2018 and 2022, the volume growth \nfor no and low products significantly outper-\nformed regular products for both carbonated \nsoft drinks (CSD), beer and cider/RTD. For our \nCSD, water and energy drinks portfolio, this is \nalso reflected in a 2% general reduction in calory \ncontent per 100 ml across our markets during \nthe same period. \n', 'During recent years, Royal Unibrew has introduced more no/\nlow sugar alternatives compared to regular products, e.g., \nin the soft drink and water categories as well as the energy \ndrinks category. The volume of no sugar products increased \nby 8% from 2018 to 2022, while regular products increased \nby 6% in the same period, which indicates that our short-term \n2022 target (a balanced launch of regular vs no and low) as \nwell as our 2030 target (no/low growing faster than average \nof the portfolio) are working. In addition, the calorie content of \nthe portfolio was reduced by 2% per 100 ml during the same \nperiod. \n'];0;0;0;0;10914000000;Fakse;23/11/1983;2631.00.00;;8746000000.0
129;RBREW.CO;Royal Unibrew A/S;Denmark;Denmark;OMX Nordic Exchange Copenhagen A/S;DK0060634707;529900D69KFL8IAP8Q63;;01/01/1998;02/01/1985;Consumer Staples;Beverages;Brewers;17.00;;;;246;ALL_COMPANIES/Royal Unibrew A-S/royal_ar21_uk_web.pdf;Royal Unibrew A/S;2021;00.00;['Between 2017 and 2021, the volume \ngrowth for no and low products signifi-\ncantly out-performed regular products for \nboth soft drinks, beer, cider and RTD. For \nour CSD, water and energy portfolio, this \nis also reflected in a 8% general reduction \nin calory content per 100 ml across our \nmarkets during the same period. \n', 'During recent years, Royal Unibrew has introduced more no/\nlow sugar alternatives compared to regular, e.g., full sugar \nproducts in the soft drink, water and energy categories. The \nvolume of no sugar products increased by 11% from 2017 to \n2021, while regular products increased by 6% in the same \nperiod, which indicates our short-term 2022 target of a bal-\nanced launch of regular, low and no beverages is working. In \naddition, the calorie content of the portfolio showed an overall \n8% reduction per 100 ml during the same period. \n'];0;0;0;0;8306000000;Fakse;23/11/1983;2567.00.00;;7557000000.0
130;RBREW.CO;Royal Unibrew A/S;Denmark;Denmark;OMX Nordic Exchange Copenhagen A/S;DK0060634707;529900D69KFL8IAP8Q63;;01/01/1998;02/01/1985;Consumer Staples;Beverages;Brewers;17.00;;;;250;ALL_COMPANIES/Royal Unibrew A-S/unibrew_aarsrapport_2020_uk.pdf;Royal Unibrew A/S;2020;00.00;['Royal Unibrew wants to provide choice \nfor the consumers, but we are aware \nof the global challenges formulated by \nWHO regarding obesity as well as alco-\nhol abuse. We take our responsibility very \nseriously, in our product declaration, in \nour marketing of products and not the \nleast when we develop new products. We \nwant to offer products with great taste \nfor every occasion, including a balanced \nlaunch of regular, no and low products \nin different categories. Between 2017 and \n2020, the volume growth for no and low \nproducts out-performed regular prod-\nucts, significantly for both soft drinks, \nbeer, cider and RTD. For our CSD, water \nand energy portfolio, this is also reflect-\ned in a 7% general reduction in calory \ncontent per 100 ml across our markets \nduring the same period. For beer, RTD \nand cider the average alcohol percentage \nare clearly reduced in Denmark, Finland \nand the Baltics between 3 to 5%.  \n'];0;0;0;0;8492540000;Fakse;23/11/1983;;;7692479000.0
131;ZELA.CO;Zealand Pharma A/S;Denmark;Denmark;OMX Nordic Exchange Copenhagen A/S;DK0060257814;549300ITBB1ULBL4CZ12;;01/11/2010;24/11/2010;Health Care;Pharmaceuticals and Biotechnology;Biotechnology;18.00;;;;514;ALL_COMPANIES/Zealand Pharma A-S/zealand-pharma-annual-report-2025.pdf;Zealand Pharma A/S;2025;0.0271096749007785;['By leveraging and combining more than 25 years of peptide \nexpertise with advanced computational methods and AI, \nexpanding our global research capabilities by establishing a \ncutting-edge research site in Boston, and entering into  \npartnerships to complement and expand our molecule-making \ntoolbox, we aim to continue advancing innovative solutions \nfor people with overweight, obesity, and metabolic imbalance, \nultimately positioning Zealand Pharma to achieve leadership \nin metabolic health.\n', '\tș Establish research site in \nBoston to accelerate medicine \ncreation through AI-ML driven \npeptide discovery\n', 'To build on the company’s metabolic heritage in Copenhagen \nand accelerate medicine creation, Zealand Pharma is \nestablishing a research site in Boston in 2026. The Boston \nresearch site will combine Zealand Pharma’s 27 years \nof peptide experience with advanced automation and \nAI-driven drug discovery to accelerate drug discovery \nand development, while expanding the platform for \n', 'In January 2026, Zealand Pharma announced a strategic \npartnership with the Danish Centre for AI Innovation (DCAI) \nto strengthen and accelerate drug discovery through access \nto Gefion, Denmark’s flagship AI supercomputer. Gefion’s \nstate-of-the-art infrastructure provides Zealand Pharma with \nscalable, flexible computational power tailored to the specific \nrequirements of each research project. Powered entirely by \nrenewable energy and combined with Zealand Pharma’s 27 \nyears of peptide research expertise, this capability enables \nlarge-scale protein-peptide simulations with unprecedented \ncomputational capacity.\n', 'Dorte works in IT\nAnders works in Cybersecurity\nSuheil works in Data Analytics  \n& AI\nPernille works in Obesity \nPharmacology\n', 'Scope 3 / \nEnergy\nDigital \ninfrastructure \n& AI\n', '\tș 100% renewable energy for cloud AI and \ndigital infrastructure a\n\tș Embedding energy and climate considera-\ntions into technology vendor selection\n', '\tș Optimizing AI workloads to reduce computational \nintensity and energy demand\n\tș Exploring timing and scheduling of compute inten-\nsive workloads to minimize energy impacts\n\tș Ensuring 100% renewable energy for entire cloud \nand data infrastructure\n', 'In addition, as we continue to roll out artificial intelligence \n(AI) and digital solutions across Zealand Pharma, we actively \nmanage the environmental impacts associated with increased \ndata processing and storage. We work closely with tech-\nnology partners who share our ambitions to promote energy \nefficiency and responsible data management as our use of \nAI and digital solutions continues to expand. Our aim is that \nall external data storage and processing are hosted in data \ncentres powered by 100% renewable energy, and carbon \n', 'We continuously roll out AI across Zealand Pharma to \nenhance our research, development, and overall business \noperations. Responsible use of AI is governed within our \nData Protection Policy, and our Information Security frame-\nworks, We apply privacy-by-design and GDPR principles \nto AI, ensure appropriate risk assessments are conducted \nfor AI systems that process personal data, and de-identify \n', 'personal data wherever feasible. AI tools are covered by \nour ISO27001- and CIS-aligned cybersecurity program, \nincluding monitoring and testing. When an AI solution is \nintended for GxP use, we ensure it meets applicable GxP \nvalidation and compliance requirements. Through robust \nvendor due diligence and contractual safeguards, we \nprotect patient and corporate data while maximizing the \nvalue AI brings to our business.\n', 'Ownership of our Data Protection Policy, Data Protection Life \nCycle Policy, our Cyber Security program, and AI governance \nlies with Corporate Management. Our Board of Directors, \nthrough the Audit Committee, monitor the state of our proce-\ndures regarding data and cyber security on a continuous basis.\n', '\tș Established our Data Protection Board to oversee activities \nwithin Zealand Pharma from a legal, cybersecurity, AI, and IP \nperspective.\n', 'Looking ahead\nWe believe that our current efforts in relation to privacy and \ndata protection are strong, and for 2026 we wish to continue \nour efforts to maintain our strong safeguards. Additionally, \nwe will work to ensure continued compliance with the EU \nNetwork and Information Security Directive 2 (NIS2) which \ntook effect in Denmark in 2025. Furthermore, as we advance \nour AI strategy and roll out additional initiatives within \nresearch, ensuring data ethics and the responsible use of AI \ntechnology is a key priority for 2026.\n', 'Looking ahead\nTo support the growth and development of all our employees, \nwe launched a new Job Architecture Framework in 2025, \nwhich is to be further anchored through 2026.  This is to \nensure a transparent and aligned structure to be used when \nhaving a dialogue around development areas and career \nprogression. Furthermore, we wish to continue our internal \neducational sessions and competency development, e.g., on \nproject management, negotiation skills, data literacy, and AI.\n', 'In 2016, Zealand Pharma entered into collaboration with Beta Bionics, Inc., a medical technology company \nleveraging lifelong, machine-learning, artificial intelligence to develop and commercialize the world’s \nfirst autonomous bionic pancreas. The partnership aimed to combine product rights from each party to \nadvance a new dual-hormonal artificial pancreas system. The intent of such a system was to offer people \nwith diabetes on insulin therapy more efficacious, safer, and easier blood sugar control for better long-\nterm disease management and outcomes.\n'];5;4;4;13;9505600000;Soeborg;01/04/1997;253.00.00;1264720000.0;62691000.0
132;ZELA.CO;Zealand Pharma A/S;Denmark;Denmark;OMX Nordic Exchange Copenhagen A/S;DK0060257814;549300ITBB1ULBL4CZ12;;01/11/2010;24/11/2010;Health Care;Pharmaceuticals and Biotechnology;Biotechnology;18.00;;;;516;ALL_COMPANIES/Zealand Pharma A-S/zealand-pharma-2024-annual-report.pdf;Zealand Pharma A/S;2024;0.0034067294261932;['Chair of the Board of BioInvent International AB, \nBoard member and Chair of Audit Committee of \nPharming Group NV., and Basilea Pharmaceutica \nLtd. Director AI Global Investments (Netherlands).\n', 'Looking ahead\nTo support the growth and development of all our employees, \nwe plan to launch a new Career Framework in 2025. This is \nto ensure a transparent career architecture structure and \nclearer development opportunities. Furthermore, we wish to \ncontinue our internal educational sessions and competency \ndevelopment, e.g., on project management, negotiation skills, \ndata literacy, and AI.\n', 'In 2016, Zealand Pharma entered into collaboration with Beta Bionics, Inc., a medical technology company \nleveraging lifelong, machine-learning, artificial intelligence to develop and commercialize the world’s \nfirst autonomous bionic pancreas. The partnership aimed to combine product rights from each party to \nadvance a new dual-hormonal artificial pancreas system. The intent of such a system was to offer people \nwith diabetes on insulin therapy more efficacious, safer, and easier blood sugar control for better long-\nterm disease management and outcomes.\n'];2;3;1;6;1979993000;Soeborg;01/04/1997;196.00.00;636700000.0;342788000.0
133;ZELA.CO;Zealand Pharma A/S;Denmark;Denmark;OMX Nordic Exchange Copenhagen A/S;DK0060257814;549300ITBB1ULBL4CZ12;;01/11/2010;24/11/2010;Health Care;Pharmaceuticals and Biotechnology;Biotechnology;18.00;;;;519;ALL_COMPANIES/Zealand Pharma A-S/zealand-pharma-2023-annual-report.pdf;Zealand Pharma A/S;2023;0.0026224005454593;['Current positions\nBoard member of Halozyme Therapeutics Inc. \nand Editas Medicine.\nChair of the Board of BioInvent International AB, \nBoard member and Chair of Audit Committee of \nPharming Group NV., and Basilea Pharmaceutica \nLtd. Director AI Global Investments (Netherlands).\n', 'In 2016, Zealand entered into collaboration with Beta Bionics, Inc., a medical technology company \nleveraging lifelong, machine-learning, artificial intelligence to develop and commercialize the world’s \nfirst autonomous bionic pancreas. The partnership aims to combine product rights from each party \nto advance a new dual-hormonal artificial pancreas system. Such a system has the potential to offer \npeople with diabetes on insulin therapy more efficacious, safer, and easier blood sugar control for better \nlong-term disease management and outcomes.\n'];2;2;0;4;1539806000;Soeborg;01/04/1997;355.00.00;574700000.0;103986000.0
134;ZELA.CO;Zealand Pharma A/S;Denmark;Denmark;OMX Nordic Exchange Copenhagen A/S;DK0060257814;549300ITBB1ULBL4CZ12;;01/11/2010;24/11/2010;Health Care;Pharmaceuticals and Biotechnology;Biotechnology;18.00;;;;518;ALL_COMPANIES/Zealand Pharma A-S/zealand-pharma-2022-annual_report.pdf;Zealand Pharma A/S;2022;0.0037787896536739;['Current positions\nBoard member of the board of Halozyme Thera-\npeutics Inc., Editas Medicine and Syneos Health.\nChairman of the board of BioInvent Interna-\ntional AB, board member of Oncolytics Biotech \nInc., board member and Chairman of Audit \nCommittee of Pharming Group NV., and Basilea \nPharmaceutica Ltd. Director AI Global (Nether-\nlands) PCC Ltd.\n', 'In 2016, Zealand entered into collaboration with Beta Bionics, Inc., a medical technology company \nleveraging lifelong, machine-learning, artificial intelligence to develop and commercialize the world’s \nfirst autonomous bionic pancreas. The partnership aims to combine product rights from each party \nto advance a new dual-hormonal artificial pancreas system. Such a system has the potential to offer \npeople with diabetes on insulin therapy more efficacious, safer and easier blood sugar control for better \nlong-term disease management and outcomes.\n'];2;3;0;5;2067629000;Soeborg;01/04/1997;329.00.00;590133330.0;292567000.0
135;ZELA.CO;Zealand Pharma A/S;Denmark;Denmark;OMX Nordic Exchange Copenhagen A/S;DK0060257814;549300ITBB1ULBL4CZ12;;01/11/2010;24/11/2010;Health Care;Pharmaceuticals and Biotechnology;Biotechnology;18.00;;;;517;ALL_COMPANIES/Zealand Pharma A-S/zealand-pharma-2021-annual-report.pdf;Zealand Pharma A/S;2021;0.0018973891924711;['Current positions\nBoard member of the board of Halozyme Thera-\npeutics Inc. and Syneos Health.\nChairman of the board of BioInvent Int. AB., \nboard member of Oncoytics Biotech Inc. and \nboard member and Chairman of Audit Commit-\ntee of Pharming Group NV. Director AI Global \n(Netherlands) PCC Ltd.\n'];0;0;0;0;1761949000;Soeborg;01/04/1997;179.00.00;606460000.0;353314000.0
136;ZELA.CO;Zealand Pharma A/S;Denmark;Denmark;OMX Nordic Exchange Copenhagen A/S;DK0060257814;549300ITBB1ULBL4CZ12;;01/11/2010;24/11/2010;Health Care;Pharmaceuticals and Biotechnology;Biotechnology;18.00;;;;515;ALL_COMPANIES/Zealand Pharma A-S/zealand-pharma-2020-annual-report.pdf;Zealand Pharma A/S;2020;0.0034392034804739;['Dasiglucagon for bi-hormonal artificial pancreas pump systems\nZealand is developing a 1 ml cartridge containing 4 mg/ml dasiglucagon, intended for use in bi-hormonal artificial pancreas pumps.\n', 'We are collaborating with Beta Bionics, developer of the iLet™, a pocket-sized, dual-chamber, autonomous, glycemic control \nsystem. The iLet mimics a biological pancreas by calculating and dosing insulin and/or glucagon (dasiglucagon) as needed, based \non data from the diabetic person’s continuous glucose monitor. The iLet is the world’s first autonomous bionic pancreas device — a \nbi-hormonal system leveraging lifelong machine learning and artificial intelligence to deliver insulin and glucagon analogs for the \nautonomous treatment of type 1 diabetes.\n', 'Current positions\nBoard member of Halozyme Therapeu-\ntics, Inc. and Syneos Health, Inc. \nChairman of the Board of BioInvent \nInternational AB and independent board \nmember of Oncolytics. Member of the \ninvestment advisory council of Karmijn \nKapitaal. Director AI Global Investments \n(Netherlands) PCC Ltd.\n', 'Under the Sanofi License Agreement, Zealand were eligible to receive remaining milestone \npayments relating to commercialized products of up to USD 100 million, contingent on the \nachievement of certain sales levels, as well as royalties on global sales of such products. Royal-\nties correspond to tiered, low-double-digit percentages of Sanofi’s global net sales of lixisenati-\nde (branded as AdlyxinR in the U.S. and as LyxumiaR in the EU and in other countries) plus a \n10% royalty on global net sales of a combination of lixisenatide and insulin glargine 100 units/ml \n(LantusR) marketed under the brand name SoliquaR 100/33 in the U.S. and as SuliquaR in the EU. \nIn 2016, Sanofi challenged the validity of certain patents owned by a competitor, AstraZeneca \n(and its affiliates), in both administrative and court proceedings in the U.S. and in certain other \ncountries, and AstraZeneca brought counterclaims in the U.S. proceedings asserting that prod-\nucts containing lixisenatide infringe its patents. Sanofi and AstraZeneca subsequently agreed to \nsettle all claims and counterclaims between them in various proceedings relating to lixisenatide.\n'];5;4;2;11;1599514000;Soeborg;01/04/1997;;485266670.0;41300000.0
137;AMBUb.CO;Ambu A/S;Denmark;Denmark;OMX Nordic Exchange Copenhagen A/S;DK0060946788;5299008W2A69WX355710;;09/03/1992;12/03/1992;Health Care;Medical Equipment and Services;Medical Equipment;19.00;;;;312;ALL_COMPANIES/Ambu A-S/Ambu-Annual-Report-2024-25.pdf;Ambu A/S;2025;0.0020652836150724;['•\t 7 new solutions launched across Respiratory, Urology, and GI\n•\t AI-powered bronchoscopy training platform introduced\n•\t +62% more endoscopy procedures supported \n', 'EndoIntelligence™ (formerly named Digital Solutions & Systems) refers to our proprietary digital platform \nthat powers performance across all four endoscopy areas: Respiratory, Urology, ENT, and GI. We are commit-\nted to advancing AI-powered and performance-enhancing technologies\xa0to support clinicians before, during, \nand after procedures, and further differentiate our endoscopy offering to be centered around patient out-\ncomes and customer efficiency. \n \nAnesthesia & Patient Monitoring remains an important part of our business. While not the focus of our \ngrowth strategy, it plays a role in powering our ambition. Our high-quality products and leading market \nposition ensure the continued strength and stable revenue of Anesthesia & Patient Monitoring, allowing us to \ninvest in endoscopy where we see the greatest opportunity to lead and make a lasting impact. \n'];3;4;2;9;7675000000;Ballerup;03/12/1956;4616.00.00;956000000.0;6037000000.0
138;AMBUb.CO;Ambu A/S;Denmark;Denmark;OMX Nordic Exchange Copenhagen A/S;DK0060946788;5299008W2A69WX355710;;09/03/1992;12/03/1992;Health Care;Medical Equipment and Services;Medical Equipment;19.00;;;;311;ALL_COMPANIES/Ambu A-S/Ambu-annual-report-2023-24-1.pdf;Ambu A/S;2024;0.0121934862396507;"['Innovative solutions to market \nIn 2023/24, we made impactful strides in our \nZOOM IN strategy. Innovation is a core part \nof our DNA, and we continued to deepen our \ncustomer insights, dedicated to advancing \nour potential in single-use endoscopy. In \npulmonology, we brought our new AI training \nplatform to customers in key markets, and \nin urology, we expanded our portfolio with \nthe launch of our latest solutions, Ambu® \naScope™ 5 Uretero and Ambu® aScope™ 5 \n', 'Portfolio strengthened with \nAmbu® Broncho Simulator, \nour new AI bronchoscopy \ntraining platform introduced \nin selected key markets\n', 'ai\n', 'ai\n', 'New AI training platform\nIntroduction in key markets of Ambu®  \nBroncho Simulator, an AI-based platform for \nbronchoscopy training.\n', 'Our customers emphasise that they don’t just value \nproducts; they value solutions. This means that they are \nnot focused solely on the specific endoscope and its \ncapabilities. They seek a solutions-based approach to \ninnovation, integrating endoscopes with cutting-edge \nsoftware, AI support, data management and portfolio-\nenhancing tools, to improve operational efficiency and \nenhance patient care.\n', 'Recognising the crucial role of digital technology \nin modern healthcare, we will develop and imple-\nment cutting-edge software in our endoscopy sys-\ntems. This will not only enhance the functionality \nand features of our endoscopes, such as, image \nresolution, advanced red contrast (ARC) and \nartificial intelligence (AI), but also empower data \nmanagement and improve overall operational \nefficiency for our customers. \xa0\n', 'Key value adding-factors represent innovations \nthat complement our endoscopy solutions \noffering, such as, portfolio-enhancing tools and \nsustainability measures. Portfolio-enhancing tools \ninclude products like our Ambu® BronchoSam-\npler™, our AI training platform and our upcoming \nvideolaryngoscope 2.0, which all complement our \npulmonology solutions offering, adding additional \nvalue for customers. \n']";4;4;3;11;7154000000;Ballerup;03/12/1956;4409.00.00;959000000.0;5391000000.0
139;AMBUb.CO;Ambu A/S;Denmark;Denmark;OMX Nordic Exchange Copenhagen A/S;DK0060946788;5299008W2A69WX355710;;09/03/1992;12/03/1992;Health Care;Medical Equipment and Services;Medical Equipment;19.00;;;;313;ALL_COMPANIES/Ambu A-S/Ambu-Annual-Report-2022-23.pdf;Ambu A/S;2023;0.0051519835136527;['ai\n', 'ai\n', 'Above all, we will keep advancing our \ninnovation setup to further increase \ncustomer-centricity. This includes \nleveraging new technologies, such \nas AI, to advance the performance of \nour endoscopy solutions and bring \nnew functionalities to customers. As \nwe look ahead, we will continue to \nuncover true customer needs, ena-\nbling us to deliver innovative solu-\ntions and fuel our long-term growth.\n', 'The emphasis is shifting towards soft-\nware-driven solutions that can adapt and \nevolve rapidly, allowing customer needs to \nbe addressed with unprecedented speed \nand efficiency, by developing intelligent, \ncontext-aware technology, such as AI.\n'];3;3;1;7;6859000000;Ballerup;03/12/1956;4584.00.00;305500000.0;4775000000.0
140;AMBUb.CO;Ambu A/S;Denmark;Denmark;OMX Nordic Exchange Copenhagen A/S;DK0060946788;5299008W2A69WX355710;;09/03/1992;12/03/1992;Health Care;Medical Equipment and Services;Medical Equipment;19.00;;;;309;ALL_COMPANIES/Ambu A-S/Q4-Annual-report-2021-22.pdf;Ambu A/S;2022;00.00;[];0;0;0;0;7215000000;Ballerup;03/12/1956;4187.00.00;804666670.0;4444000000.0
141;AMBUb.CO;Ambu A/S;Denmark;Denmark;OMX Nordic Exchange Copenhagen A/S;DK0060946788;5299008W2A69WX355710;;09/03/1992;12/03/1992;Health Care;Medical Equipment and Services;Medical Equipment;19.00;;;;310;ALL_COMPANIES/Ambu A-S/Q4_Annual-Report-2020_21.pdf;Ambu;2021;0.0019520955745993;['We develop our products in close \ncollaboration with healthcare \nprofessionals, in order to ensure \nthat our solutions solve real-life \nclinical challenges in the best \npossible way. \n \nOur product development \norganisation is global and focused \non rapid high-tech innovation \nin a modular organisation, \nleveraging advances in consumer \nelectronics. Our main innovation \ncentres are in Denmark, Germany \nand Malaysia, where we focus our \nefforts on developing new products. \nIn addition, we have local \ndevelopment departments at our \nfactories in China and the USA. \n \nDuring the past two years, we have \nincreased our global R&D \norganisation by 163%, and our \nengineers cover fields such as \nmechanics, electronics, optics, \nsoftware, artificial intelligence, \nusability, and clinical research & \nbiosafety. We rely on an \norganisation of around 400 \nin-house engineers and a \nnumber of exclusive consultants \nand technology companies. \n'];4;0;0;4;5740000000;Ballerup;03/12/1956;3108.00.00;515666670.0;4013000000.0
142;ALMB.CO;ALM. Brand A/S;Denmark;Denmark;OMX Nordic Exchange Copenhagen A/S;DK0015250344;549300H4TGLJVZ6VTA48;;27/05/1993;27/05/1993;Financials;Non-life Insurance;Full Line Insurance;19.00;;1 Oct 2024 - 20 Sep 2025;;172;ALL_COMPANIES/ALM. Brand A-S/annual-report-2025-alm-brand-as.pdf;Alm. Brand A/S;2025;0.0045942792035357;['of the quality and value creation of our \nbusiness. Therefore, a key focus area \nin the coming years will be to further \nstreamline and improve our business \nprocesses – from insights-based claims \nprevention to leveraging AI and data \nthroughout the value chain. All with the \naim of strengthening the quality of our \ncustomer portfolio, our products and \nprocesses as well as our ongoing claims \nhandling and fraud prevention activities. \n', 'Insurance capabilities \nIn the coming strategy period, we will \nfocus on strengthening our insurance \ncapabilities to ensure more accurate \npricing, more efficient claims handling \nand a lower claims ratio. Automation \nand AI will play a key role in prevent\xad\ning fraud and increasing efficiency and \nquality in claims handling. Strong part\xad\nnerships across claims types will con\xad\ntinue to create value and ensure better \nand more sustainable solutions for our \ncustomers. At the same time, the group \nwill prioritise data-driven underwrit\xad\ning and portfolio optimisation across \n', 'To strengthen the customer experience, \nAlm. Brand Group also plans to use part \nof the reinvested funds to accelerate \nits investments in AI and continue the \ndevelopment of prevention solutions.\n', 'Personalisation and prevention\nThe group uses data responsibly and \nalways with due consideration to the \ncustomers’ interests. The group uses AI, \nalways with due consideration to the cus\xad\ntomers’ interests. \n', 'BSc (Mathematics & Economics) European Master in Management. Completed Internation\xad\nal Directors Programme and AI for Boards from Insead. Completed Global ESG Certificate \nProgramme from Competent Boards\n'];3;3;2;8;35435000000;Copenhagen;28/03/1985;2265.00.00;;11083000000.0
143;ALMB.CO;ALM. Brand A/S;Denmark;Denmark;OMX Nordic Exchange Copenhagen A/S;DK0015250344;549300H4TGLJVZ6VTA48;;27/05/1993;27/05/1993;Financials;Non-life Insurance;Full Line Insurance;19.00;;1 Oct 2024 - 20 Sep 2025;;171;ALL_COMPANIES/ALM. Brand A-S/arsrapport-2024-alm-brand-as-uk.pdf;Alm. Brand A/S;2024;0.0009849111610132;['Transparency\nThe group wants to have openness with \nrespect to how data are collected, used, \nprocessed and erased, so that customers, \nbusiness partners and employees may get \ninsight into how the group uses data. \n\t\nPersonalisation and prevention\nThe group uses data responsibly and \nalways with due consideration to the \ncustomers’ interests. The group uses AI, \nalways with due consideration to the cus\xad\ntomers’ interests. \n'];1;2;1;4;35569000000;Copenhagen;28/03/1985;2294.00.00;;11784000000.0
144;ALMB.CO;ALM. Brand A/S;Denmark;Denmark;OMX Nordic Exchange Copenhagen A/S;DK0015250344;549300H4TGLJVZ6VTA48;;27/05/1993;27/05/1993;Financials;Non-life Insurance;Full Line Insurance;19.00;;1 Oct 2024 - 20 Sep 2025;;169;ALL_COMPANIES/ALM. Brand A-S/alm-brand-full-year-2023.pdf;Alm. Brand A/S;2023;00.00;[];0;0;0;0;35590000000;Copenhagen;28/03/1985;1486.00.00;;9591000000.0
145;ALMB.CO;ALM. Brand A/S;Denmark;Denmark;OMX Nordic Exchange Copenhagen A/S;DK0015250344;549300H4TGLJVZ6VTA48;;27/05/1993;27/05/1993;Financials;Non-life Insurance;Full Line Insurance;19.00;;1 Oct 2024 - 20 Sep 2025;;170;ALL_COMPANIES/ALM. Brand A-S/alm-brand-full-year-2022.pdf;Alm. Brand A/S;2022;00.00;[];0;0;0;0;42235000000;Copenhagen;28/03/1985;1369.00.00;;5407000000.0
146;ALMB.CO;ALM. Brand A/S;Denmark;Denmark;OMX Nordic Exchange Copenhagen A/S;DK0015250344;549300H4TGLJVZ6VTA48;;27/05/1993;27/05/1993;Financials;Non-life Insurance;Full Line Insurance;19.00;;1 Oct 2024 - 20 Sep 2025;;168;ALL_COMPANIES/ALM. Brand A-S/alm-brand-as-2021-uk.pdf;Alm. Brand A/S;2021;00.00;[];0;0;0;0;32780000000;Copenhagen;28/03/1985;1796.00.00;;5471000000.0
147;SCHO.CO;Schouw & Co A/S;Denmark;Denmark;OMX Nordic Exchange Copenhagen A/S;DK0010253921;213800V2R9WMMZASKK57;;31/08/1987;31/08/1987;Industrials;General Industrials;Diversified Industrials;20.00;;;;469;ALL_COMPANIES/Schouw & Co A-S/schouw-co-annual-report-2025.pdf;Aktieselskabet Schouw & Co.;2025;0.0009877616333626;['The operations of the Tech segment include AQ1, \nwhich is an innovative leader in precision feeding \nbased on AI and behavioural-based control and \nfeeding detection technology for sustainable \naquaculture. The segment gained significant \nmomentum in 2025 and began contributing \nto earnings, following several years of invest-\nments in technology development, organisation \nand market expansion. Revenue and EBITDA \nincreased significantly year on year, supported \nby growing adoption of the technology, particu-\nlarly in Latin America but also in Asia. \n'];2;4;2;8;28123000000;Aarhus;28/03/1911;15488.0;;34666000000.0
148;SCHO.CO;Schouw & Co A/S;Denmark;Denmark;OMX Nordic Exchange Copenhagen A/S;DK0010253921;213800V2R9WMMZASKK57;;31/08/1987;31/08/1987;Industrials;General Industrials;Diversified Industrials;20.00;;;;467;ALL_COMPANIES/Schouw & Co A-S/schouwco-annual-report-2024.pdf;Aktieselskabet Schouw & Co.;2024;0.0028422548555187;['stronger through key acquisitions, strategic invest-\nments and capacity expansions, Schouw\xa0&\xa0Co. has \ngradually evolved into an increasingly international \nbusiness. Recent examples are bolt-on acquisitions \nfor Borg Automotive, GPV’s acquisition of peer com-\npetitors CCS and Enics, and strategic technology \nand AI acquisitions for BioMar.\n', 'The operations of the Tech segment \ninclude AQ1, which is an innova-\ntive leader in artificial intelligence \nfor behavioural-based control \ntechnology and feeding detec-\ntion technology for sustainable \naquaculture. Overall, there is sound \nmarket interest in the technology, \nbut customers held back on their \ninvestments for a while, as they felt \nthe effects of currently low prices \n', 'BioMar has initiatives and actions related to feed recipe \noptimisation, enhancing farming practices and using \nnew technology. This includes artificial intelligence to \nmitigate possible pollution from nutrients release that \ncould potentially cause eutrophication in the surrounding \nenvironment.\n'];2;3;2;7;27896000000;Aarhus;28/03/1911;12278.0;;37210000000.0
149;SCHO.CO;Schouw & Co A/S;Denmark;Denmark;OMX Nordic Exchange Copenhagen A/S;DK0010253921;213800V2R9WMMZASKK57;;31/08/1987;31/08/1987;Industrials;General Industrials;Diversified Industrials;20.00;;;;466;ALL_COMPANIES/Schouw & Co A-S/annual-report-2023-eng.pdf;Aktieselskabet Schouw & Co.;2023;00.00;[];0;0;0;0;28445000000;Aarhus;28/03/1911;10210.0;;32637000000.0
150;SCHO.CO;Schouw & Co A/S;Denmark;Denmark;OMX Nordic Exchange Copenhagen A/S;DK0010253921;213800V2R9WMMZASKK57;;31/08/1987;31/08/1987;Industrials;General Industrials;Diversified Industrials;20.00;;;;465;ALL_COMPANIES/Schouw & Co A-S/annual-report-2022-eng.pdf;Aktieselskabet Schouw & Co.;2022;0.0013283387795223;['Early in the year, BioMar acquired the world’s \nleading producer of acoustic feed solu-\ntions for shrimp farming. This is a company \nthat helps shrimp farmers optimise feeding \nthrough artificial intelligence and data analy-\nsis. This is BioMar’s first venture outside \nconventional feed production. \n'];1;2;0;3;21488000000;Aarhus;28/03/1911;9393.00.00;40000000.0;24219000000.0
151;SCHO.CO;Schouw & Co A/S;Denmark;Denmark;OMX Nordic Exchange Copenhagen A/S;DK0010253921;213800V2R9WMMZASKK57;;31/08/1987;31/08/1987;Industrials;General Industrials;Diversified Industrials;20.00;;;;464;ALL_COMPANIES/Schouw & Co A-S/schouw-co-annual-report-2021-eng-vf.pdf;Aktieselskabet Schouw & Co.;2021;00.00;[];0;0;0;0;17994000000;Aarhus;28/03/1911;9576.00.00;40000000.0;21273000000.0
152;SCHO.CO;Schouw & Co A/S;Denmark;Denmark;OMX Nordic Exchange Copenhagen A/S;DK0010253921;213800V2R9WMMZASKK57;;31/08/1987;31/08/1987;Industrials;General Industrials;Diversified Industrials;20.00;;;;468;ALL_COMPANIES/Schouw & Co A-S/annual-report-2020-eng.pdf;Aktieselskabet Schouw & Co.;2020;00.00;[];0;0;0;0;18777000000;Aarhus;28/03/1911;;40000000.0;20946000000.0
153;NETCG.CO;Netcompany Group A/S;Denmark;Denmark;OMX Nordic Exchange Copenhagen A/S;DK0060952919;5299006DEGAWX1Z1X779;;07/06/2018;07/06/2018;Technology;Software & Computer Services;Computer Services;21.00;;1 Oct 2024 - 20 Sep 2025;;474;ALL_COMPANIES/Netcompany Group A-S/2025-Netcompany-Annual-Report.pdf;Netcompany Group A/S;2025;0.0561272217025257;['Our strategy is anchored in core pillars that \nnot only guide our operations but also define \nour value proposition. This year we have \nincreased our focus on European digital sov\xad\nereignty, our product and platform-based \nGo-To-Market approach, and the integration \nof Artificial Intelligence (AI) as a fundamental \nenabler.\n', 'Our product and platform approach\nWe firmly believe that the future does not \nbelong to traditional IT consultancy compa\xad\nnies that build bespoke solutions from \nscratch for every engagement. That model is \nbecoming increasingly inefficient and slow. \nThe future belongs to European product and \nplatform companies that leverage compo\xad\nnents, pre-built products, and AI to deliver \nsolutions in a fast, reliable, and responsible \nway.\n', 'defence capabilities in Europe. VERÁ is an \nAI-enabled platform providing real-time \nawareness, prediction, and response to \nhybrid threats – build on the PULSE platform. \nAnother new product we have launched is \nAMPLIO Estate – an innovative core system \nfor property management. \n', 'The Core of our solutions: AI \nIn Netcompany, AI is a fundamental, inte\xad\ngrated part of our delivery model and our \nproducts and platforms. We recognised early \non that, to lead the digital transformation, we \nhad to transform ourselves first. Therefore, \nour workforce of +9,500 talented individuals \nare trained in and use our internal digital \nassistant, EASLEY AI.\n', 'EASLEY AI is our proprietary platform for gen\xad\nerative AI, trained on Netcompany’s vast \nrepository of deliverables, methodologies, \n', '»The future belongs to European product and \nplatform companies that leverage components, \npre-built products, and AI to deliver solutions in \na fast, reliable, and responsible way.«\n', 'and best practices. It assists our employees \nin every phase of a project – from design and \narchitecture to building, testing, and operat\xad\ning solutions. While we are still early in the \nadoption of EASLEY AI in all aspects through\xad\nout the Group, this will ensure that we main\xad\ntain a competitive edge, enhance quality, and \ndrive efficiency across the company.\n', 'Our AI capabilities extend beyond generative \nmodels. We design our products and plat\xad\nforms to be AI-ready, ensuring that our \nclients are not just prepared for today, but \nfor the future. With PULSE, we have a strong \nposition as a European leader in predictive \nAI and digital ecosystems. Applying AI within \nAMI enables a totally different experience \nwith digital mail – bringing dead PDF docu\xad\nments to life in a GDPR compliant environ\xad\nment. And within AMPLIO the deep embed\xad\nded AI capabilities enable our customers to \nunlock significant operational savings in \ntheir operations.\n', 'Furthermore, within ERMIS, AI supports \nincreased fraud detection, and within SOLON, \nit facilitates multiple simulation capabilities \nfor various tax revenue management models, \nto name just a few examples.\n', 'Our extensive portfolio of coding founda\xad\ntions, platforms, and products forms the \nengine of our growth strategy. These assets \nincreasingly incorporate AI capabilities in \nthe core that enhance automation and \naccelerate development cycles and thereby \nenable us to deliver solutions faster and \nmore cost-efficient than building from \nscratch, providing a competitive advantage \nin winning new business across European \nmarkets.\n', 'An AI-based command-and-control plat\xad\nform that delivers real-time situational \nawareness and coordinated response in \ndefence operations.\n', 'An AI-driven risk analysis product that helps \npublic sector organisations identify fraud \nand non-compliance.\n', 'An AI-powered financial planning tool pro\xad\nviding detailed advice and simulations for \nmajor life events.\n', 'EASLEY AI\n', 'A secure, model-independent AI platform \nthat increases productivity through intelli\xad\ngent document management and \nautomation.\n', 'EASLEY AI\nNetcompany empowers the transformation \nof public services through a comprehensive \nsuite of Govtech products and platforms. \nLeveraging extensive experience from com\xad\nplex, mission-critical projects, we enable \ngovernments to deliver secure, user-centric \ndigital services. Our products and platforms, \nfacilitate seamless, interactive communica\xad\ntion between authorities, citizens, and busi\xad\nnesses. By connecting public bodies and \nmodernising critical infrastructure, we help \nbuild smarter, more resilient societies for the \ndigital age.\n', 'We will transform case management in \nNesodden Municipality with an AI-powered \nsolution, demonstrating how artificial intelli\xad\ngence can streamline workflows and ele\xad\nvate public services across organisations.\n', 'Nesodden Municipality and its digitalisation \npartner Ikomm are taking a major step \ntowards the future by partnering with us to \nimplement an innovative, AI-supported case \nmanagement solution.\n', 'By integrating our EASLEY AI platform, \nNesodden Municipality will automate man\xad\nual processes, enhance quality, and provide \ncaseworkers with comprehensive process \nsupport. Once implemented, our solution \nwill summarise cases, compile key informa\xad\ntion, and enable proactive decision-making \nin accordance with Norwegian law.\n', 'Scalable across all departments, the part\xad\nnership will demonstrate how AI can trans\xad\nform public sector workflows and set a \nstandard for other public organisations \nseeking to deliver better and more effective \nservices.\n', 'EASLEY AI\n', 'EASLEY AI\n', 'Alongside transport and logistics, we enable \ninnovation in energy & utilities, helping \nenergy suppliers, e-Mobility, waste manage\xad\nment, telecoms, and wind power companies \nmodernise legacy systems and accelerate \ntheir transition to data-driven, custom\xad\ner-centric operations. Our platforms stream\xad\nline processes and prepare organisations \nfor AI adoption, ensuring resilient, future-\nready infrastructure across all sectors.\n', 'AIRHART also unifies specialist airport systems, \nfrom security resource management tools to \nAI-driven turnaround optimisation engines, \ngathering insights through a single real-time \ninterface that provides a single operational \noverview and improves situational awareness \nfor all stakeholders.\n', 'EASLEY AI\n', 'Key features include AI-powered anomaly \ndetection, risk and delay prediction, and \nautomated logistics planning, all designed \nto counter modern hybrid threats such as \ncyberattacks, sabotage, and disinformation. \nVERÁ’s open standards architecture \nensures that clients retain full control over \ntheir data and systems, reinforcing digital \nsovereignty and adaptability.  \n', 'This modern core banking engine is seam\xad\nlessly integrated with our established plat\xad\nforms facilitating case management, com\xad\nmunication, AI, and digital banking \nexperiences – alongside advanced pension \nand advisory solutions from Festina \nFinance. By uniting robust infrastructure \nwith digital experience technologies, we \nenable financial institutions to accelerate \ninnovation, optimise compliance, and \ndeliver future-ready services.\n', 'These demands place significant pressure on \nexisting pension solutions, as expectations can\xad\nnot be met by simply layering automation, \nself-service, and AI onto a legacy IT \narchitecture. \n', 'AMPLIO Life & Pension with EASLEY AI and mit.\ndk. The solution reduces administrative costs \nthrough automation, unlocking resources to \nstrengthen advisory services, deliver seamless \nend-to-end customer experiences, and acceler\xad\nate product innovation. \n', 'EASLEY AI\n', 'Strategic fit and synergy with \nNetcompany’s FSI vertical\nThis acquisition extends Netcompany’s invest\xad\nment in the FSI vertical, which already \nincludes co-ownership of Festina Finance and \na suite of digital platforms such as AMPLIO, \nAMI, EASLEY AI, and Dx4B. \n', 'Guidance for 2026\nOur ﬁnancial guidance for 2026 assumes that \nmacroeconomic and geopolitical uncertain\xad\nties will remain at the levels observed in 2025. \nWe expect the focus from end customers on \nEuropean sovereign identity to persist into \n2026, and view this as supportive to our \ngrowth. Likewise, we expect the increased \nfocus on obtaining actual production gains \nand efﬁciency from AI to be supportive to \nour growth too, as AI is embedded into our \nproducts and platforms. \n', 'Regardless of whether we are managing per\xad\nsonal or other types of data, we consistently \napply our data ethics principles, ensuring that \nour processing and security approaches are \nappropriate for the specific data involved. We \nactively monitor advancements in artificial \nintelligence and machine learning, and \n', 'acknowledge the need to integrate consider\xad\nations related to AI into our risk management \nand operational practices, adapting these \nprocesses over time to support the secure \napplication of AI technologies.\n', 'In the past year, Netcompany has further \nenhanced its approach to AI management \nand compliance in alignment with the EU AI \nAct and our obligations as an AI system pro\xad\nvider. We have introduced structured compli\xad\nance procedures to assess prohibited prac\xad\ntices, high-risk AI systems, and core AI \nobligations across AI-related projects and \nservices, and we are strengthening our com\xad\nmitment to AI literacy and transparency, by \ndeveloping tailored training materials for cus\xad\ntomers and end users. We are including con\xad\ntractual warranties regarding the intended \nuse of AI systems, with mechanisms in place \nfor notification and review if the use case \nchanges during the lifecycle of a system.\n', 'These ongoing initiatives are aimed at proac\xad\ntively identifying and managing the risks \nassociated with AI deployment, and at ensur\xad\ning our practices continue to reflect the \nevolving standards of ethical and legal com\xad\npliance in this area.\n', 'Our commitment goes beyond adhering to \nrelevant regulations, standards, and guide\xad\nlines – including the EU Artificial Intelligence \nAct, the OECD’s good practice principles for \ndata ethics, and the Ethics Guidelines for \nTrustworthy AI. We are also dedicated to \nhelping shape a culture of responsible and \nethical AI use in collaboration with others in \nthe sector. Our involvement in initiatives like \n‘Responsible Use of AI Assistants in the Public \nand Private Sectors’ reflects our effort to help \ndefine safe frameworks for adopting these \ntechnologies.\n', 'When we use AI technology, whether for deliv\xad\nering IT services or for internal purposes, we \nrely on established and widely recognised AI \nmodels. AI-driven data processing is con\xad\nducted in accordance with intellectual prop\xad\nerty rights and GDPR principles, such as data \nminimisation, storage limitation, and purpose \nlimitation.\n', 'DX4B\nEASLEY AI\n', 'Netcompany methodology, market-leading products and platforms, and client focus\nWe create value by applying our proven Netcompany Methodology, which combines agile development \nand structured project management to deliver tailored solutions and scalable platforms, enabled by AI. Our \napproach ensures that our products and platforms are delivered efficiently, on time, and in alignment with \nour clients’ strategic objectives.\n', 'Enabling change\nNetcompany can enable its clients and soci\xad\nety in their sustainability transition through its \nservices within Information, Technology and \nCommunications (ICT). Through optimisation, \nmonitoring, complex calculations, AI, and real \ntime data, IT has the capabilities to stream\xad\nline company infrastructure, business pro\xad\ncesses and stakeholder interactions, enabling \noptimised energy and resource use. IT can aid \nclients in their efforts towards reducing car\xad\nbon emissions and preserving nature’s \nresources by presenting accurate data in real-\ntime and give companies the ability to opti\xad\nmise power usage and resources needed to \noperate. \n'];5;5;5;15;8072300000;KOEBENHAVN K;16/04/2018;7764.00.00;;6540600000.0
154;NETCG.CO;Netcompany Group A/S;Denmark;Denmark;OMX Nordic Exchange Copenhagen A/S;DK0060952919;5299006DEGAWX1Z1X779;;07/06/2018;07/06/2018;Technology;Software & Computer Services;Computer Services;21.00;;1 Oct 2024 - 20 Sep 2025;;472;ALL_COMPANIES/Netcompany Group A-S/2024-Netcompany_Annual-Report.pdf;Netcompany Group A/S;2024;0.0292766829518215;['A shared roadmap \nIn 2024, we were the founding fathers of the \ninitiative that has led to the world’s first pub-\nlic-private partnership to craft a shared road-\nmap for responsible use of AI assistants. The \nresult was a unique whitepaper that outlined \na nine-step roadmap to successful and \nresponsible use of AI assistants. We continue \nto believe that close collaboration between \npublic and private partners is crucial to suc-\nceeding on our journey to change Europe with \nresponsible digitalisation.  \n', 'Clients maintain control with access to the \nplatform and possible access to the source \ncode, and they can choose to maintain the \ncode themselves or opt for our support. \nFurthermore, clients have the freedom to \ndevelop custom modules with third-party \nvendors, integrating AI for data analysis, task \nautomation, system optimisation, and future \ndevelopment.\n', 'Advanced risk management supports deci-\nsion-making in debt management and fraud \ninvestigation. SOLON TAX uses business \nintelligence and predictive analytics to man-\nage risks and improve efficiency. Big Data \nand machine learning provide real-time \nfraud detection and insights. Customisable \ndashboards deliver detailed reports, with a \nmodular design for seamless integration.\n23\n', 'PULSE is a rapid deployment platform for AI \nmodels in operational contexts centred \naround a real-time data fabric for planning \nand managing disruptions. It integrates data, \naligns business processes end-to-end,  \nand features a flexible UI with customisable \nwidgets, actions, alerts, and notifications.\n', 'Full automation and AI-readiness: Features full \nautomation with per-task audit logs and  \ndecision lineage and is AI-ready for advanced, \nautomated decision-making processes.\n', 'AMI\nEASLEY\nAI-powered efficiency \nand intelligence for \nyour business\n', 'EASLEY is our AI-powered platform for \nadvanced natural language processing in \nuser interaction and output generation. It \nprovides advisory services across sectors, \nleveraging large language models. EASLEY \nfeatures a dynamic knowledge base and \nalgorithms for interpreting user queries, \nenhancing IT project efficiency and quality \nthrough intentions aligning AI actions to busi-\nness needs and agents, automating work-\nflows and managing complex tasks.\n', 'The product combines specialised knowl-\nedge, intelligent interpretation, and efficiency \noptimisation. It automates tasks, generates \ncontent, and accesses specific customer \ndata, aiding in information access, content \ngeneration, and quality assurance. From nav-\nigating documentation to drafting proposals \nand quality-checking code, EASLEY is a \nrobust platform for organisations to securely \nembrace generative AI.\n', 'Seamless integration: EASLEY AI integrates into \nexisting workflows with Intentions and Agents, \nensuring smooth transitions.\n', 'Flexibility: Customisable intentions and agents \ntailor AI to specific business needs and contexts.\n', 'Improved decision-making: Agents automate \ntasks and enhance decision-making by using AI \nas a reasoning engine.\n', 'Security and independence: EASLEY securely \ncentralises all AI usage and data within its plat-\nform, avoiding vendor lock-in and ensuring full \ntransparency and governance.\n', 'Operational efficiency: Using AI-driven decision \nsupport, Smarter Airports has developed a range \nof technologies, including predicting passenger \nflows and baggage waiting times.\n', 'AI and machine learning: The solution will \nimprove safety and screening processes using AI \nand machine learning. \n', 'Our partnership focuses on implementing \nAI-driven solutions to optimise the use of data, \nstreamline operations for passengers, bag-\ngage, aircraft, and airspace control vital for \nrunning efficient and profitable airports. Our \nexperience in driving innovation across sec-\ntors like financial services, retail, logistics, and \nthe public sector positions us well to support \nAvinor’s ambitious goals. \n', 'Immediate results include reduced reliance on \noutdated IT systems, improved operational \nstability, and a focus on strategic goals. The \nPULSE platform enables capacity optimisation \nby providing a single view of real-time passen-\nger and freight data. This solid foundation \npaves the way for future innovations, including \nAI, to revolutionise P&O Ferries’ operations.\n', 'We stay informed and aware of developments \nwithin the area of AI and machine learning, \nand we recognise the importance of imple-\nmenting AI considerations into internal risk \nmanagement systems and operations and \nadapt our processes gradually to enable the \nsafe use of AI. \n', 'At Netcompany, we are not only committed to \nensuring compliance with applicable legisla-\ntion, standards, and guidelines such as the \nEU Artificial Intelligence Act, the OECD \nPrinciples on Good Practice for Data Ethics, \nand the Ethics Guidelines for Trustworthy \nArtificial Intelligence – we are also determined \nto pave the way, alongside other actors within \nthe industry, towards a culture of responsible \n', 'and ethical AI development and usage. Our \nparticipation in initiatives and projects such \nas ‘Responsible Use of AI Assistants in the \nPublic and Private Sectors’ constitute our \ncontribution towards collectively defining a \nsafe framework within which this can occur. \n', 'Our use of AI technology, within our provision \nof IT services and for internal operational pur-\nposes, is based on well-known and widely \napproved AI models, and we are aware of our \nobligations as a provider of general-purpose \nAI models under the AI Act, including its \nrequirements for transparency and ability to \ndetect and mitigate bias. All processing of \ndata by AI models is fully compliant with intel-\nlectual property laws as well as the principles \nof the GDPR, including data minimisation, \nstorage limitation, and purpose limitation. \n', 'reside at the core of the EU Taxonomy in \nterms of eligible activities. Activities associ-\nated with the Information Technology and \nCommunications sector are predominantly \nclassified as enabling activities. Through opti-\nmisation, monitoring, complex calculations, \nAI, and real time data, IT has the capabilities \nto streamline company infrastructure and \nbusiness processes, resulting in optimised \nenergy and resource use. IT can aid clients in \ntheir efforts towards reducing carbon emis-\nsions and preserving nature’s resources by \npresenting accurate data in realtime and give \ncompanies the ability to only use the exact \namount of power and resources needed to \noperate.\n'];4;5;4;13;8159800000;KOEBENHAVN K;16/04/2018;7566.00.00;;6078400000.0
155;NETCG.CO;Netcompany Group A/S;Denmark;Denmark;OMX Nordic Exchange Copenhagen A/S;DK0060952919;5299006DEGAWX1Z1X779;;07/06/2018;07/06/2018;Technology;Software & Computer Services;Computer Services;21.00;;1 Oct 2024 - 20 Sep 2025;;471;ALL_COMPANIES/Netcompany Group A-S/2023-Netcompany-Annual-Report-2023.pdf;Netcompany Group A/S;2023;0.0198944424289943;['Introducing Easley – our generative AI tool \nIn the fall, we introduced our own generative \nAI model – EASLEY AI – named after NASA’s \npioneering computer scientist Annie Easley. \nWhile we are still early in the phase of defining \nuse cases for AI and implementing them on a \nlarger scale, we are fully convinced that the \nintroduction of AI will profoundly impact us as \nhumans, the private and the public institutions \nwe serve, and the world we live in. While it is still \ntoo early to fully understand and predict what \nwill be impacted, how and when, we are certain \nthat the net impact will be positive – both for \nNetcompany and for the society. \n', 'Easley is used internally throughout the Group \nand externally towards our customers. The AI \nmodel was developed with the intent to proac-\ntively embrace the vast number of opportunities \n', 'that AI holds the possibility to unlock. Together \nwith our open modular platform strategy, it forms \na perfect foundation for our customers to adapt \nto new AI-technologies as they evolve and be-\ncome available.\n', 'Like us, our customers are on a journey of \ndigital transformation where antiquated \nIT systems are being supplanted by more \ndifferentiated, innovative “next-gener-\nation IT” including artificial intelligence \nand workflow automation. We believe in a \nresponsible transformation involving agile, \nfutureproof solutions, based on proven \nplatform components that ensure full flex-\nibility and opportunity for ongoing innova-\ntion in customers digital ecosystems. \n', '\t Customisation: The customers have the \nfreedom to develop custom modules \nwith third-party vendors, including the \nintegration of AI for data analysis, task \nautomation, system optimisation, and \nfuture development.\n', 'PULSE is a development platform where AI \nmodels can be deployed and put into oper-\national context with speed. PULSE revolves \naround its real-time data fabric, facilitating \nplanning and handling of operational disrup-\ntions. It breaks down data silos and ensures \nend-to-end alignment of business processes. \nThe toolbox also includes a ﬂexible UI frame-\nwork with user-conﬁgurable widgets, actions, \nalerts, and notiﬁcations.\n', 'AI-powered efﬁciency and  \nintelligence for your business\n', 'EASLEY is our AI-powered platform, that uses \nadvanced natural language processing for user \ninteraction and output generation. It is tailored \nto provide specialised advisory services across \nsectors and leverages large language models \nfor accurate responses.\n', 'From navigating intricate documentation  \nto drafting proposals and quality-checking \ncode, Easley offers a robust platform for \n\xadorganisations. It allows businesses to embrace \ngenerative AI throughout the organisation \n\xadsecurely and centrally.\n', 'Enabling activities\nAs an IT services provider who can enable \nother industries in their sustainable transition, \nNetcompany resides at the core of the EU \nTaxonomy in terms of eligible activities. Activities \nassociated with the Information Technology \nand Communications sector are predominantly \nclassified as enabling activities. Through opti-\nmisation, monitoring, complex calculations, AI, \nand real time data, IT has the capabilities to \nstreamline company infrastructure and business \nprocesses, resulting in optimised energy and re-\nsource use. IT can aid customers in their efforts \ntowards reducing carbon emissions and preserv-\ning nature’s resources, by presenting accurate \ndata in real time, and giving companies the ability \nto only use the exact amount of power and re-\nsources needed to operate.\n', 'We use artificial intelligence (AI) and machine \nlearning in some of our solutions, but never in a \ncontext where such services are used for either \nprofiling, automated decision making or similar. \nMachine learning is instead used for the purpose \nof reducing energy consumption and climate \nimpact. \n'];4;4;3;11;7193911000;KOEBENHAVN K;16/04/2018;3787.00.00;;5544646000.0
156;NETCG.CO;Netcompany Group A/S;Denmark;Denmark;OMX Nordic Exchange Copenhagen A/S;DK0060952919;5299006DEGAWX1Z1X779;;07/06/2018;07/06/2018;Technology;Software & Computer Services;Computer Services;21.00;;1 Oct 2024 - 20 Sep 2025;;475;ALL_COMPANIES/Netcompany Group A-S/2022-Netcompany-Group-Annual-Report-2022.pdf;Netcompany Group A/S;2022;0.0032092426187419;['At Netcompany internal audit controls is \nperformed to secure compliance with both \ninformation security and data protection \nrequirements, and all our employees are \nregularly trained in the Netcompany \nMethodology. In addition to these meas-\nures, all data are securely stored at two dif-\nferent data centres to ensure that data \navailability is always upheld in the unlikely \nevent of technical failures. Netcompany \ndoes not buy data from third parties or sell \ncustomer data to third parties. Netcompany \nmakes use of artificial intelligence (AI) and \nmachine learning in some of our solutions, \n', 'but never in a context where such services \nare used for either profiling, automated \ndecision making or similar. Machine learning \nis instead used for the purpose of reducing \nenergy consumption and climate impact.\n'];1;2;1;4;7021150000;KOEBENHAVN K;16/04/2018;2996.00.00;;3631971000.0
157;NETCG.CO;Netcompany Group A/S;Denmark;Denmark;OMX Nordic Exchange Copenhagen A/S;DK0060952919;5299006DEGAWX1Z1X779;;07/06/2018;07/06/2018;Technology;Software & Computer Services;Computer Services;21.00;;1 Oct 2024 - 20 Sep 2025;;470;ALL_COMPANIES/Netcompany Group A-S/2021-Netcompany_Group_Annual_Report_2021.pdf;Netcompany Group A/S;2021;0.0080655568460446;['platform that supports an elastic \nsystem landscape. The new plat-\nform equips DSV to meet dynamic \nmarkets requirements such as \ngrowth, peaks and decline. In addi-\ntion, DSV has introduced a new \nglobal platform to facilitate \nadvanced analytics, AI and process \nautomation. With the platform, DSV \ncan increase transparency and pre-\ndictability, thus optimising opera-\ntions across divisions worldwide.\n', 'The Government’s ambition is to con-\ntinue the digitisation evolvement of \nthe public and private sector. To \nachieve the objectives, initiatives and a \nstrategy plan are currently in place to \nimprove the country’s overall digitisa-\ntion level. As a key measure to the \ncontinuation of the country’s digital \nevolvement, Spain announced in 2019 \nthat AI-technology would play a cen-\ntral part in the Government’s future \ndigitisation plans. \n', 'including its ‘smart specialisation strat-\negy’, which is a data driven innovation \nstrategy for the development of the \ncountry’s economy and its AI strategy. \nTo create a sustainable digital innova-\ntion ecosystem, Luxembourg aims to \nbuild on its digital infrastructure, \ndevelop core competences through \neducation and research and gain expe-\nrience in using these technologies. \n', 'Netcompany’s daily opera-\ntions are based on a highly \ndetailed security policy \ndriven by three key principles: \nsecurity, integrity and trust.\nNetcompany do not sell or \nprofit from data in any way \nand use of artificial intelli-\ngence and machine learning \nfollows the data ethics princi-\nples and policy. To make sure \nNetcompany earn the trust of \nour customers, employees, \nshareholders and any other \nstakeholders, all data are pro-\ncessed with the utmost \nrespect for the individual’s \nprivacy rights and the sensi-\ntivity of all data.\n', 'We do not buy data from third parties \nor sell customer data to third parties. \nWe do use artificial intelligence (“AI”) \nand machine learning in some of our \nsolutions, but never in a context where \nsuch services are used for either pro-\nfiling, automated decision making or \nsimilar. Machine learning is instead \nused for the purpose of reducing \nenergy consumption and climate \nimpact. Our work with ensuring diver-\nsity throughout the organisation is \nalso part of our data ethics considera-\ntions in that it may help prevent unin-\ntentional biases in both the develop-\nment of our own IT solutions and \nwhen advising our customers about \nthe development of theirs.\n'];2;3;2;7;4039423000;KOEBENHAVN K;16/04/2018;2468.00.00;;2838590000.0
158;NETCG.CO;Netcompany Group A/S;Denmark;Denmark;OMX Nordic Exchange Copenhagen A/S;DK0060952919;5299006DEGAWX1Z1X779;;07/06/2018;07/06/2018;Technology;Software & Computer Services;Computer Services;21.00;;1 Oct 2024 - 20 Sep 2025;;473;ALL_COMPANIES/Netcompany Group A-S/2020-Netcompany-Group_Annual-Report-2020.pdf;Netcompany Group A/S;2020;00.00;[];0;0;0;0;3727577000;KOEBENHAVN K;16/04/2018;;;2453900000.0
159;PAALb.CO;Per Aarsleff Holding A/S;Denmark;Denmark;OMX Nordic Exchange Copenhagen A/S;DK0060700516;5493008HS8STXVZXYZ63;;01/01/1984;01/10/1985;Industrials;Construction and Materials;Engineering and Contracting Services;21.00;;;;411;ALL_COMPANIES/Per Aarsleff Holding A-S/Aarsleff_annual report-2024-25_UK.pdf;Per Aarsleff Holding A/S;2025;0.0010782833728703;['•\t Focus on selection, including test of AI as a catalyst for increased \nproductivity in the tender and execution phase.\n'];1;2;0;3;15780000000;VIBY J;14/12/1961;8764.00.00;;22620000000.0
160;PAALb.CO;Per Aarsleff Holding A/S;Denmark;Denmark;OMX Nordic Exchange Copenhagen A/S;DK0060700516;5493008HS8STXVZXYZ63;;01/01/1984;01/10/1985;Industrials;Construction and Materials;Engineering and Contracting Services;21.00;;;;413;ALL_COMPANIES/Per Aarsleff Holding A-S/Aarsleff_AR-2023-24_UK_final_web.pdf;Per Aarsleff Holding A/S;2024;0.001289923120582;['•\t Focus on selection, including test of AI as a catalyst for increased \nproductivity in the tender and execution phase.\n'];1;2;0;3;14066000000;VIBY J;14/12/1961;8383.00.00;;21719000000.0
161;PAALb.CO;Per Aarsleff Holding A/S;Denmark;Denmark;OMX Nordic Exchange Copenhagen A/S;DK0060700516;5493008HS8STXVZXYZ63;;01/01/1984;01/10/1985;Industrials;Construction and Materials;Engineering and Contracting Services;21.00;;;;412;ALL_COMPANIES/Per Aarsleff Holding A-S/Aarsleff_AR-2022-23_UK_FINAL.pdf;Per Aarsleff Holding A/S;2023;0.0013991101659344;['ai\n'];0;0;0;0;13382000000;VIBY J;14/12/1961;7658.00.00;;20244000000.0
162;PAALb.CO;Per Aarsleff Holding A/S;Denmark;Denmark;OMX Nordic Exchange Copenhagen A/S;DK0060700516;5493008HS8STXVZXYZ63;;01/01/1984;01/10/1985;Industrials;Construction and Materials;Engineering and Contracting Services;21.00;;;;409;ALL_COMPANIES/Per Aarsleff Holding A-S/Aarsleff_AR-2021-22_UK.pdf;Per Aarsleff Holding A/S;2022;0.0014131479283251;['ai\n'];0;0;0;0;11743000000;VIBY J;14/12/1961;7215.00.00;;18118000000.0
163;PAALb.CO;Per Aarsleff Holding A/S;Denmark;Denmark;OMX Nordic Exchange Copenhagen A/S;DK0060700516;5493008HS8STXVZXYZ63;;01/01/1984;01/10/1985;Industrials;Construction and Materials;Engineering and Contracting Services;21.00;;;;410;ALL_COMPANIES/Per Aarsleff Holding A-S/Aarsleff_Annual_Report_2020-21_UK.pdf;Per Aarsleff Holding A/S;2021;00.00;[];0;0;0;0;8917691000;VIBY J;14/12/1961;6838.00.00;;14693801000.0
164;BAVA.CO;Bavarian Nordic A/S;Denmark;Denmark;OMX Nordic Exchange Copenhagen A/S;DK0015998017;2138006JCDVYIN6INP51;;02/11/1998;05/11/1998;Health Care;Pharmaceuticals and Biotechnology;Biotechnology;22.00;;;;173;ALL_COMPANIES/Bavarian Nordic A-S/bn_annual_report_2025.pdf;Bavarian Nordic A/S;2025;00.00;[];0;0;0;0;14405864000;Hellerup;01/07/1992;1379.00.00;852000000.0;5716206000.0
165;BAVA.CO;Bavarian Nordic A/S;Denmark;Denmark;OMX Nordic Exchange Copenhagen A/S;DK0015998017;2138006JCDVYIN6INP51;;02/11/1998;05/11/1998;Health Care;Pharmaceuticals and Biotechnology;Biotechnology;22.00;;;;174;ALL_COMPANIES/Bavarian Nordic A-S/bn_annual_report_2024.pdf;Bavarian Nordic A/S;2024;0.0009885818792941;['In 2024, we carried out initiatives to support the \ndata ethics principles. We have carried out train-\nings and an awareness campaign and continued \nto implement enhancements to our policies and \nprocedures to support the handling and processing \nof personal data, including the use of AI.\n'];1;0;2;3;14353213000;Hellerup;01/07/1992;975.00.00;930466670.0;7062340000.0
166;BAVA.CO;Bavarian Nordic A/S;Denmark;Denmark;OMX Nordic Exchange Copenhagen A/S;DK0015998017;2138006JCDVYIN6INP51;;02/11/1998;05/11/1998;Health Care;Pharmaceuticals and Biotechnology;Biotechnology;22.00;;;;175;ALL_COMPANIES/Bavarian Nordic A-S/bn_annual_report_2023.pdf;Bavarian Nordic A/S;2023;00.00;[];0;0;0;0;12391246000;Hellerup;01/07/1992;759.00.00;1659913200.0;3150793000.0
167;BAVA.CO;Bavarian Nordic A/S;Denmark;Denmark;OMX Nordic Exchange Copenhagen A/S;DK0015998017;2138006JCDVYIN6INP51;;02/11/1998;05/11/1998;Health Care;Pharmaceuticals and Biotechnology;Biotechnology;22.00;;;;176;ALL_COMPANIES/Bavarian Nordic A-S/bn_annual_report_2022.pdf;Bavarian Nordic A/S;2022;00.00;[];0;0;0;0;12089269000;Hellerup;01/07/1992;475.00.00;1373375000.0;1897875000.0
168;BAVA.CO;Bavarian Nordic A/S;Denmark;Denmark;OMX Nordic Exchange Copenhagen A/S;DK0015998017;2138006JCDVYIN6INP51;;02/11/1998;05/11/1998;Health Care;Pharmaceuticals and Biotechnology;Biotechnology;22.00;;;;177;ALL_COMPANIES/Bavarian Nordic A-S/bn_annual_report_2021.pdf;Bavarian Nordic A/S;2021;00.00;[];0;0;0;0;8759064000;Hellerup;01/07/1992;324.00.00;482734800.0;1852383000.0
169;BAVA.CO;Bavarian Nordic A/S;Denmark;Denmark;OMX Nordic Exchange Copenhagen A/S;DK0015998017;2138006JCDVYIN6INP51;;02/11/1998;05/11/1998;Health Care;Pharmaceuticals and Biotechnology;Biotechnology;22.00;;;;178;ALL_COMPANIES/Bavarian Nordic A-S/2020-ar-en.pdf;Bavarian Nordic A/S;2020;00.00;[];0;0;0;0;7047068000;Hellerup;01/07/1992;;458152750.0;662488000.0
170;GN.CO;GN Store Nord A/S;Denmark;Denmark;OMX Nordic Exchange Copenhagen A/S;DK0010272632;5493008U3H3W0NKPFL10;;02/01/1985;02/01/1985;Health Care;Medical Equipment and Services;Medical Equipment;23.00;;;;72;ALL_COMPANIES/GN Store Nord A-S/GN Annual Report 2025.pdf;GN Store Nord A/S;2025;0.0335445396943719;"[""In Hearing, we launched our most intelligent hearing solutions portfolio \nto date, based on GN’s unique approach to AI and Deep Neural Net-\nwork technology. Thanks to this and years of focus we are able to offer \nthe world's best hearing in noise experience. Our launches this year \ncontinue a successful product introduction trajectory that have helped \nus grow faster than the market for three consecutive years.  \n"", 'with the announcement of the new Evolve3 headset series, we have re-\ninforced innovation leadership, introducing a boomless attractive de-\nsign with class-leading comfort and portability, future-ready voice ac-\ncess for AI, and real-time adaptive noise cancellation. \n', 'Our future growth opportunities are stimulated by rapid technological \ndevelopments, machine learning and the adoption of Artificial Intelli-\ngence for a host of daily tasks at home, at work, and on the go. \n', ""GN’s most intelligent \nhearing portfolio yet\nReSound Vivia, the world's \nsmallest AI powered hearing aid, \nand ReSound Savi, an essentials \nrange featuring Bluetooth® Low \nEnergy Audio and Auracast\nbroadcast audio.\n"", 'Human-focused AI \nsoftware for call centers\nJabra launches Engage AI \nComplete, software for call \ncenters uniquely analyzing not \nonly what is said, but also how it \nis said.\n', 'Building on the success of Evolve and Evolve2, this new generation \nJabra Evolve3 delivers professional-grade voice clarity with new deep \nlearning technology, future-ready voice access for AI, real-time adap-\ntive noise cancellation, and spatial sound for clear conversations in \nany environment without the customary boom arm.  \n', 'Our products shape the ways people communicate with one another and  \nincreasingly with intelligent, AI-enabled tools. \n', 'AI utilized in products and operations \n', '•\nMachine Learning/AI personalize offerings and improve productivity \n', '•\nGN applies combined AI expertise across R&D and IT \n', '•\nAI supports innovation in products and internal operations \n', 'Hearing ● Enterprise ● Gaming – powered by personalization, AI and sustainability \n', 'Hybrid work and GenAI adoption \n', 'Maintain lead in AI, Bluetooth \nLE Audio / Auracast, and \nAlways-On Connectivity\n', 'Partner to become leading \ndevice interface to GenAI\n', '• \nBuilt for Unified Communication and GenAI platforms with en-\nterprise grade security \n', '• \nLeading audio and visual gateway for GenAI agents and work-\nflows \n', '• \nAI and Deep Neural Network infrastructure and capabilities \n', '• \nPioneering the intersection between products, software and \nfirmware, including SteelSeries Sonar, AI for enhanced audio \nperformance like Clear cast, and a Mobile app - allowing for \nreal time audio personalization \n', 'Jabra Engage  \nAI Complete \nArctis Nova 3 wireless \nReSound Enzo IA \nArctis Nova Elite \nFalCom suite \nJabra Evolve3 \n', '• \nCo-innovating with eco-\nsystem partners: Driving \nuse cases and specifica-\ntions with ecosystem pro-\nviders to explore further \nAI opportunities \n', ""GN has a long history of co-developing and innovating with partners to unlock the full value of our people and competencies. We maintain a diverse pool of innovative and commercial collaborations with partners who \nhelp enable our growth as we are allies rather than competitors. We co-innovate with partners to become the leading interface to GenAI and in implementing local AI-based processing and inference in our devices. We \nalign with partners' roadmaps to increase customer stickiness and facilitate even further product and software adoption. Together with our partners, we deliver technological advancements and commercial success. \n"", '• \nDeploying AI for acceleration of business development and  \nimpact realization \n', 'GN is and should continue to be an exciting place to work for curious \nspecialists with a passion for, among other, innovation, sound, audio-\nlogy, gaming, AI, and technology at large. A place where talent comes \nto fuel their professional passion and can realize their true potential.  \n', 'ReSound Vivia\nWorld’s best for \nhearing in noise in \nthe smallest AI \npowered hearing aid\n', 'The enterprise market is driven by hybrid “technology rich” work which \nis here to stay. User experience and tech shifts like GenAI drive innova-\ntion. It is a structurally profitable industry with high entry barriers with \nchannel network required for reach in the market. \n', '• \nFreedom of choice: Broad portfolio and flexible approach to \nUnified Communication, management software, and AI agents \n', 'Take headset experience to a whole new level \nBuild on leadership position and grow ahead of the market by increasing penetration and re-\nplacement, entering new segments and share take. Retain premium position through innovation \n(e.g., GenAI voice access, security, and new form factors) \n', 'Offer all types of customers new video collaboration experiences \nExtending our portfolio for increased room coverage and relevance to all partners. Differentiate \nthrough focus on the Android segment, security, fast, flexible deployments, and image pro-\ncessing (incl. AI) \n', 'Revenue  \nThe Hearing division delivered another strong year with 5% organic \ngrowth (on top of 10% in 2024 and 13% in 2023), yet again outper-\nforming the market. Growth was driven by broad-based market share \ngains of the new ReSound Vivia platform, the world’s smallest AI-pow-\nered hearing aid, enabling the division to capture record high market \nshare across various markets, underscoring its innovative strength and \neffective market execution. As a result, overall revenue ended at DKK \n7,214 million, compared to DKK 7,104 million in 2024, including an im-\npact of -1% from M&A and -2% from FX. \n \nIn 2025, the global hearing aid market was negatively impacted by \nglobal uncertainty and weak consumer sentiment, resulting in market \nvalue growth below its structural trends of 3-5%.  \n', 'The Arctis Nova Elite is a story of meticulous design, engineering, \nand craftsmanship to deliver the first Hi-Res Wireless Certified im-\nmersive listening experience across PS5/Xbox/Nintendo Switch/PC, \nmusic, entertainment, work & play. Custom Carbon Fiber Drivers, \nOmniPlay that gives the ability to Connect/Mix/Play up to four \nsources on PC/Console/Bluetooth simultaneously, and AI Noise Re-\njecting Microphones come together to create the ultimate gaming \nheadset. \n', 'We are focused on strengthening customer relationships, driving innovation, and enhanc-\ning operational efficiency to ensure competitiveness and support sustainable growth. This \nincludes deepening integration with key accounts and expanding strategic partnerships \nwhile maintaining leadership in AI and product quality. \n', ""Recognition to the world's smallest  \nAI powered hearing aid \n"", ""With ReSound Vivia, we fundamentally reimagined how AI can en-\nhance the hearing experience. Our unique Intelligent Focus feature \nmimics natural human behavior, allowing AI to prioritize sounds \nbased on where the user is looking, not just how loud they are. This \ncreates a far more intuitive and natural listening experience, seam-\nlessly integrating with the user's own perception of their environ-\nment. It's not just about amplifying sound; it's about intelligently \nenhancing the sounds that matter most.  \n"", '•\nGold at The Stevie Awards for Technology Excellence in \nthe category of New Product of the Year in Artificial Intel-\nligence \n \n•\nGold Award by the Industry Eagle Awards for Best Use of \nAI in the Healthcare Category \n \n•\nWinner of the AI Award for Healthcare at the 2025 Na-\ntional AI Awards \n', '• \nWe launched the world’s smallest AI powered hearing aid that \nenhances sound quality even in challenging situations like \nnoisy restaurants or crowded venues \n', 'A key ongoing initiative to ensure compliance with our Data Privacy \nPolicy and GDPR regulation is a GDPR risk assessment. As part of this, \nquestionnaires are sent to business process owners via our compliance \napplication. The aim with the initiative is to assess data privacy risks \nacross all business processes including alignment with the EU AI Act, \nwhere AI systems and models are used in connection with personal \ndata.  \n', '• \nGN continues to perform and document training activities as \npart of its continuous education programs, ensuring that em-\nployees remain informed about product safety best practices \nand regulatory developments. In 2025, the focus has been on \ndeepening knowledge of upcoming regulatory requirements, \nstrengthening capabilities within risk management, advancing \ncyber security awareness, and building competence in AI-re-\nlated compliance. Targeted training sessions have supported \nemployees in adapting to these evolving areas, ensuring GN \nmaintains a high level of preparedness and compliance across \nits operations\n']";5;5;4;14;30611000000;Ballerup;01/06/1869;7165.00.00;2442500000.0;17985000000.0
171;GN.CO;GN Store Nord A/S;Denmark;Denmark;OMX Nordic Exchange Copenhagen A/S;DK0010272632;5493008U3H3W0NKPFL10;;02/01/1985;02/01/1985;Health Care;Medical Equipment and Services;Medical Equipment;23.00;;;;71;ALL_COMPANIES/GN Store Nord A-S/GN Annual Report 2024.pdf;GN Store Nord A/S;2024;0.0227736561353105;"['ReSound Vivia is the world’s best \nfor hearing in noise and the \nworld’s smallest AI hearing aid.  \nSound is more vivid than ever \nwith Intelligence Augmented –  \na human approach to AI \n', 'Built on decades of shared AI research and \ndevelopment across the GN Group, our R&D \nteam has pioneered a unique approach to AI \nthat mimics the brain’s natural sound pro-\ncessing via a new Intelligent Focus feature to \ncreate a superior hearing experience in \nnoise.  \n', ""This breakthrough technology is available in \nGN’s most intelligent hearing aid yet,  \nReSound Vivia, the industry's smallest Re-\nceiver-in-Ear (RIE) hearing aid with uncom-\npromised battery power - and the world's \nsmallest AI powered hearing aid.  \n"", 'GN is an innovation-focused company with deep digital sound and vis-\nual processing competencies. As an integrated hardware, software, and \nAI enabled innovation powerhouse, GN delivers personalized and cus-\ntomer-centric experiences by providing the seamless interface between \nthe user and technology ecosystems.  \n', 'We unite the strength of GN to deliver a customer-first approach to in-\nnovation, ensuring that all innovation brings value to our customers \nand users leveraging the latest technologies including AI opportunities.  \n', 'propositions into the future. Our technology leadership in leveraging AI \nis sustained and drive value through partnerships with large tech play-\ners in the eco-system such as Microsoft, Zoom, Google, Apple, and \nmore. \n', 'Artificial Intelligence in product innovation and business management  \nThe rapid development of machine learning and artificial intelligence \npresents great opportunities for technology companies to further per-\nsonalize their offerings and already today plays an increasing role in all \nGN’s business areas. And, wisely used, it also offers great productivity \ngains in running a technology company where GN is already at the fore-\nfront in developing and utilizing internal AI tools for efficiency gains. \nGN has years of combined AI and machine learning expertise across its \ndifferent product areas, which is now utilized in close collaboration be-\ntween its R&D and IT departments and throughout the organization. \n', 'Cutting-edge technology \nadvancements incl. AI \n', 'GN’s hearing aids are built on our Organic Hearing™ philosophy which \nwith the support of AI emulates both the natural hearing process and \nthe natural way we listen.  \n', 'GN has worked with AI in our hearing aids for years. With ReSound \nVivia, we introduce Intelligence Augmented as an evolution to Organic \nHearing. In plain words this approach empowers the human brain with \nthe help from AI, rather than empowering AI to help the human. With \nthis, we are taking a human approach to AI.  \n', ""• \nThe world's smallest AI hearing aid – delivering all-day wearing \ncomfort and all-weatherproof design \n"", 'One example of an expected future customer need is enabling profes-\nsionals to easily interact with generative AI through voice. With our \nsound processing capabilities, GN is uniquely positioned to capitalize on \nthis opportunity. \n', '•\nExperience and tech shifts like generative AI drive \ninnovation \n', 'The Group has a unique blend of leading expertise of the human ear, \naudio, video, speech, gaming, wireless technologies, miniaturization, \nsoftware, and AI.  \n', 'Every second counts in the retail \nworld, and effective communication \nacross teams is critical. Jabra Perform \n75 is a new Bluetooth headset de-\nsigned specifically for shift workers in \nretail environments. It’s future-ready \nfor AI, seamlessly integrating with ex-\nisting frontline worker applications \nand future voice-led applications. \n', '• \nFurther supporting our work in this area, we have taken an addi-\ntional action to manage the same IRO on child labor and other \nforms of forced labor, specifically to address the identified finan-\ncial risk. This includes setting up a forced labor taskforce to ensure \nwe mitigate the risks of forced labor in our upstream value chain. \nTo support us in this we use the FRDM (Freedom) platform which \nis a supply chain risk management software powered by data ana-\nlytics and AI to monitor tier 1 and 2 suppliers who pose a high risk \nof forced or child labor violations in their supply chains. These sup-\npliers are requested to complete a comprehensive assessment and \nprovide documentary evidence to substantiate the absence of \nforced or child labor abuses. \n', 'A key ongoing initiative to ensure compliance with our Data Privacy \nPolicy and GDPR regulation is a GDPR risk assessment. As part of this, \nquestionnaires are sent to business process owners via our compliance \napplication. The aim with the initiative is to assess data privacy risks \nacross all business processes including alignment with the EU AI Act, \nwhere AI systems and models are used in connection with personal \ndata.  \n']";5;5;4;14;30642000000;Ballerup;01/06/1869;7891.00.00;1311666670.0;18120000000.0
172;GN.CO;GN Store Nord A/S;Denmark;Denmark;OMX Nordic Exchange Copenhagen A/S;DK0010272632;5493008U3H3W0NKPFL10;;02/01/1985;02/01/1985;Health Care;Medical Equipment and Services;Medical Equipment;23.00;;;;76;ALL_COMPANIES/GN Store Nord A-S/GN Annual Report 2023.pdf;GN Store Nord A/S;2023;0.0047117581925695;['GN announces new AI-\npowered features for its \nJabra PanaCast 50 and \nPanaCast 50 Room Sys-\ntem, revolutionizing hybrid \nvideo conferencing \n', 'New market segments, such as frontline workers, and new software of-\nferings, such as the AI-based Jabra Engage AI, will create further \ngrowth potential beyond the core enterprise audio, headset, speaker-\nphone, and expanding video businesses. \n', 'platforms. Technologies such as sound processing, Bluetooth and wire-\nless connectivity, Artificial Intelligence, miniaturization, power manage-\nment, software ecosystems, and many more are developed and applied \nacross GN’s diverse product innovation.  \n'];3;4;2;9;30589000000;Ballerup;01/06/1869;7228.00.00;1354333330.0;18687000000.0
173;GN.CO;GN Store Nord A/S;Denmark;Denmark;OMX Nordic Exchange Copenhagen A/S;DK0010272632;5493008U3H3W0NKPFL10;;02/01/1985;02/01/1985;Health Care;Medical Equipment and Services;Medical Equipment;23.00;;;;75;ALL_COMPANIES/GN Store Nord A-S/GN Annual Report 2022.pdf;GN Store Nord A/S;2022;0.0186030224439994;['GN Audio performance 2022 \n29 \nGN Audio’s strongest product portfolio ever \n32 \nInclusive meetings in the hybrid workplace \n33 \nImprove customer experiences with AI \n34 \nGrowing demand for FalCom’s systems \n35 \n', 'Launching Jabra \nEngage AI, unique \n', ' \nGroup performance 2022 \n21 \nGN Hearing performance 2022 \n24 \nThe strongest hearing aid portfolio ever \n27 \nChanging the rules of the hearing game \n28 \nGN Audio performance 2022 \n29 \nGN Audio’s strongest product portfolio ever \n32 \nInclusive meetings in the hybrid workplace \n33 \nImprove customer experiences with AI \n34 \nDemand increases for FalCom’s systems \n35 \n', 'Jabra Engage AI \nNew Software-as-a-Service (SaaS) solution improv-\ning customer and agent experience in contact cen-\ntres (also see page 34). \n', 'Jabra Engage AI \n', 'These functionalities make up a competitive offer-\ning and require only a minimum of configuration be-\nfore use. With Jabra’s PanaCast 50 Room System \npowered by Microsoft Teams, artificial intelligence \ndoes the work, brings all participants into play, and \nbrings people closer across the hybrid workplace. \n', ' \nJabra Engage AI – revolutionary \nnew contact center software \n', 'Jabra Engage AI is the first stand-alone commercial \nsoftware solution that GN brought to market in Sep-\ntember 2022.  \n', 'In GN Audio, we found that the key to a great cus-\ntomer experience lies in the human tone, so analyz-\ning voice by using AI (artificial intelligence) was a \nnatural next step for us. \n', 'Working on the frontier of what is possible \nEngage AI gives supervisors the possibility of moni-\ntoring “angry calls”, “great calls” and other calls \nneeding feedback and evaluation.  \n', 'With Engage AI monitoring calls, supervisors can set \nup notifications for different tones of voice and for \nactions upon which to give the customer service \nprofessionals feedback. In this way, supervisors no \nlonger need to listen to hours of random calls to \nevaluate agent performance. \n', 'Investment in innovation pays off \nGN’s investment in the technology that made \nEngage AI possible started in 2018 by investing in \n', 'audEERING, a Munich-based AI company focused on \nvoice. audEERING is led by Dagmar Schuller and co-\nowned by Bjorn Schuller, the world’s most cited \nscientist in the space of audio-based affective \ncomputing and who is also a top-25 global AI \nscientist.  \n', 'GN is making Engage AI available on all platforms, \nas the solution is agnostic across headsets and com-\nmercialized as a service for the entire industry. \n', 'Improve customer experiences with AI \n', 'Anthea Bott \nManager, R&D Insights and Machine Learning \nGN Hearing \n'];5;4;3;12;23552000000;Ballerup;01/06/1869;6525.00.00;1497333330.0;15775000000.0
174;GN.CO;GN Store Nord A/S;Denmark;Denmark;OMX Nordic Exchange Copenhagen A/S;DK0010272632;5493008U3H3W0NKPFL10;;02/01/1985;02/01/1985;Health Care;Medical Equipment and Services;Medical Equipment;23.00;;;;73;ALL_COMPANIES/GN Store Nord A-S/GN Annual Report 2021.pdf;GN Store Nord A/S;2021;0.0013438331496761;['intelligent AI-enabled per-\n'];1;1;0;2;16682000000;Ballerup;01/06/1869;6275.00.00;1272666670.0;13449000000.0
175;GN.CO;GN Store Nord A/S;Denmark;Denmark;OMX Nordic Exchange Copenhagen A/S;DK0010272632;5493008U3H3W0NKPFL10;;02/01/1985;02/01/1985;Health Care;Medical Equipment and Services;Medical Equipment;23.00;;;;74;ALL_COMPANIES/GN Store Nord A-S/GN Annual Report 2020.pdf;GN Store Nord A/S;2020;0.0028376441877952;['for a rapidly changing and uncertain world, as has GN’s busi-\nness model and organization.  \n \nIn the coming years GN will continue to take individualized \ncustomer experiences to a whole new level and further \nbroaden the reach and appeal of GN’s hearing, audio, and \nvideo product portfolios, where we see ample opportunities \nfor continued growth. As new market segments open up, we \nwill further leverage GN’s technological expertise and com-\nmercial platform, where these provide a particular competi-\ntive advantage.  \n \nWhile COVID-19 temporarily hampered hearing clinics from \nserving their clients face-to-face, the pandemic also demon-\nstrated that the need for hearing is greater than ever when \npeople are physically distanced from each other. With in-\ncreased mask wearing and social distancing there is clearly a \ngreater need and awareness is increasing of how crucial it is \nfor people to be able to hear and understand one another, \naided by technology and proper remote care. The hearing \nmarket fundamentals continue to be healthy with a growing \nelderly and more affluent population and we see the markets \nas being fundamentally intact. \n \nGN Hearing is well positioned as a leader in connectivity and \naudiology designed for the individual, as demonstrated by our \nlatest product families. We will continue to invest in expand-\ning what a hearing aid can do for the user. A hearing aid \nshould, obviously, deliver the best possible sound for the \nuser, but increasingly we will engineer hearing aids to assist \nusers and their relatives with much more than ”just” hearing. \nWe think of these multiple new opportunities as beyond hear-\ning enabling people to hear more, do more, and be more.  \n \nAlso in GN Audio’s enterprise business, we believe that our \nmarkets are intact. Large enterprise customers across the \nworld are preparing for more permanent flexible and hybrid \nwork initiatives which will continue after COVID-19. GN Audio \nis strongly positioned to capture the market opportunities \nand the current trends, which has contributed to significant \nmarket expansion. Professional collaboration tools based on \nsound, vision, and artificial intelligence will open up for a \nrange of new ways to improve work efficiency, collaboration, \nand compliance with e.g. health restrictions. We will continue \nto invest into our business to capture growth in audio and \nvideo collaboration.  \n \nThe near future remains uncertain \nAs COVID-19 continues to make life and business difficult \naround the world, and blur the world economic outlook, the \nnear future expectations for both GN’s business divisions re-\nmain significantly more uncertain than normal. In entering \n2021, we see that the trying times are not over.  \n \nHowever, GN’s market fundamentals remain healthy. Based \non GN’s attractive market prospects, focused strategic execu-\ntion and a strong track record for developing industry-\n', 'With the rapid development of exciting new \ntechnologies, such as voice computing, \nartificial intelligence, augmented and virtual \nreality, 5G networks and more, the potential \nfor disruptive innovation and transformation \nwithin our playing field is greater than ever. \n'];3;1;0;4;16683000000;Ballerup;01/06/1869;;1096714290.0;12574000000.0
176;JDAN.CO;Jeudan A/S;Denmark;Denmark;OMX Nordic Exchange Copenhagen A/S;DK0061282464;529900MI0WOKLZH7MS98;;01/01/1991;09/07/1991;Real Estate;Real Estate Investment and Services Development;Real Estate Holding and Development;24.00.00;;;;193;ALL_COMPANIES/Jeudan A-S/Jeudan_aarsrapport_2025.pdf;JEUDAN A/S;2025;0.0030153178144976;['Kunderne i centrum – tilfredshed og loyalitet \nI en tid, hvor digitalisering og AI fylder mere i servicefunktioner, \nfastholder Jeudan det menneskelige som en styrke. Kunderne \nmøder mennesker, der tager ansvar, lytter og handler, ikke \ntastemenuer og standardløsninger. Den personlige kontakt er \net aktiv, og Jeudan arbejder bevidst med ét tydeligt kontakt-\npunkt og klare løsninger, fordi relationer skaber tillid og langva-\nrigt samarbejde.\n', 'Brugen af kunstig intelligens er også taget til indenfor energi\xad\nstyring, og i 2025 indledte Jeudan en dialog om prognose\xad\nbaseret, intelligent energivisualisering, overvågning og \nstyring. Dette system anvender kunstig intelligens som bereg\xad\nningskerne til at analysere bygningernes brugsmønstre og kan \nstyrke den effektive drift af varmeforbruget i ejendommene. \nSystemet kan hjælpe med at sænke varmeforbrug og afkøling \ni ejendommen, og dermed reducere drivhusgasemissionerne. \nJeudan forventer at anvende systemet effektivt fra 2026, hvor \nkonkrete reduktioner kan beregnes. \n'];3;2;0;5;37034501000;KOEBENHAVN;01/06/1990;;;
177;JDAN.CO;Jeudan A/S;Denmark;Denmark;OMX Nordic Exchange Copenhagen A/S;DK0061282464;529900MI0WOKLZH7MS98;;01/01/1991;09/07/1991;Real Estate;Real Estate Investment and Services Development;Real Estate Holding and Development;24.00.00;;;;194;ALL_COMPANIES/Jeudan A-S/2024-Jeudan_aarsrapport_2024.pdf;JEUDAN A/S;2024;0.0009464588243088;['Kunderne i centrum – tilfredshed og loyalitet \nI en tid, hvor digitaliseringen og AI vinder mere indpas i service-\nfunktioner, holder Jeudan fast i det menneskelige. Hos Jeudan \nmøder du et menneske, en person, der ikke blot lytter, men også \nhandler. Jeudan gør op med tastemenuer og robotstemmer og \ntilbyder en ægte samtale, hvor kundens behov er i fokus. Ét kon-\ntaktpunkt, én løsning ‒ fordi Jeudan tror på, at meningsfulde \nforbindelser skaber de bedste resultater. De digitale løsninger \ner værdifulde. Men kundeservicen skal være personlig, nærvæ-\nrende og tilgængelig. \n'];1;0;0;1;36595278000;KOEBENHAVN;01/06/1990;;;
178;JDAN.CO;Jeudan A/S;Denmark;Denmark;OMX Nordic Exchange Copenhagen A/S;DK0061282464;529900MI0WOKLZH7MS98;;01/01/1991;09/07/1991;Real Estate;Real Estate Investment and Services Development;Real Estate Holding and Development;24.00.00;;;;190;ALL_COMPANIES/Jeudan A-S/2023-Jeudan_aarsrapport_2023.pdf;Jeudan A/S;2023;00.00;[];0;0;0;0;37062952000;KOEBENHAVN;01/06/1990;;;
179;JDAN.CO;Jeudan A/S;Denmark;Denmark;OMX Nordic Exchange Copenhagen A/S;DK0061282464;529900MI0WOKLZH7MS98;;01/01/1991;09/07/1991;Real Estate;Real Estate Investment and Services Development;Real Estate Holding and Development;24.00.00;;;;192;ALL_COMPANIES/Jeudan A-S/2022-Jeudan_aarsrapport_2022.pdf;JEUDAN A/S;2022;00.00;[];0;0;0;0;31368706000;KOEBENHAVN;01/06/1990;;;
180;JDAN.CO;Jeudan A/S;Denmark;Denmark;OMX Nordic Exchange Copenhagen A/S;DK0061282464;529900MI0WOKLZH7MS98;;01/01/1991;09/07/1991;Real Estate;Real Estate Investment and Services Development;Real Estate Holding and Development;24.00.00;;;;195;ALL_COMPANIES/Jeudan A-S/2021-Jeudan_aarsrapport_2021.pdf;Jeudan A/S;2021;00.00;[];0;0;0;0;28638367000;KOEBENHAVN;01/06/1990;;;
181;JDAN.CO;Jeudan A/S;Denmark;Denmark;OMX Nordic Exchange Copenhagen A/S;DK0061282464;529900MI0WOKLZH7MS98;;01/01/1991;09/07/1991;Real Estate;Real Estate Investment and Services Development;Real Estate Holding and Development;24.00.00;;;;191;ALL_COMPANIES/Jeudan A-S/2020-Jeudan_aarsrapport_2020_GF.pdf;Jeudan A/S;2020;00.00;[];0;0;0;0;26701589000;KOEBENHAVN;01/06/1990;;;
182;DNORD.CO;Dampskibsselskabet Norden A/S;Denmark;Denmark;OMX Nordic Exchange Copenhagen A/S;DK0060083210;529900RGXD3CBR3BRU63;;01/10/1985;01/10/1985;Industrials;Industrial Transportation;Marine Transportation;25.00.00;;;;223;ALL_COMPANIES/Dampskibsselskabet Norden A-S/NORDEN Annual Report 2025.pdf;Dampskibsselskabet NORDEN A/S;2025;0.008885027741031;"['Persistent mega trends\nThe industry’s trajectory is being reshaped by \ntighter carbon-emissions regulation and the rapid \nrise of AI-driven decision-making and optimisa-\ntion. These shifts are inevitable – only the speed \nof these developments is uncertain.\n', 'Over the next five years, we aim to grow the stable base margin business to represent a larger share of total earnings. Base margins \nwill increasingly underpin the stability and predictability of earnings, while trading and directional margins will continue to play an \nimportant role in capturing upside in strong markets. Our strategic focus is on building predictable and resilient earnings, driven by \nthree key priorities; Customer centricity, AI and Decarbonisation. \n', 'Customer-centric focus to enable \noptimisation of cargo network\nDecarbonisation as a \ncompetitive advantage\nCapitalise on AI-driven \nopportunities \n', 'AI will unlock significant opportunities to \nstrengthen both base and directional margin, \nenhance decision-making, optimise oper-\nations and deliver substantial productivity \ngains. Building on NORDEN’s existing data and \nanalytics, we will accelerate the adoption of AI to \nscale proven capabilities. In an industry that has \nbeen slow to adopt new technologies, targeted \ninvestments in AI represent a clear competitive \nadvantage. We will prioritise initiatives that \ntranslate AI capabilities into tangible business \nvalue and differentiated use cases, positioning \nNORDEN to execute our strategy with greater \nprecision, speed and resilience.\n', 'Ability to optimise trade patterns \nthrough analytics and AI\nOperating 400 vessels across multiple vessel \ntypes, our global scale helps us manage risk in a \nvolatile world. We are providing valuable flex-\nibility to our customers while building a deep \ncargo network, which enables us to capture \nhigher margins through optimised cargo flows \nand voyage efficiencies. \n', 'We believe in the power of using data, analytics \nand AI to harvest superior margins and voyage cost \nreductions, and we benefit from having our own \ndeveloped decision support systems – utilising a \nvast pool of data built up over many years.\n']";4;4;3;11;2254800000;Hellerup;15/09/1915;;;4040100000.0
183;DNORD.CO;Dampskibsselskabet Norden A/S;Denmark;Denmark;OMX Nordic Exchange Copenhagen A/S;DK0060083210;529900RGXD3CBR3BRU63;;01/10/1985;01/10/1985;Industrials;Industrial Transportation;Marine Transportation;25.00.00;;;;224;ALL_COMPANIES/Dampskibsselskabet Norden A-S/NORDEN Annual Report 2024.pdf;Dampskibsselskabet NORDEN A/S;2024;00.00;[];0;0;0;0;2343900000;Hellerup;15/09/1915;483.00.00;;3691900000.0
184;DNORD.CO;Dampskibsselskabet Norden A/S;Denmark;Denmark;OMX Nordic Exchange Copenhagen A/S;DK0060083210;529900RGXD3CBR3BRU63;;01/10/1985;01/10/1985;Industrials;Industrial Transportation;Marine Transportation;25.00.00;;;;222;ALL_COMPANIES/Dampskibsselskabet Norden A-S/NORDEN_AnnualReport_2023.pdf;Dampskibsselskabet NORDEN A/S;2023;0.0021682567215958;['Empowering employees with analytics\nOur business model is based on an agile capacity management \nstrategy, and for the past several years, we have worked on success-\nfully integrating data analytics and artificial intelligence, into our \nbusiness. Today, data is a core element of our business, and by \nenabling our people to utilise our data to enhance decision-making, \nwe have created a foundation where we are able to respond to \nchanges in the market and, at the same time, service our customers \nwith efficient and reliable services and products.\n', 'NORDEN handles more than 9 billion data points every day, and by combining \nthe use of AI with the experienced efficiency of all vessels operated by \nNORDEN over many years, it has been possible to build a unique model \nenabling our people to make well-\xadinformed and optimal decisions for the \ncompany, our customers and the climate.\n'];3;4;3;10;2755400000;Hellerup;15/09/1915;466.00.00;;5312400000.0
185;DNORD.CO;Dampskibsselskabet Norden A/S;Denmark;Denmark;OMX Nordic Exchange Copenhagen A/S;DK0060083210;529900RGXD3CBR3BRU63;;01/10/1985;01/10/1985;Industrials;Industrial Transportation;Marine Transportation;25.00.00;;;;226;ALL_COMPANIES/Dampskibsselskabet Norden A-S/Norden Annual Report 2022.pdf;Dampskibsselskabet NORDEN A/S;2022;00.00;[];0;0;0;0;2453500000;Hellerup;15/09/1915;425.00.00;;3551800000.0
186;DNORD.CO;Dampskibsselskabet Norden A/S;Denmark;Denmark;OMX Nordic Exchange Copenhagen A/S;DK0060083210;529900RGXD3CBR3BRU63;;01/10/1985;01/10/1985;Industrials;Industrial Transportation;Marine Transportation;25.00.00;;;;225;ALL_COMPANIES/Dampskibsselskabet Norden A-S/NORDEN Annual Report 2021.pdf;Dampskibsselskabet NORDEN A/S;2021;00.00;[];0;0;0;0;1824800000;Hellerup;15/09/1915;1050.00.00;;2597800000.0
187;DNORD.CO;Dampskibsselskabet Norden A/S;Denmark;Denmark;OMX Nordic Exchange Copenhagen A/S;DK0060083210;529900RGXD3CBR3BRU63;;01/10/1985;01/10/1985;Industrials;Industrial Transportation;Marine Transportation;25.00.00;;;;227;ALL_COMPANIES/Dampskibsselskabet Norden A-S/NORDENAR2020_0.pdf;Dampskibsselskabet NORDEN A/S;2020;00.00;[];0;0;0;0;1742400000;Hellerup;15/09/1915;1229.00.00;;2583900000.0
188;STOGR.CO;Scandinavian Tobacco Group A/S;Denmark;Denmark;OMX Nordic Exchange Copenhagen A/S;DK0060696300;5299003KG4JS99TRML67;;10/02/2016;10/02/2016;Consumer Staples;Tobacco;Tobacco;25.00.00;;;;438;ALL_COMPANIES/Scandinavian Tobacco Group A-S/stg-annual-report-2025_20260304.pdf;Scandinavian Tobacco Group A/S;2025;00.00;[];0;0;0;0;17104000000;Gentofte;28/11/2007;10141.0;;9202100000.0
189;STOGR.CO;Scandinavian Tobacco Group A/S;Denmark;Denmark;OMX Nordic Exchange Copenhagen A/S;DK0060696300;5299003KG4JS99TRML67;;10/02/2016;10/02/2016;Consumer Staples;Tobacco;Tobacco;25.00.00;;;;442;ALL_COMPANIES/Scandinavian Tobacco Group A-S/stg-annual-report-2024.pdf;Scandinavian Tobacco Group A/S;2024;0.000992969774;"[""Further to this, we have initiated the development of Data \nEthics Guidelines to facilitate a consistent and coherent \nunderstanding and application of the Company's data ethical \nprinciples. These guidelines are supplemented by specific \nguidelines issued in 2023 on the use of artificial intelligence. \nIn 2025 we will review our Data Ethics Policy in accordance \nwith the general policy governance principles of Scandinavian \nTobacco Group. \n""]";1;0;0;1;15853400000;Gentofte;28/11/2007;10098.0;;8730900000.0
190;STOGR.CO;Scandinavian Tobacco Group A/S;Denmark;Denmark;OMX Nordic Exchange Copenhagen A/S;DK0060696300;5299003KG4JS99TRML67;;10/02/2016;10/02/2016;Consumer Staples;Tobacco;Tobacco;25.00.00;;;;441;ALL_COMPANIES/Scandinavian Tobacco Group A-S/stg-annual-report-2023.pdf;Scandinavian Tobacco Group A/S;2023;0.0011289230074508;['Further to this, we have initiated the development \nof Data Ethics Guidelines to facilitate a consistent \nand coherent understanding and application of the \nCompany’s data ethical principles. These guidelines \nare supplemented by specific guidelines issued in \n2023 to the use of artificial intelligence. In 2024, \nwe will review our Data Ethics Policy in accordance \nwith the general policy governance principles of \nScandinavian Tobacco Group. We also plan to \npublish the Data Ethics Guidelines, and continue \nto develop our data ethical mindset and tools, \nincluding training sessions on issues relating to \ndata ethics for relevant groups of employees. Data \nEthics is still a new discipline that will develop over \ntime, in society in general and within the Group.\n'];2;0;1;3;15122100000;Gentofte;28/11/2007;10275.0;;8762200000.0
191;STOGR.CO;Scandinavian Tobacco Group A/S;Denmark;Denmark;OMX Nordic Exchange Copenhagen A/S;DK0060696300;5299003KG4JS99TRML67;;10/02/2016;10/02/2016;Consumer Staples;Tobacco;Tobacco;25.00.00;;;;440;ALL_COMPANIES/Scandinavian Tobacco Group A-S/stg-annual-report-2022.pdf;Scandinavian Tobacco Group A/S;2022;00.00;[];0;0;0;0;14583700000;Gentofte;28/11/2007;10561.0;;8232700000.0
192;STOGR.CO;Scandinavian Tobacco Group A/S;Denmark;Denmark;OMX Nordic Exchange Copenhagen A/S;DK0060696300;5299003KG4JS99TRML67;;10/02/2016;10/02/2016;Consumer Staples;Tobacco;Tobacco;25.00.00;;;;439;ALL_COMPANIES/Scandinavian Tobacco Group A-S/stg-annual-report-2021.pdf;Scandinavian Tobacco Group A/S;2021;00.00;[];0;0;0;0;13996000000;Gentofte;28/11/2007;7258.00.00;;8005900000.0
193;STOGR.CO;Scandinavian Tobacco Group A/S;Denmark;Denmark;OMX Nordic Exchange Copenhagen A/S;DK0060696300;5299003KG4JS99TRML67;;10/02/2016;10/02/2016;Consumer Staples;Tobacco;Tobacco;25.00.00;;;;437;ALL_COMPANIES/Scandinavian Tobacco Group A-S/stg_annual_report_2020.pdf;Scandinavian Tobacco Group A/S;2020;00.00;[];0;0;0;0;13872000000;Gentofte;28/11/2007;;;6870000000.0
194;CHEMM.CO;Chemometec A/S;Denmark;Denmark;OMX Nordic Exchange Copenhagen A/S;DK0060055861;213800533NBKECGONO68;;18/12/2006;18/12/2006;Health Care;Medical Equipment and Services;Medical Equipment;26.00.00;;2024/2025;;79;ALL_COMPANIES/Chemometec A-S/Annual Report 2024-25 (English).pdf;ChemoMetec A/S;2025;0.0144092219020172;['Over the past few years, our technology platform has \nundergone major upgrades, not least of our proprietary \nsoftware, which includes the use of AI for cell counting \npurposes. Our new XcytoMatic instruments and the new \nNC-203 instrument are all based on a brand-new software \nplatform. \n', 'Our new cell counting instruments apply integrated arti-\nficial intelligence (AI) to support the cell counting pro-\ncess. Future expected uses of AI include contributing to \nthe development of new algorithms to classify cell types \nand determine cell viability and to discover anomalies or \nabnormalities in cell structures.\n', 'The XM40 was developed for integra-\ntion into semi-automated production \nflows, primarily in the bioprocessing \nmarket, which traditionally uses \ncarousel-based instruments. With \nthe XM40, customers get fast and \naccurate cell counting of 24 samples \nof up to 100 million cells per ml. \n', 'The XM30 is an automated cell coun-\nter based on a brand-new software \nplatform, which is also used in the \nXM40, the coming XM50 and the NC-\n203. The XM30 has been developed \nfor integration into fully automated \nproduction flows so as to streamline \nproduction and significantly reduce \nour customers’ production costs. The \nXM30 is based on the application of \na reusable measuring cuvette, which \nis cleaned using a rinsing solution \nbetween measurements. A cell \nsample is loaded into the XM30 by an \nexternal robotic arm (or manually), \nafter which the AI-based cell count is \nperformed. \n', 'The NC-203 is an upgraded version \nof the NC-202. Like the NC-202, the \ninstrument applies disposable cas-\nsettes, and it has furthermore been \nupgraded with new technology from \nthe XcytoMatic platform. The main \nelements of the upgrade are a new \nanalytical module, a new software \nplatform and the use of contrast \nmicroscopy combined with AI-based \nimage analysis. \n', 'A cell sample is loaded into the XM30 by an external robotic arm (or \nmanually), after which the AI-based cell count can be performed.\n', 'The NC-203 is an upgraded version of the NC-202 and, like \nthat instrument, applies disposable cassettes. In addi-\ntion, the NC-203 has been upgraded with new technology \nfrom the XcytoMatic platform. The main elements of the \nupgrade are a new analytical module, a new software plat-\nform and the use of contrast microscopy combined with \nAI-based image analysis.\n'];2;4;3;9;828046000;ALLEROED;02/04/1997;184.00.00;;495572000.0
195;CHEMM.CO;Chemometec A/S;Denmark;Denmark;OMX Nordic Exchange Copenhagen A/S;DK0060055861;213800533NBKECGONO68;;18/12/2006;18/12/2006;Health Care;Medical Equipment and Services;Medical Equipment;26.00.00;;2024/2025;;77;ALL_COMPANIES/Chemometec A-S/Annual Report (UK) 2023-24.pdf;ChemoMetec A/S;2024;0.0140794078603322;"['Over the past few years, our technological platform has \nundergone major developments, not least of our proprie-\ntary software, which includes the use of AI for cell counting \npurposes. Our two new XcytoMatic instruments and the \ncoming new instrument, the NC-203, are all based on the \nbrand-new software platform. \n', 'Our new cell counting instruments apply integrated \nartificial intelligence (AI) to support the cell counting \nprocess. Future expected uses of AI include contribut-\ning to the development of new algorithms to classify \ncell types and determine cell viability and to discover \nanomalies or abnormalities in cell structures.\n', 'XcytoMatic 40 (XM40)\nThe XM40 is an instrument in the same family as \nthe XM30, and the two instruments largely share \nthe same technologies. They generally differ in \nthat the XM40 applies a sample carousel that \ncan hold 24 samples, while the XM30 applies \na stationary sample cone. The XM40 was \ndeveloped for integration into semi-automated \nproduction flows, primarily in the bioprocessing \nmarket, which traditionally uses carousel-based \ninstruments. With the XM40, customers can \nwithin approximately 15 minutes get fast and \naccurate cell counting of 24 samples of up to \n100 million cells per ml. \n', 'XcytoMatic 30 (XM30) \nThe XM30 is an automated cell counter based \non a brand-new software platform, which is \nalso used in the XM40 and the NC-203. The \nXM30 was developed for integration into fully-\nauto\xadmated production flows so as to optimise \nproduction processes and significantly reduce \nour customers’ production costs. The XM30 is \nbased on the application of a reusable meas-\nuring cuvette, which is cleaned with a rinsing \nsolution between measurements. A cell sample \nis loaded into the XM30 by an external robotic \narm (or manually), after which the AI-based cell \ncount is performed. The instrument will typically \nbe used in bioprocessing and in cell and gene \ntherapy, which is currently ChemoMetec’s most \nimportant market segment.\n', 'NucleoCounter NC-203\nThe NC-203 is an upgraded version of the \nNC-202. Like the NC-202, the instrument \napplies disposable cassettes, and it has \nfurthermore been upgraded with new \ntechnology from the XcytoMatic platform. \nThe main elements of the upgrade are a new \nanalytical module, a new software platform \nand the use of contrast microscopy combined \nwith AI-based image analysis. \n', 'we regularly see launches of new initiatives and solutions, \nincluding robotic technology and collaborations across the \nvalue chain. Digitalisation and the use of AI technology are \nan important part on this development, as different sup-\npliers’ products need to ""talk together"" in order to ensure \nproduction stability and security.\n']";4;4;3;11;676673000;ALLEROED;02/04/1997;173.00.00;;407350000.0
196;CHEMM.CO;Chemometec A/S;Denmark;Denmark;OMX Nordic Exchange Copenhagen A/S;DK0060055861;213800533NBKECGONO68;;18/12/2006;18/12/2006;Health Care;Medical Equipment and Services;Medical Equipment;26.00.00;;2024/2025;;81;ALL_COMPANIES/Chemometec A-S/ChemoMetec_AR2022-23_UK_WEB_ny.pdf;ChemoMetec A/S;2023;0.0081383519837232;['The XM40 is an analytical instrument \nbased on a brand-new software platform. \nLike the XM30, the instrument is primarily \nintended for the bioprocessing market. \nThe XM40 enables automated, fast and \naccurate cell counting of up to 24 samples \nat a time in a reusable measuring cuvette \nand with a sample range of 50,000 to 100 \nmillion cells/ml. \n', 'The NC-203 is an upgraded version of \nthe NC-202. Like the NC-202, the instru-\nment applies disposable cassettes, and it \nhas furthermore been updated with new \ntechnology from the XcytoMatic platform. \nThe main elements of the upgrade are \na new analytical module, a new soft-\nware platform and the use of contrast \nmicroscopy combined with image anal-\nysis by means of artificial intelligence. \nThe NC-203 will be better equipped than \nthe NC-202 to meet the future needs in \nterms of handling complex cell cultures. \n', 'NucleoCounter NC-203\nDuring the year, we developed an upgraded version of the \nNucleoCounter NC-202, which we have initially named the \nNucleoCounter NC-203. Like the NC-202, the instrument \napplies disposable cassettes and fluorescence microscopy, \nand it has furthermore been updated with new technol-\nogy from the XcytoMatic platform. The main elements of \nthe upgrade are a new analytical module, a new software \nplatform and the use of contrast microscopy combined \nwith image analysis by means of artificial intelligence (AI). \n', 'While basically having the same analysis performance as \nthe NC-202, the NC-203 will be better prepared to meet \nfuture needs in terms of handling complex cell cultures, \nsuch as induced pluripotent stem cells (iPSCs). Many \nopinion makers believe that iPSCs will form the basis of a \nlarge proportion of cell therapies of the future. Counting \niPSCs can be quite difficult, as the cells often form highly \ncomplex cell cultures during the so-called differentiation \nprocess, which pose a major challenge for the vast major-\nity of cell counters currently on the market. Thanks to \ntheir AI functionality, the NC-203 and the XcytoMatic have \nbeen shown in pilot tests to be highly suitable for count-\ning iPSC cultures. Directed at the same market segment \nas the NC-202, the product is expected to be released for \nsale during 2024, following the release of the XM40 and \nthe XM30. \n'];3;3;2;8;657976000;ALLEROED;02/04/1997;164.00.00;;442274000.0
197;CHEMM.CO;Chemometec A/S;Denmark;Denmark;OMX Nordic Exchange Copenhagen A/S;DK0060055861;213800533NBKECGONO68;;18/12/2006;18/12/2006;Health Care;Medical Equipment and Services;Medical Equipment;26.00.00;;2024/2025;;80;ALL_COMPANIES/Chemometec A-S/ChemoMetec-Extract-Annual-Report-UK-2021-22 (1).pdf;ChemoMetec A/S;2022;0.0103241792277513;['Marketing: Digitalisation and increased activity\nIn the marketing area, the digitalisation processes initiated during the Covid-19 pan-\ndemic continued during the year, as we seek to implement data-driven analyses as a \nmeans to ensuring a continuous inflow of new customers. For example, we launched a \nnew, improved online marketing platform employing AI technology. \n'];1;3;0;4;501273000;ALLEROED;02/04/1997;147.00.00;;427160000.0
198;CHEMM.CO;Chemometec A/S;Denmark;Denmark;OMX Nordic Exchange Copenhagen A/S;DK0060055861;213800533NBKECGONO68;;18/12/2006;18/12/2006;Health Care;Medical Equipment and Services;Medical Equipment;26.00.00;;2024/2025;;78;ALL_COMPANIES/Chemometec A-S/ChemoMetec-UK-Extract-AR-2020-21_web.pdf;ChemoMetec A/S;2021;00.00;[];0;0;0;0;344909000;ALLEROED;02/04/1997;128.00.00;;
199;DFDS.CO;DFDS A/S;Denmark;Denmark;OMX Nordic Exchange Copenhagen A/S;DK0060655629;549300JZVW1Y1UZ5UK38;;02/01/1985;02/01/1985;Industrials;Industrial Transportation;Marine Transportation;28.00.00;;;;270;ALL_COMPANIES/DFDS A-S/DFDS_Annual_Report_2025.pdf;DFDS A/S;2025;0.0175900021778097;['AI agentic use cases to drive further efficiencies \n', 'The committed focus on leveraging AI agents and \n', 'machine learning is beginning to deliver tangible \n', 'this area. The first AI agents are already live and \n', 'In 2026, we will continue to develop the AI pilot \n', 'and AI-driven operations on ferries and terminals, \n', 'Division through the AI‑powered Planning \n', 'leap was made into generative AI with agents \n', '•\t \x07Piloted AI-driven solutions for dwell \n', '•\t \x07Transport‑flow balancing AI agents \n', 'were improved through machine learning to \n', 'In terminal operations, AI-driven solutions to \n', 'For ferry operations, a machine learning-based \n', 'through the AI‑powered Planning Efficiency \n', 'The first steps to use generative AI were taken \n', 'by enabling AI agents to interact directly with \n', 'as section on AI and EU AI act specifically. The \n', 'Risk description: Information technology systems are critical for daily \noperations and disruptions can therefore entail significant impacts \nwhich could lead to loss of business and extra costs. Disruptions \ncould include loss of data, critical system shutdowns, or information \nsecurity risks related to customer data. Digitisation, automation, and \napplication of AI-tools are strategic enablers underpinning compet-\nitive customer solutions and continuous improvement of operational \nefficiency. Failure to keep up with industry standards can entail \nboth commercial and cost control risks. New digital transport and \nlogistics market platforms entail competitive risks for certain market \nsegments. \n', 'Mitigation strategies: System disruptions are prevented and pre-\nempted by cyber security solutions, continuous system monitoring, \nback-up systems, and standard operating procedures to restore \nsystem functionality. This includes ongoing updates to standard \nsystems, testing of recovery processes, identifying and preventing \nmalware, multi-factor authentication, groupwide awareness training, \nand network segmentation. Continual development and benchmark-\ning of digital self-service offerings is a priority to ensure competitive \ncustomer solutions. AI-tools are being applied driven by both in-house \ndevelopment and partnerships with external leading digital providers.\n', 'Risk assessment – medium/low: No major system disruptions \ntook place in 2025 as preventive solutions in place were resilient. \nParticipation in multiple cyber security networks also helps increase \nindustry knowledge and awareness. Cyber activity is expected to \nremain high in 2026 and preventive and pre-emptive actions have \ncontinued high priority. Cyber security risk level is assessed to be \nmedium. The digital solution offerings and the improvement and de-\nvelopment pipeline, including application of AI-tools, are assessed to \nbe competitive in the market. Competitors are expected to continue \nto introduce incremental solution improvements, but no disruptive \nadvancements are foreseen in 2026.\n', 'supported by increasing adoption of AI‑driven \n', 'increased digitisation and AI.\n', 'Scope 3 Spend-based\nDFDS’ spend-based Scope 3 emissions are \ncategorised and calculated using AI-powered \nsoftware. Uploaded spend data is classified for \ncategorisation, while calculations leverage the GHG \nProtocol framework and an extensive database of \nemission factors. Emission factor sources used in the \ncalculation include Exiobase, Ecoinvent, DESNZ \n(2024) and DESNZ (2025).\n'];4;4;3;11;39281000000;KOEBENHAVN;11/12/1866;8874.00.00;;29753000000.0
200;DFDS.CO;DFDS A/S;Denmark;Denmark;OMX Nordic Exchange Copenhagen A/S;DK0060655629;549300JZVW1Y1UZ5UK38;;02/01/1985;02/01/1985;Industrials;Industrial Transportation;Marine Transportation;28.00.00;;;;269;ALL_COMPANIES/DFDS A-S/DFDS_ANNUAL_REPORT_2024.pdf;DFDS A/S;2024;0.0076657723265619;['Key accomplishments 2024\nHow DFDS works with AI\n', 'Artificial Intelligence by creating a central \n', 'the AI technology to enhance productiv-\n', 'erative AI technology, 2024 was focused \n', 'on expanding AI awareness across the \n', 'adoption. GenAI assistants were actively \n', 'Solutions applying AI to automate the complex \n', 'Risk assessment: Our ferry and logistics activities \nare not assessed to face digital disruptions in the \nshort- and mid-term. Transport services, especially \nthe FTL-segment, are today exposed to increased \ncompetition from digital platforms as especially \ncustomers with large transport flows use such plat-\nforms to manage and tender transport lanes. There \nwere no material disruptions in 2024 from emerging \nautonomous technologies, advancements in artificial \nintelligence (AI), internet of things (IoT), and automa-\ntion. In 2025, competitors are expected to continue to \nintroduce  incremental solution improvements but no \nmajor disruptions are foreseen.\n', '“This is a big operation. But our focus remains \nrazor-sharp on all the details so we can continuous-\nly improve our processes. We use digital tools and \ndata to help us make the best decisions, including  \nreal-time operational data visible across the terminal. \nNext on the agenda is to start using AI tools for yard \noptimisation”, says Jonathan Lowden, Director of \nOperations, Immingham.\n', 'Scope 3 Spend-based\nDFDS’ spend-based Scope 3 emissions are \ncategorised and calculated using AI-powered \nsoftware. Uploaded spend data is classified for \ncategorisation, while calculations leverage the GHG \nProtocol framework and an extensive database of \nemission factors. \n'];4;3;2;9;34647000000;KOEBENHAVN;11/12/1866;8213.00.00;;27304000000.0
201;DFDS.CO;DFDS A/S;Denmark;Denmark;OMX Nordic Exchange Copenhagen A/S;DK0060655629;549300JZVW1Y1UZ5UK38;;02/01/1985;02/01/1985;Industrials;Industrial Transportation;Marine Transportation;28.00.00;;;;271;ALL_COMPANIES/DFDS A-S/DFDS_ANNUAL_REPORT_2023.pdf;DFDS A/S;2023;0.0059398883300993;"['Digitise to Transform: Further develop and \ngrow self-service customer options. Provide \nmore transparency and green data to \nenable flow optimisations. Automate port \nterminal operations, deploy AI to amongst \nother things enhance planning and predic-\ntion capabilities for sea and land transport. \n', 'To meet this need, DFDS is implementing \na new enterprise resource planning (ERP) \nsystem, Microsoft Dynamics 365, across \nall business units. The system ensures \nconsistency, accuracy, and efficiency in \nthe finance processes while achieving \ntransparency and data comparability \nacross DFDS. Since the first go-live in Q4 \n2021 the system has been implemented \nin 26 entities in 11 countries. Among other \nthings, the system uses an advanced AI \nsolution which enables better data insight \nand transparency in the invoice handling \nprocess, leading to a reduced need for \nmanual handling and processing.  \n', 'Over 60% of all incoming \ninvoices are processed through \nAI automation with no human \nintervention \n', ""Risk assessment: We see no immediate digital threats to our ferry routes and logistics \noperations. However, digitised models, especially within freight-forwarding, have rap-\nidly matured. Over the long term, DFDS' existing business model could potentially face \ndisruptions from emerging technologies for autonomous vehicles, vessels, and termi-\nnals, as well as advancements in artificial intelligence (AI), internet of things (IoT), and \nautomation. In recent years, DFDS has invested in in-house technological capabilities \nboth to counter risks presented by new technologies and business models, and also to \ndevelop proprietary solutions based on these technologies and seize potential busi-\nness opportunities. Our efforts to align DFDS with a more digitally driven commercial \nlandscape have been strengthened through partnerships with digital actors.\n"", 'Scope 3 emissions (CO2e): Emissions related to \nprocured goods and services (category 1), capital \ngoods (category 2), fuel- and energy-related \nemissions (category 3), upstream transportation \nand distribution (category 4), and business travel \n(category 6). The emission categories are selected \nbased on a materiality assessment of all 15 cate-\ngories within GHG accounting standard for scope \n3. Scope 3 emissions are based on spend data \nand calculated using AI software from an external \nprovider, except for fuel, for which emissions \nare calculated based on actual consumption. \n']";4;4;4;12;34084000000;KOEBENHAVN;11/12/1866;8367.00.00;;26873000000.0
202;DFDS.CO;DFDS A/S;Denmark;Denmark;OMX Nordic Exchange Copenhagen A/S;DK0060655629;549300JZVW1Y1UZ5UK38;;02/01/1985;02/01/1985;Industrials;Industrial Transportation;Marine Transportation;28.00.00;;;;274;ALL_COMPANIES/DFDS A-S/DFDS_NO_10_24_02_2023_ANNUAL_REPORT_2022.pdf;DFDS A/S;2022;0.0029399947080095;['as artificial intelligence (AI), internet of things (IoT) and automation. \n', 'Scope 3 emissions are based on spend data and calculated \nusing AI software from an external provider, except for \nfuel,  for which emissions are calculated based on actual \nconsumption.\n'];1;2;0;3;30721000000;KOEBENHAVN;11/12/1866;7791.00.00;;17869000000.0
203;DFDS.CO;DFDS A/S;Denmark;Denmark;OMX Nordic Exchange Copenhagen A/S;DK0060655629;549300JZVW1Y1UZ5UK38;;02/01/1985;02/01/1985;Industrials;Industrial Transportation;Marine Transportation;28.00.00;;;;272;ALL_COMPANIES/DFDS A-S/DFDS_UK_No_08_24_02_2022_Annual_Report_2021.pdf;DFDS A/S;2021;0.0019096907255869;['as artificial intelligence (AI), internet of things (IoT) and automation. \n'];1;1;1;3;27006000000;KOEBENHAVN;11/12/1866;;;13971000000.0
204;DFDS.CO;DFDS A/S;Denmark;Denmark;OMX Nordic Exchange Copenhagen A/S;DK0060655629;549300JZVW1Y1UZ5UK38;;02/01/1985;02/01/1985;Industrials;Industrial Transportation;Marine Transportation;28.00.00;;;;273;ALL_COMPANIES/DFDS A-S/DFDS_AR_2020_FINAL_20210223_1600.pdf;DFDS A/S;2020;0.0022043911471651;['Automation and data - roadmap to autonomous logistics\nCovid-19 slowed progress on automation, which relies \npredominantly on machine learning techniques to address \nuse cases such as asset utilization, yield management and \ntarget setting. As the pandemic disrupted ordinary behav-\niour, the operational usefulness of several algorithms was \nreduced as they rely on historical data to predict outcomes.\nProgress is nevertheless being made on increasing auto-\nmation and real-time data transparency for the logistics \nof entering port terminals and performing tasks within the \nterminal area, as part of our innovation roadmap towards \nautonomous logistics. We continue to innovate in this area \ntogether with Volvo and other partners.\n', 'in the business environment closely in order to protect \nactivities and pursue business development opportunities.\nPlatforms for booking of ferry trips by consumers are \navailable today. Commissions are paid to such platforms \nfor bookings. To compete with such platforms, DFDS is \nfurther developing digital solutions for passenger bookings \nand monitoring changes in the business environment \nclosely in order to protect activities and pursue business \ndevelopment opportunities.\nThere are no perceived imminent digital threats related \nto ferry route and logistics operations as such. In the longer \nterm, DFDS’ current business model could be disrupted \nby new, evolving technologies for autonomous vehicles, \nvessels and terminals, as well as artificial intelligence (AI), \ninternet of things (IoT) and automation.\nDFDS has in recent years invested in in-house capabilities \nin such technologies, partly to monitor and counter risks \nposed by such new technologies and business models, and \npartly to be able to develop own solutions based on such \ntechnologies to pursue possible business opportunities.\n'];4;3;2;9;26863000000;KOEBENHAVN;11/12/1866;;;16592000000.0
205;SPKSJF.CO;Sparekassen Sjaelland-Fyn A/S;Denmark;Denmark;OMX Nordic Exchange Copenhagen A/S;DK0060670776;5493002DPKDEC2JN1Y86;;03/12/2015;03/12/2015;Financials;Banks;Banks;28.00.00;;;;264;ALL_COMPANIES/Sparekassen Sjaelland-Fyn A-S/aarsrapport-2025.pdf;Sparekassen Sjælland-Fyn;2025;0.0011708093805247;['I strategiperioden har vi styrket forretningen via \net øget brug af data. Det er sket via implemente-\nring af nye teknologier og systemer samt ved at \nansætte og uddanne specialister med kompeten-\ncer på dataområdet. Alle medarbejderne under-\nvises og understøttes i at bruge løsninger (f.eks. \nrobotter og AI) til at optimere arbejdet. Samtidig \narbejder vi fortsat målrettet på at kvalitetssikre og \nbruge vores data korrekt. \n'];2;3;4;9;;Holbæk;01/01/1825;;;
206;SPKSJF.CO;Sparekassen Sjaelland-Fyn A/S;Denmark;Denmark;OMX Nordic Exchange Copenhagen A/S;DK0060670776;5493002DPKDEC2JN1Y86;;03/12/2015;03/12/2015;Financials;Banks;Banks;28.00.00;;;;263;ALL_COMPANIES/Sparekassen Sjaelland-Fyn A-S/aarsrengsk24.pdf;Sparekassen Sjælland-Fyn A/S;2024;0.0067023629552952;['KI og central-\nbanker\n', '•\t Vi har oprettet et nyt team, som skal styrke forholdet til og udvide forret-\nningsomfanget med vores mindre erhvervskunder via jævnlig proaktiv kontakt.\n•\t Vi ønsker at understøtte gode virksomhedsidéer ved at finansiere nystartede \nvirksomheder og vækstvirksomheder, som har et realiserbart projekt. Derfor \nhar vi tilpasset politikken på kreditområdet, så vi har mulighed for at fravige vis-\nse krav til nye erhvervskunder, som disse virksomheder ikke altid kan leve op til. \n•\t Vi har i 2024 afholdt en række arrangementer med formålet om at styrke rela-\ntionen til gode ambassadører for sparekassen, samarbejdspartnere, nuværen-\nde og potentielle erhvervskunder samt give virksomhederne ny viden, som kan \nunderstøtte deres forretningsudvikling. I fjerde kvartal har vi bl.a. holdt arrange-\nmenter om AI samt faciliteret netværksarrangementer for kvinder i ledelse. \n', '•\t Vores dataplatform er under fortsat udvikling, og vi er bl.a. i gang med at \netablere et datafundament, som overholder de etiske retningslinjer, og som \nskal danne udgangspunktet for vores arbejde med datascience og AI, herun-\nder f.eks. anonymisering af data. \n', '•\t Vi har lagt en plan for, hvordan vi skal bruge kunstig intelligens (AI) til at \noptimere og understøtte bl.a. kundevendte processer, så det understøtter \nvores forretningsmæssige behov. Ligesom vi har etableret et forretnings-\nmæssigt forum, som skal arbejde med adoptionen af AI-værktøjerne Copilot \nog ChatGPT.\n', 'ag\nah\nai\naj\nak\nal\nam\nan\nao\nap\naq\nar\nas\nat\nau\nav\naw\nax\nay\naz\nba\nbb\nbc\nbd\nbe\nbf\nbg\nbh\nbi\nbj\nbk\n', 'ag\nah\nai\naj\nak\nal\nam\nan\nao\nap\naq\nar\nas\nat\nau\nav\naw\nax\nay\naz\nba\nbb\nbc\nbd\nbe\nbf\nbg\nbh\nbi\nbj\nbk\n', 'ag\nah\nai\naj\nak\nal\nam\nan\nao\nap\naq\nar\nas\nat\nau\nav\naw\nax\nay\naz\nba\nbb\nbc\nbd\nbe\nbf\nbg\nbh\nbi\nbj\nbk\n'];4;3;3;10;;Holbæk;01/01/1825;;;
207;SPKSJF.CO;Sparekassen Sjaelland-Fyn A/S;Denmark;Denmark;OMX Nordic Exchange Copenhagen A/S;DK0060670776;5493002DPKDEC2JN1Y86;;03/12/2015;03/12/2015;Financials;Banks;Banks;28.00.00;;;;265;ALL_COMPANIES/Sparekassen Sjaelland-Fyn A-S/aarsrapport-2023.pdf;Sparekassen Sjælland-Fyn A/S;2023;0.0029770765108663;['Indlån\nKI og central- \nbanker\n', 'Udlån\nObligationer\nKI og central-\nbanker\nIndlån\n'];0;0;0;0;;Holbæk;01/01/1825;;;
208;SPKSJF.CO;Sparekassen Sjaelland-Fyn A/S;Denmark;Denmark;OMX Nordic Exchange Copenhagen A/S;DK0060670776;5493002DPKDEC2JN1Y86;;03/12/2015;03/12/2015;Financials;Banks;Banks;28.00.00;;;;268;ALL_COMPANIES/Sparekassen Sjaelland-Fyn A-S/annual-report-2022 (1).pdf;Sparekassen Sjælland-Fyn A/S;2022;0.0013084552377463;['• Started using AI tools for decision support purposes.\n'];1;2;0;3;;Holbæk;01/01/1825;;;
209;SPKSJF.CO;Sparekassen Sjaelland-Fyn A/S;Denmark;Denmark;OMX Nordic Exchange Copenhagen A/S;DK0060670776;5493002DPKDEC2JN1Y86;;03/12/2015;03/12/2015;Financials;Banks;Banks;28.00.00;;;;266;ALL_COMPANIES/Sparekassen Sjaelland-Fyn A-S/annual-report-2021 (1).pdf;Sparekassen Sjælland-Fyn A/S;2021;00.00;[];0;0;0;0;;Holbæk;01/01/1825;;;
210;SPKSJF.CO;Sparekassen Sjaelland-Fyn A/S;Denmark;Denmark;OMX Nordic Exchange Copenhagen A/S;DK0060670776;5493002DPKDEC2JN1Y86;;03/12/2015;03/12/2015;Financials;Banks;Banks;28.00.00;;;;267;ALL_COMPANIES/Sparekassen Sjaelland-Fyn A-S/d7fd5b5b-4ca8-4b54-bac1-9c1b308da407.pdf;Sparekassen Sjælland-Fyn A/S;2020;00.00;[];0;0;0;0;;Holbæk;01/01/1825;;;
211;LASP.CO;Laan & Spar Bank A/S;Denmark;Denmark;OMX Nordic Exchange Copenhagen A/S;DK0010201532;213800UYAHIRLZ4NSN67;;09/05/1994;09/05/1994;Financials;Banks;Banks;29.00.00;;;;217;ALL_COMPANIES/Laan & Spar Bank A-S/LSB_aarsrapport_2025.pdf;Lån & Spar Bank A/S;2025;0.0050412119073425;['I det forløbne år har vi blandt andet gennemført indfasningen \naf et nyt koncept for mødeforberedelse, hvor vi med hjælp fra \nkunstig intelligens kan samle al relevant information om vores \nkunder i en på forhånd fastlagt skabelon. Erfaringerne med \ndet nye mødekoncept er særdeles gode, og vi oplever, at vi \nopnår bedre kundemøder, hvor vi kommer hele vejen rundt om \nkundes økonomi.  \n', 'herunder seminarer med blandt andet tandlæger, kiropraktorer og \nfysioterapeuter, hvor vi fx i samarbejde med deres organisationer \nfaciliterer videndeling på tværs af virksomhederne om fx optimering \naf driften og anvendelse af kunstig intelligens inden for de enkelte \nforretningssegmenter. Denne type aktiviteter er værdiskabende for \nkunderne, ligesom banken får en vigtig indsigt i kundernes forhold, \nsom kan bruges aktivt i rådgivningen. \n', 'Banken har en klar strategi for udnyttelse af kunstig intelligens \ni vores interne processer og som hjælp til skabe en endnu bedre \nservicering og rådgivning af vores kunder. Banken oplever allerede \nstore fordele i den forbindelse. Det gælder blandt andet i forbindelse \nmed vores kunde- og rådgivningsløsninger, hvor vi har forbedret \nkoncepterne for kundemøderne, så kontakten mellem rådgiver \nog kunde bliver så effektiv som muligt. Det er en vigtig forudsæt-\nning for at kunne servicere det stadig stigende antal kunder på en \ntilfredsstillende måde. Vi bruger blandt andet kunstig intelligens i \nforberedelsen af møder, hvor alle relevante informationer om kunden \nsamles automatisk inden mødet, og der udarbejdes en personlig \npræsentation, som sikrer, at alle relevante emner gennemgås, og at \nrådgivningen tager udgangspunkt i den enkelte kundes behov og \nmuligheder. Vi har også arbejdet videre med automatisk udarbejdelse \naf referater fra disse møder.\n'];4;4;3;11;36384383000;KOEBENHAVN K;11/10/1989;;;
212;LASP.CO;Laan & Spar Bank A/S;Denmark;Denmark;OMX Nordic Exchange Copenhagen A/S;DK0010201532;213800UYAHIRLZ4NSN67;;09/05/1994;09/05/1994;Financials;Banks;Banks;29.00.00;;;;219;ALL_COMPANIES/Laan & Spar Bank A-S/aarsrapport_2024.pdf;Lån & Spar Bank A/S;2024;0.0032623500338468;['Vi har også videreført indsatsen for at styrke vores rådgivning. Vores \nkoncept for professionsspecifik rådgivning er omdrejningspunktet i \nvores målrettede tilbud til organisationernes medlemmer. Konceptet \ner baseret på en detaljeret viden om de enkelte professioner, \nherunder de særlige forhold omkring pension, arbejdsforhold, risiko \nfor arbejdsløshed osv. Med rådgivningen og de tilhørende mødekon-\ncepter har vi et unikt udgangspunkt for at rådgive kunderne på den \nbedst mulige måde. I det forløbne år har vi blandt andet påbegyndt \nindfasningen af et nyt koncept for automatisk mødeforberedelse. \nDet skal give mulighed for, at vi automatisk med hjælp fra kunstig \nintelligens kan hente al den information om vores kunder, som vi har \nliggende i vores systemer, og samle informationen i en på forhånd \nfastlagt skabelon. \n', 'logi, fx brugen af kunstig intelligens, benyttes \n', 'Der arbejdes løbende på at anvende kunstig intelligens i kunde- og \nrådgivningsløsningerne, blandt andet til at styrke forberedelsen af \nkundemøder. Desuden er der flere projekter i gang med henblik på \nblandt andet forbedret kommunikation og automatisk udarbejdelse af \nreferater fra møderne, som vi forventer at lancere i det kommende år. \nOmkring 60 % af bankens møder med kunderne foregår online.\n', '\u2002\n― \tAnvendelse af kunstig intelligens. \n'];2;3;2;7;33243575000;KOEBENHAVN K;11/10/1989;;;
213;LASP.CO;Laan & Spar Bank A/S;Denmark;Denmark;OMX Nordic Exchange Copenhagen A/S;DK0010201532;213800UYAHIRLZ4NSN67;;09/05/1994;09/05/1994;Financials;Banks;Banks;29.00.00;;;;221;ALL_COMPANIES/Laan & Spar Bank A-S/aarsrapport_2023.pdf;Lån & Spar Bank A/S;2023;0.0059740725252404;['Investeringsmæssigt bød 2023 på kursstigninger til de \nglobale aktier, og det var især teknologiaktierne, herunder \ninvestorens fokus på kunstig intelligens (AI), der drev kurs-\nstigningerne. Derimod havde de fortsat stigende renter en \nnegativ indvirkning på de grønne selskaber, der generelt \noplevede modvind. De senere års stigende obligationsren-\nter betød positive afkast til obligationsinvestorerne.\n', 'opfange eventuelle overtrædelser. I 2023 har vi lanceret \nen AI-løsning, der kan identificere falske hvidvaskalarmer \ni systemet. Det betyder, at vi har kunnet reducere det \nmanuelle arbejde med bankens alarmer med 80 % og i ste-\ndet kan bruge vores ressourcer på de alarmer, der kræver \nopfølgning.\n'];1;3;0;4;30022290000;KOEBENHAVN K;11/10/1989;;;
214;LASP.CO;Laan & Spar Bank A/S;Denmark;Denmark;OMX Nordic Exchange Copenhagen A/S;DK0010201532;213800UYAHIRLZ4NSN67;;09/05/1994;09/05/1994;Financials;Banks;Banks;29.00.00;;;;220;ALL_COMPANIES/Laan & Spar Bank A-S/aarsrapport_2022.pdf;Lån & Spar Bank A/S;2022;00.00;[];0;0;0;0;27741028000;KOEBENHAVN K;11/10/1989;;;
215;LASP.CO;Laan & Spar Bank A/S;Denmark;Denmark;OMX Nordic Exchange Copenhagen A/S;DK0010201532;213800UYAHIRLZ4NSN67;;09/05/1994;09/05/1994;Financials;Banks;Banks;29.00.00;;;;216;ALL_COMPANIES/Laan & Spar Bank A-S/LSB_aarsrapport_2021.pdf;Lån & Spar Bank A/S;2021;00.00;[];0;0;0;0;27425637000;KOEBENHAVN K;11/10/1989;;;
216;LASP.CO;Laan & Spar Bank A/S;Denmark;Denmark;OMX Nordic Exchange Copenhagen A/S;DK0010201532;213800UYAHIRLZ4NSN67;;09/05/1994;09/05/1994;Financials;Banks;Banks;29.00.00;;;;218;ALL_COMPANIES/Laan & Spar Bank A-S/regnskab2020.pdf;Lån & Spar Bank A/S;2020;00.00;[];0;0;0;0;24686002000;KOEBENHAVN K;11/10/1989;;;
217;BETCO.CO;Better Collective A/S;Denmark;Denmark;OMX Nordic Exchange Copenhagen A/S;DK0060952240;2549001EPXH6NK7I2R78;;08/06/2018;17/11/2023;Technology;Software & Computer Services;Consumer Digital Services;30.00.00;1;;;294;ALL_COMPANIES/Better Collective A-S/annual-report-2025-better-collective.pdf;Better Collective A/S;2025;0.0535889424778313;"['We are now leveraging AI in a meaningful way across \nMindway AI, data segmentation and audience modeling, \ncontent creation, and internal process optimization. This \nstrengthens both our commercial precision and opera-\ntional efficiency, while enhancing user ex\nperiences.  \n', 'Equally important is our commitment to compliance and \nsafer gambling. We collaborate exclusively with licensed \noperators in regulated markets and have been repeat-\nedly recognized with industry awards for our compli-\nance efforts. Through Mindway AI\n, we apply advanced \nbehavioral analytics\n and AI -driven risk detection to\n sup-\nport safer gambling practices across the betting ecosys-\ntem.  Combined with our sports media brands, this ena-\nbles us to promote responsible engagement while \nstrengthening regulatory alignment i\nn key markets.  \n', 'AI will be a defining force in the evolution of digital me-\ndia and sports engagement. We see AI not as a threat to \n', 'our model, but as \na catalyst for both operational effi-\nciency and long\n-term growth.  By combining authorita-\ntive sports media with AI\n-driven personalization, data \nintelligence, and scalable automation, we are \nexpanding  \nour monetization capabilities, strengthening partner \nvalue,  and unlocking new growth opportunities across \nour platforms.   \n', 'In 2025, we successfully launched Playbook, our AI\n-\npowered betting solution designed to integrate seam-\nlessly into how sports fans already engage with content. \nWith millions of bets already sent to partners, Playbook \ndemonstrates how advanced technology can\n enhance \nuser engagement, improve conversion, and open new \ngrowth avenues. Based on the early traction, we will \ncontinue to invest with confidence in further product \ndevelopment and international expansion.\n \n', 'Together, Playbook and FanReach strengthen Better \nCollective’s position at the intersection of sports media, \ntechnology, and AI, reinforcing our ability to innovate, \ndiversify revenue streams, and capture long\n-term \ngrowth opportunities as the industry cont\ninues to \nevolve.  \n', 'Artificial intelligence: oppor-\ntunity, discipline, and long\n-\nterm resilience\n \n', 'Artificial intelligence represents one of the most signifi-\ncant structural shifts in the digital landscape in decades. \nFor Better Collective, AI is first and foremost a powerful \nenabler. We have already integrated AI across product \ndevelopment, content auto\nmation, data analysis, and \ncommercial optimization. Playbook is a clear example of \nhow AI can enhance user engagement and conversion, \nwhile , internally , AI -driven tools are improving produc-\ntivity, scalability, and execution \nspeed  across markets \nand brands.  \n', 'At the same time, we continuously assess the structural \nrisks AI may pose to digital traffic flows and monetiza-\ntion models. Importantly, we remain unaffected by the \nrecent AI -driven shifts in search and discovery patterns. \nOur traffic development and comme\nrcial performance \ncontinue to demonstrate resilience, reflecting the \nstrength of our brands, diversified acquisition channels, \nand long -standing expertise in search and content opti-\nmization.  \n', 'From a portfolio perspective, the revenue stream most \npotentially affected by AI\n-driven changes in search and \ndiscovery is future revenue share growth and CPA \nwithin the Publishing segment. We do not underesti-\nmate this risk. However, it is important to rec\nognize that \nBetter Collective has successfully navigated multiple \nfundamental shifts in the search and digital ecosystem\ns \nover the past 20 years, including major algorithm \nchanges, platform policy updates, and evolving user be-\nhavior. Each time, adaptation \nand innovation have \nstrengthened our competitive position and relative \nstrength.  \n', 'We therefore approach AI with both realism and confi-\ndence. Realism, because technological change requires \ncontinuous investment, agility, and strategic discipline. \nConfidence, because our scale, diversified revenue mix, \nproprietary data, and strong brands \nprovide structural \nadvantages in adapting to the next generation of digital \nconsumption. We expect the search and discovery land-\nscape to evolve materially in the coming years, \nand  we \nalso expect Better Collective to continue evolving \nalongside  it, just as we have for more than two decades.\n \n', 'We also thank our shareholders, partners, and broader \nstakeholder community for \nyour  continued trust and \nsupport. Together, we are building a stronger, more \nscalable, and more innovative Better Collective, de-\nsigned to deliver sustainable long\n-term value with peo-\nple, technology, and AI at its core.\n \n', 'On September 12th, 2025, Better Collective launched Playbook, an AI\n-pow-\nered betting solution designed to embed betting functionality directly into \nexisting fan engagement environments. Playbook enables users to explore, \nbuild, and place bets through conver\nsational and content\n-driven interfaces, \nsupporting a more integrated and seamless betting experience across Better \nCollective’s media platforms and partner ecosystems.\n \n', 'On October 1, Better Collective announced a strategic \npartnership with X to launch Playbook (@Playbook), the \nGroup’s AI\n-driven betting solution designed to \ntransform how fans place bets by acting as a premier \nsports betting bot in the US market. Playbook c\nontinued \n', 'On January 5, 2026, \nMindway AI will integrate its Gama-\nlyze tool into the DraftKings Responsible Gaming Cen-\nter. Mindway AI’s integration of Gamalyze into \nDraftKings’ Responsible Gaming Center underscores its \ncommitment to delivering personalized, behavior\n-based \ninsights and pr\nomoting responsible gaming.\n \n', 'On February 2, 2026, \nBetter Collective officially \nlaunched FanReach in the US, offering brands a unified, \nprivacy -first platform that currently reaches over 50 \nmillion highly engaged sports fans through first\n- and \nzero -party data, AI\n-driven insig hts, and a scalable fan \n', 'Our diversified revenue mix \n- spanning affiliate market-\ning, advertising, sponsorships, subscription products, \nand increasingly \nAdTech -enabled monetization \n- re-\nmains a strategic strength. The continued growth of re-\ncurring revenues, driven by the expansion of revenue \nshare across both North America and South America, \nsupports a more predictable and resilient business \nmodel. The launch of \nPlaybook, our AI\n-powered betting \nsolution, and the rollout of our \nAdTech  platform Ad-\nVantage further extend our technologica\nl edge and \nopen new avenues for monetization.\n \n', 'Our strategy continues to place trust at the center of our \noperations. We prioritize our responsibilities to users, \nemployees, customers, regulators, investors, and com-\nmunities by collaborating exclusively with licensed \nsportsbooks in regulated markets. Mi\nndway AI contin-\nues to provide sophisticated, safer gambling tools that \nsupport responsible play across the iGaming ecosystem. \nThese elements \n- innovation, compliance, and user pro-\ntection - remain essential to the long\n-term sustainability \nof our business.  \n', 'Upstream, we continue to invest in best\n-in-class infra-\nstructure, including cloud environments, content man-\nagement systems, data pipelines, AI capabilities, and \nAdTech  integrations that support real\n-time engagement \nacross our digital sports media brands. These technolo-\ngies underpin the hosting, personalization, and delivery \nof content to millions of users daily.\n \n', 'Our workforce remains the cornerstone of our opera-\ntions. With around  1,400 employees across 27 countries \nand more than 45 nationalities, our teams span content \ncreation, product development, paid media, CRO, SEO, \nengineering, commercial partnerships, analytics, es-\nports production, and creative studios. The BC Academy \ncontinues  to strengthen our talent pipeline, supporting \nlong -term capability development within areas such as \nSEM, SEO, AI, and engineering.\n \n', 'Downstream, we focus on delivering engaging, ethical, \nand safe user experiences. Our platforms reach more \nthan 450 million monthly visits\n and more than 11 2 million \nunique users  with user protection embedded through \neducational resources, responsible gambling content, as \nwell as tools developed by Mindway AI. Our reporting \nsegments - Publishing, Paid Media, and Esports \n- ensure \ntransparent performance insights across the Group.\n \n', 'Technological dependencies remain significant, includ-\ning areas such as data analytics, cybersecurity, and \ncloud infrastructure. Our investments in AI, automation, \nand AdTech  - including our Playbook and AdVantage \nplatforms - further highlight the strategic importance of \ninnovation for maintaining competitive advantage and \noperational resilience.\n \n', '• \nMindway AI’s continued development of safer \ngambling technologies\n \n• \nResponsible and ethical advertising practices\n \n• \nTransparent collaboration with licensed \nsportsbooks  \n• \nInvestment in low\n-impact digital infrastruc-\nture  \n• \nCommunity involvement across our global of-\nfices  \n \nThese efforts align Better Collective with evolving sus-\ntainability standards and upcoming reporting require-\nments, ensuring that we grow responsibly and transpar-\nently.  \n', 'Better Collective’s Publishing business relies in part on organic traffic \ngenerated through search engines. Changes to search engine algo-\nrithms, ranking methodologies, or referral traffic mechanisms may ad-\nversely affect the visibility and discoverability o\nf the Group’s content. \nThe increasing use of AI\n-driven search features and large language \nmodels may alter user search behavior and reduce traffic being referred \nfrom search engines to third\n-party websites.\n \n', 'Better Collective continuously monitors search engine developments, algorithm changes, and emerging AI\n-driven search \ntrends. The Group invests in brand\n-led traffic initiatives, diversified content formats, and alternative acquisition channels \nto reduce rel\niance on search engine traffic. Ongoing testing, performance analysis, and knowledge sharing across the \norganization support timely adaptation to changes in search behavior and traffic dynamics.\n \n', 'Regulatory scrutiny, financial penalties and reputational damage.\n \nRegulatory compliance is systemized by the Legal team. We are educating ourselves on safer gambling, on advertising \nstandards and developing resources to help our users navigate the sports betting ecosystem. Deploying Mindway AI \nsolutions further aids the \nsafer gambling agenda. Transitioning to becoming a media group gradually makes us less \ndependent on gambling\n-related activities.\n \n', 'Education : M.Sc. in Intercultural Communication and Management from Copenha-\ngen Business School\n \nCurrent assignments\n: Board member at MAG Interactive, Mindway AI, GAMING1 \nand Racecourse Media Group; 4see Advice (Principal Owner)\n \nPrevious assignments\n: Kindred Group (C\nhief Experience Officer\n, Chief Program \nOfficer, COO), Better Collective (SVP of Group Strategy and Execution) \n \nSpecial competencies\n: ESG · Executive leadership · Investor and capital market re-\nlationships · Industry knowledge · Strategy · Risk Management · Affiliate / aggre-\ngator · Finance · M&A · US Market · Digital \n \n', 'Education : BBA from Park University, B.S. in Aerospace, aeronautical and astro-\nnautical engineering from Arizona State, M.Sc. in Technology innovation from Uni-\nversity of Washington, and an Executive Education in Business administration from \nStanford University\n \nCurrent assignments\n: OfferUp (CEO and Board Chair), Guest lecturer and mentor \nat the University of Washington’s Foster School of Business, and investor in Seat-\ntle-area SaaS AI/ML, data and eCommerce startups as a founding LP of Ascend.vc\nPrevious assignments\n: Booking.com\n (CEO North America), Microsoft (VP and \nCOO, Consumer & Online Division), Better Collective (Board Advisor), WRQ (Group \nMarketing Manager, Internet Business Division)\n \nSpecial competencies\n: ESG · Executive leadership · Investor and capital market re-\nlationships · Strategy · US Market · Digital · Affiliate / aggregator · Finance · Industry \nknowledge · Risk Management · M&A\n \n', 'Education : M.Sc. (cand. merc. aud.) and HD (Bachelor of Business Administration) \nfrom Copenhagen Business School\n \nCurrent assignments\n: Naapster ApS\n (Principal owner\n), Thornæs Distillery A/S\n \n(Member of the Board), Qlife AB (Chair of the\n Board)  \nPrevious assignments\n: ALK -Abelló A/S (CFO), Neurosearch A/S (CEO & Presi-\ndent), Mindway AI ApS (Chair of the Board); Board positions in both public and \nprivate companies in Denmark as well as internationally\n \nSustainability expertise\n: Corporate culture · Safer gambling · Financial and non\n-\nfinancial reporting · Risk management · Compliance\n \n', '• \nUser education and empowerment \n \n• \nSafeguarding users \n \n• \nCommunity building\n \n• \nOffering safer gambling resources, including a Betting Academy and Mindway AI solutions \n \n• \nData collection and processing within the GDPR framework\n \n• \nEnsure quality in Better Collective’s deliveries\n \n', 'SAFER GAMBLING EXTERNAL\n \n• \nEducates users on safer gambling, emphasizing gambling as entertainment, not income\n \n• \nProvides guidance and resources to identify and prevent gambling\n-related harm  \n• \nPromotes responsible gambling through educational content, disclaimers, and age\n-gat-\ning  \n• \nUses Mindway AI tools to monitor, profile, and identify at\n-risk users, supporting safer \ngambling interventions\n \n• \nCollaborates with operators, regulators, and suppliers to enhance user protection and \nindustry standards\n \n• \nSupports industry\n-wide initiatives and partnerships to promote safer gambling globally\n \n• \nEncourages users showing signs of gambling harm to seek professional help\n \n', 'assessments, regulatory \nexpectations , and behavioral \ninsights from Mindway AI. Where potential negative im-\npacts occur, these are man\n-aged through  GDPR compli-\nance structures, responsible\n-communication frame-\nworks, and content and advertising controls. Positive \nimpacts include access to accurate information and \nsafer -gambling resources, supported by educational in-\nitiatives and tools such as Mindway AI\n’s GameScanner \nand Gamalyze, ben\nefiting users across our brands and \npartnerships.  \n', 'Mindway AI plays a central role in enabling us to extend \nour positive impact beyond our direct operations. As a \nsubsidiary operating independently, Mindway AI pro-\nvides AI -based tools such as GameScanner and Gama-\nlyze that support monitoring, early detection\n, and pre-\nvention of at -risk and problem gambling. Because these \ncapabilities sit at the sportsbook level, Mindway AI al-\nlows Better Collective to influence user protection fur-\nther downstream in the value chain, where the risk of \nharm materializes and where \nBetter Collective would \notherwise have no operational control. Through \nour \ntools, sportsbooks can identify harmful play patterns \nand intervene earlier, thereby exceeding minimum com-\npliance obligations and strengthening user protection \nacross jurisdictions.\n \n', 'GameScanner is a behavioural\n-monitoring system that \nperforms automated\n, early detection of potentially \nharmful play  patterns. GameScanner allows sportsbooks \nto identify signs of risk and intervene before harmful be-\nhaviour escalates. Gamalyze, another Mindway AI solu-\ntion, is a gamified self\n-assessment test that analyses us-\ners’ decision\n-making patterns and provides perso\nnal-\nized feedback on gambling behaviour. \nWe  integrate \nGamalyze across selected brands, enabling users to vol-\nuntarily assess their risk profile\n before engaging with \nsportsbooks.  \n', 'Effectiveness of our actions is monitored through usage \nand performance data from Mindway AI tools, adoption \nlevels among sportsbooks, and assessments \nof the visi-\nbility and accessibility of safer\n-gambling resources \nacross our brands. Internal compliance reviews and ex-\nternal audit\ns, including RAiG’s annual social\n-\n', 'Th e metric measures the volume of player ac-\ncounts monitored through Mindway AI’s tech-\nnology and serves as an indicator of the scale at \nwhich early\n-detection measures are applied \nacross partnering sportsbooks. Its purpose is to \nhelp assess the reach and effect\niveness of our \ncontribution to harm\n-prevention efforts in the \ndownstream part of the value chain.\n  \n', 'An “Active player” is defined as “\na player who \nplaces at least one real revenue\n-generating bet \nor wager in a calendar month on a gambling \nplatform operated by a sportsbook integrated \nwith Mindway AI’s GameScanner”. The figure is \nreported as of the last day of the reporting pe-\nriod . \n', 'The metric is calculated based on aggregated, \nanonymized sportsbook data provided directly \nby Mindway AI. No personal data is accessed or \nprocessed. The calculation relies on system\n-\ngenerated counts of unique active players \nscanned monthly, without samplin\ng or addi-\ntional behavioural analysis. \n \n', 'Mindway AI ApS\n \nE \n90%  \nDenmark  \nBetter Collective Netherlands B.V.\n \n  \n100%  \nNetherlands  \n', 'The Parent Company has issued a letter of subordination to Mindway AI ApS regarding continued financial support. \nThe letter of subordination is unrestricted and expires 12 months after the balance sheet date.\n \n']";5;5;5;15;1172119000;KOEBENHAVN K;19/03/2004;1252.00.00;;371487000.0
218;BETCO.CO;Better Collective A/S;Denmark;Denmark;OMX Nordic Exchange Copenhagen A/S;DK0060952240;2549001EPXH6NK7I2R78;;08/06/2018;17/11/2023;Technology;Software & Computer Services;Consumer Digital Services;30.00.00;1;;;297;ALL_COMPANIES/Better Collective A-S/annual-report-2024-final-1.pdf;Better Collective A/S;2024;0.0316652653876811;"['At the heart of Better Collective’s strategy is our com-\nmitment to maintaining the trust of our stakeholders, in-\ncluding our users, employees, customers, partners, reg-\nulators, investors, and the local communities in which \nwe operate. This trust is upheld through a strict focus on \nregulated markets, where we collaborate with licensed \nsportsbooks to ensure compliance with local laws and \nethical standards. Our operational framework focuses \non safer gambling, reinforced by innovations like Mind-\nway AI, a subsidiary designing tools to promote safer \nbetting behavior. This alignment of business perfor-\nmance with user protection not only strengthens our in-\ndustry leadership but also ensures long-term resilience. \n', 'environmentally responsible practices to minimize our \nfootprint, supporting local communities through educa-\ntional initiatives, and fostering a diverse and inclusive \nworkforce. Our commitment to data privacy further un-\nderscores our dedication to providing a safe and trust-\nworthy environment for users. The sustainability-related \ngoals \ninclude \nreinforcing \nresponsible \ngambling \nmeasures such as Mindway AI’s software solutions, en-\nhancing ethical advertising partnerships, and fostering \ntransparency in our partnerships with licensed sports-\nbooks in regulated markets and with advertisers. These \nprojects are integral to ensuring that Better Collective \nremains a responsible digital sports media leader while \naddressing sustainability reporting requirements. \n', 'Algorithm updates pose a risk to organic search and ranking possi-\nbilities and may trigger optimization challenges. The rise of AI chat-\nbots may impact the way media content is produced and potentially \nthe search behavior of users. \n', '• Regulatory compliance is systemized by the legal team. We are educating ourselves on safer gambling, on \nadvertising standards and developing resources to help our users navigate the sports betting industry. Deploying \nMindway AI solutions further aids the safer gambling agenda. Transitioning to becoming a media group gradually \nmakes us less dependent on gambling-related activities. \n', 'Current assignments: Board member at MAG Interactive, Mindway AI, GAMING1\nand Racecourse Media Group; 4see Advice (Principal Owner) \n', 'Current assignments: OfferUp (CEO and Board Chair), Guest lecturer and mentor \nat the University of Washington’s Foster School of Business, and investor in Seat-\ntle-area SaaS AI/ML, data and eCommerce startups as a founding LP of Ascend.vc\n', 'Previous assignments: ALK-Abelló A/S (CFO), Neurosearch A/S (CEO & Presi-\ndent), Mindway AI ApS (Chair of the Board); Board positions in both public and \nprivate companies in Denmark as well as internationally \n', '• User education and empowerment  \n• Safeguarding users  \n• Community building \n• Offering safer gambling resources, including a Betting Academy and Mindway AI solutions  \n• Data collection and processing within the GDPR framework \n• Ensure quality in Better Collective’s deliveries \n', 'We continuously invest in AI-driven tools through Mind-\nway AI to support safer gaming efforts and provide ed-\nucational resources to consumers and end-users. These \ninitiatives demonstrate our proactive stance in aligning \nbusiness operations with evolving regulatory land-\nscapes and consumer protection expectations.  \n', 'Our policies to manage the consumers and end-users \nIROs are listed in the policy overview on pages 54-57, \ncovering all consumers and end-users potentially im-\npacted by our material topics. Collectively, these poli-\ncies and procedures reflect our strong commitment to \nrespecting the human rights of both consumers and \nend-users and our dedication to fostering a safer and \nmore responsible iGaming experience. Through initia-\ntives focused on education, transparency, and responsi-\nble engagement, we ensure that users can access fact-\nchecked, legally compliant content while promoting re-\nsponsible gambling behaviors. Our policies emphasize \ndata protection, ethical marketing, and consumer well-\nbeing, aligning with regulatory frameworks and industry \nbest practices. Additionally, our commitment to safer \nexperiences includes age-gating mechanisms, responsi-\nble advertising guidelines, partnerships with licensed \noperators, and integrating AI-driven tools like Mindway \nAI’s Gamescanner solution to detect and mitigate \n', 'organizations with licenses in regulated markets, and \nproviding tools (Mindway AI) and other resources that \nhelp users make informed decisions. Consumers and \nend-users can raise concerns through multiple channels, \nincluding dedicated support emails and online contact \nforms. Additionally, we collaborate with third-party or-\nganizations that provide independent dispute resolution \nthrough our Whistleblower line. We ensure the availabil-\nity and accessibility of these channels by regularly re-\nviewing and updating our complaint handling proce-\ndures. All concerns raised are logged and monitored.  \n', '• \nMindway AI’s Gamalyze self-assessment tool is \nembedded across 30+ brands and helps users \nevaluate their gambling behaviors before engag-\ning with sportsbooks. \n', 'While we cannot regulate sportsbooks’ activities, we \ntake responsibility for raising industry standards by \nholding them accountable during the customer acquisi-\ntion and ongoing CRM processes. Through Mindway AI’s \nAI-driven solutions, we support sportsbooks in setting \nthe bar higher for user protection and safer gambling, \nwhich has been a key action to enhance our positive im-\npact on an ongoing basis. This approach extends our im-\npact beyond our direct operations, ensuring that sports-\nbooks surpass minimum compliance standards and pro-\nactively implement best-in-class, safer gambling tools. \n', 'Mindway AI is a subsidiary of the Better Collective Group \nand plays a critical role in enhancing user protection \nwithin the iGaming industry. Operating independently \nwhile aligning with Better Collective’s safer gambling \nstrategy, Mindway AI supports sportsbooks worldwide \nwith AI-based tools that detect, prevent, and mitigate \nproblem gambling. Mindway AI’s GameScanner is an AI-\n', 'Mindway AI also enhances player awareness through \nGamalyze, a gamified self-assessment tool that helps \nusers understand their gambling behavior by analyzing \nreal-time decision-making patterns. By providing per-\nsonalized feedback and behavioral insights, Gamalyze \nallows players to self-reflect on their gambling tenden-\ncies and make informed choices. Beyond external indus-\ntry partnerships, Better Collective integrates Mindway \nAI’s expertise within our operations: \n', '• \nGamalyze is available on 30+ brands across Better \nCollective’s House of Brands, offering users an ac-\ncessible way to assess their gambling behavior.  \n• \nMindway AI experts contribute to safer gambling \ncontent, ensuring our educational resources align \nwith scientific research and the industry’s best \npractices. \n', '• \nStrict editorial guidelines to ensure all published \ncontent is accurate, unbiased, and compliant with \nregulations. \n• \nAI-driven content monitoring to detect and pre-\nvent misleading or non-compliant information. \n• \nBetting education resources, such as our Betting \nAcademy, to help users understand betting risks \nand strategies responsibly.pri \n', '• \nMonitoring engagement with our Mindway AI tools \nand other engagement with safer gambling con-\ntent across our platforms.  \n• \nTracking completion rates of internal safer gam-\nbling training for employees. \n• \nConducting compliance audits to ensure adher-\nence to advertising and data privacy regulations. \n• \nCollecting user feedback and analytics to under-\nstand how they engage with our products and \ncontent. \n• \nAll policies, including our Safer Gambling Code \nand Data ethics policy, are reviewed annually to \nensure they remain aligned with industry best \npractices and regulatory updates. \n', 'Mindway AI ApS \nH \n90% \nDenmark \nBetter Collective Netherlands B.V. \n  \n100% \nNetherlands \nBetter Collective Portugal, Unipessoal Lda \n  \n100% \nPortugal \n', 'Other contingent liabilities  \nThe Parent Company is jointly taxed with the Danish subsidiaries, Tipsbladet ApS and Mindway AI ApS. As administra-\ntion company, the Company has unlimited joint and several liability, together with the subsidiaries, for payment of \nDanish corporation taxes and withholding taxes on dividends, interest and royalties within the joint taxation group. \nAny subsequent corrections of income subject to joint taxation and withholding taxes, etc., may entail that the entities’ \nliability will increase. \n', 'The Parent Company has issued a letter of subordination to Mindway AI ApS regarding continued financial support. \nThe letter of subordination is unrestricted and expires 12 months after the balance sheet date. \n']";5;4;4;13;937862000;KOEBENHAVN K;19/03/2004;878.00.00;;326686000.0
219;BETCO.CO;Better Collective A/S;Denmark;Denmark;OMX Nordic Exchange Copenhagen A/S;DK0060952240;2549001EPXH6NK7I2R78;;08/06/2018;17/11/2023;Technology;Software & Computer Services;Consumer Digital Services;30.00.00;1;;;292;ALL_COMPANIES/Better Collective A-S/annual-report-2023 (3).pdf;Better Collective A/S;2023;0.0261350601832358;['An AdTech platform is a technology plat-\nform designed to streamline, automate, and\noptimize the advertising process. AdTech\nplatforms use advanced technologies such\nas advanced data analytics and machine \nlearning algorithms that analyze user behav-\nior to enhance the efficiency and effective-\nness of advertising campaigns, while provid-\ning valuable and engaging advertising, tar-\ngeting specific user needs. \n', '7. \nAI automation. The technology platform incorpo-\n', 'rates an AI backbone, supporting optimal multi-\n', 'ance, cloud hosting, advertising, AI, and a versatile tech-\n', 'the AdTech platform, several AI-projects and scaling \n', 'Algorithm updates pose a risk to organic search \nand ranking possibilities and may trigger opti-\nmization challenges. The rise of AI chatbots \nmay impact the way media content is produced \nand potentially the search behavior of users. \n', 'Regulatory compliance is systemized by the le-\ngal team. We are educating ourselves on safer \ngambling, on advertising standards and devel-\noping resources to help our users navigate the \nsports betting industry. Deploying Mindway AI \nsolutions further aids the safer gambling \nagenda. Transitioning to becoming a media \ngroup gradually makes us less dependent on \ngambling-related activities. \n', 'Other assignments: Serves on the Boards of MAG Interactive, Mindway AI, GAMING1 and Racecourse Media Group while\nshe is also the principal owner of her own consultancy.  \n', 'Other assignments: Guest lecturer and mentor at the University of Washington’s Foster School of Business, and investor\nin Seattle-area SaaS AI/ML, data and eCommerce startups as a founding LP of Ascend.vc. \n', 'Previous assignments (past five years): Chair of the Board Mindway AI ApS \n', 'tainability efforts, and our subsidiary Mindway AI has \n', 'partnered with Mindway AI to enhance safer gambling \n', 'Creating safer user \nexperiences with \nMindway AI  \n', 'Better Collective’s subsidiary, Mindway AI [Mindway] \n', 'Mindway AI’s tools and software. As such, Mindway is \n', 'lowing Mindway AI to offer AnonyMind’s users a com-\n', 'AI and human expert assessment, the safer gambling \n', 'The award-winning AI solution GameScanner ensures a \n', 'Other contingent liabilities  \nThe Parent Company is jointly taxed with the Danish subsidiaries, Tipsbladet ApS and Mindway AI ApS. HLTV Aps was \n'];4;4;3;11;785229000;KOEBENHAVN K;19/03/2004;635.00.00;;269297000.0
220;BETCO.CO;Better Collective A/S;Denmark;Denmark;OMX Nordic Exchange Copenhagen A/S;DK0060952240;2549001EPXH6NK7I2R78;;08/06/2018;17/11/2023;Technology;Software & Computer Services;Consumer Digital Services;30.00.00;1;;;295;ALL_COMPANIES/Better Collective A-S/bc-2022-annual-report-final.pdf;Better Collective A/S;2022;0.0401989849756293;"['Algorithm updates pose a risk to organic search \nand ranking possibilities and may trigger opti-\nmization challenges. The rise of AI chatbots \nmay impact the way media content is produced \nand potentially the search behavior of users. \n', 'Regulatory compliance is systemized by the le-\ngal team. We are educating ourselves on safer \ngambling, on advertising standards and devel-\noping resources to help our users navigate the \nsports betting industry. Deploying Mindway AI \nsolutions further aids the safer gambling \nagenda. Transitioning to becoming a media \ngroup gradually makes us less dependent on \ngambling-related activities. \n', 'Other assignments: Chair of the Board Mindway AI ApS. Member of the executive board of Naapster ApS. \n', 'Creating safer \ncustomer journeys \nwith Mindway AI  \n', ' \nMindway AI (part of the Better Col-\nlective Group) specializes in support-\ning the igaming industry with various \nsafer gambling tools and solutions.  \n', 'Mindway AI is an award-winning company that develops \nstate of the art software solutions for fully automatic \nmonitoring and profiling of gamblers and for identifying, \npreventing, and intervening in at-risk and problem gam-\nbling.  \n', ""Mindway AI plays an increasingly important role in the \niGaming ecosystem supporting operators on a global \nscale to create safer iGaming experiences. This supports \nour ambition to make betting safer: while we can't con-\ntrol what operators do, we support them by holding \n"", 'them to high standards during the customer acquisition \nprocess and by providing them with a chance to set the \nbar higher and take initiative in developing sustainable \ngaming through Mindway AI tools and software. That \nway, we are extending our influence in the value chain \nrather than focusing only on our own area. \n', 'Early detection of at-risk and problem gambling \nMindway AI partners with operators and leading indus-\ntry organizations with a clear mission to improve player \nprotection in the gambling industry. By combining neu-\nroscience, AI and human expert assessment, the safer \ngambling software helps operators meet and exceed \nplayer protection requirements. The award-winning AI \nsolution GameScanner ensures a fully automated, early \ndetection of at-risk and problem gambling, allowing op-\nerators to reach out to players before unhealthy gam-\nbling habits escalate.  \n', 'Making good use of Mindway AI expertise and tools \nMindway AI and Better Collective share common goals \nfor safer gambling, and while Mindway AI is run as an \nindependent business, we make good use of the exper-\ntise and tools available when offering safer gambling re-\nsources on Better Collective platforms. Gamalyze is \navailable to our users on key websites together with in-\nsightful articles on safer gambling authored by Mindway \nAI experts.  \n', 'We recognize that working in an environment where \ngambling is normalized makes our employees more ex-\nposed to gambling and therefore at a higher risk when \nit comes to problem gambling. Gamalyze is available to \nall employees, and we remind everyone at least annually \nto test their gambling behavior along with training and \nawareness activities.  Furthermore, meeting colleagues \nacross the Group, Mindway AI helps create awareness \non safer gambling at internal events and on our Safer \nGambling Board. \n', 'Acquisition of Mindway AI ApS \nOn January 1, 2021 Better Collective exercised its option to acquire a further 70% of the shares in Mindway AI for a to-\ntal price of 2.3 mEUR (17 mDKK). The acquisition follows a preliminary investment made in 2019 where Better Collec-\ntive acquired 19.99% of the company for 0.5 mEUR (4 mDKK). With the new investment, Better Collective now holds \n90% of the shares in Mindway AI. \n', 'A goodwill of 3,404 tEUR emerged from the acquisition of Mindway AI as an effect of the difference between the \ntransferred consideration and the fair value of acquired net assets. Goodwill is connected to the future growth expec-\ntations given the strong competencies and platform acquired. The goodwill is not tax deductible.  \n', 'Transaction costs related to the acquisition of Mindway AI amounts to 2 tEUR in 2021. Transaction costs are accounted \nfor in the income statements under “special items”.  \n', 'The acquisition was completed on January 1, 2021 and Mindway AI has been fully consolidated from that date. \n', 'Other contingent liabilities  \nJoint taxation with HLTV ApS and Mindway AI ApS. \n', 'The Parent Company is jointly taxed with the Danish subsidiaries, HLTV ApS and Mindway Ai ApS. As administration \ncompany, the Company has unlimited joint and several liability, together with the subsidiaries, for payment of Danish \ncorporation taxes and withholding taxes on dividends, interest and royalties within the joint taxation group. The jointly \ntaxed entities’ total known net receivable in respect of corporation taxes and withholding taxes payable on dividend, \ninterest and royalties amounted to 5,909 tEUR at December 31, 2022, following a preliminary payment in November \n2022 (net payable 360 tEUR at December 31, 2021). Any subsequent corrections of income subject to joint taxation \nand withholding taxes, etc., may entail that the entities’ liability will increase. \n']";4;4;4;12;597379000;KOEBENHAVN K;19/03/2004;420.00.00;;177051000.0
221;BETCO.CO;Better Collective A/S;Denmark;Denmark;OMX Nordic Exchange Copenhagen A/S;DK0060952240;2549001EPXH6NK7I2R78;;08/06/2018;17/11/2023;Technology;Software & Computer Services;Consumer Digital Services;30.00.00;1;;;293;ALL_COMPANIES/Better Collective A-S/bc_annual-report-21_web.pdf;Better Collective A/S;2021;0.0420152716378648;['Shaping a sustainable business\nFor the iGaming industry to be sustainable, responsi-\nble gambling needs to be at the top of the agenda and \nembedded into our business operations. In the begin-\nning of 2021, we dedicated resources to responsible \ngambling by significantly increasing our investment \nin Mindway AI, which specialises in innovative and ad-\nvanced software solutions for the identification of at-\nrisk gambling and problem gambling behaviour. We are \nvery proud that we have played a role in bringing Mind-\nway AI’s software solutions from academic research \ninto commercial products that are now being sold to \noperators around the world. \n', 'Better Collective exercised its option to acquire a further 70% of the shares in Mindway AI for a to-\ntal price of 2.3 mEUR. Mindway AI specialises in software solutions based on artificial intelligence \nand neuroscience for identifying, preventing and intervening in at-risk and problem gambling. \nThe acquisition followed a preliminary investment made in 2019, and Better Collective now holds \n90% of the shares in Mindway AI.\n', 'Better Collective announced the decision to launch Gam-\nalyze on all its main sports betting media brands. The self \nassessment tool from Mindway AI makes it possible for \nvisitors to conduct a test that can help detect problem \ngambling.\n', 'Investments\nOn May 28, 2021, the acquisition of the Action Network \nwas completed at a price of 196 mEUR (240 mUSD) at \na cash and debt-free basis. The net cash flow impact in \nconnection with the acquisition was 177.5 mEUR, taking \ninto account deferred payments and payment in Better \nCollective shares. On January 1, 2021, Better Collective \nincreased its ownership to 90% of the shares in Mind-\nway AI that specialises in software solutions based on \nartificial intelligence and neuroscience for identifying, \npreventing, and intervening in at-risk and problem gam-\nbling. The price for the additional 70% was 2.3 mEUR \n(17 mDKK) paid in cash. In addition to the investment in \nAction Network and Mindway AI, 6.0 mEUR (5.0 mGBP) \nwas paid on the deferred payment related to the acqui-\nsition of Atemi, and a payment of 1.2 mEUR was made \nrelated to variable payment and adjustment of closing \nnet working capital related to the acquisition of HLTV. \nIn March 2021, Better Collective completed the asset \nacquisition of online sports betting media platform, \nRekatochklart.com for 3.8 mEUR and in September the \ntransactions for the Dutch assets Soccernews.nl and \nVoetbalwedden.net were completed at a total purchase \nprice of 10 mEUR. As a consequence of regulatory clar-\n', 'Other assignments: Chairman of the Board Mindway AI ApS. Member of the \nexecutive board of Naapster ApS.\n', 'Taking action on problem gambling \nprevention  \nAt Better Collective, we are fully aware that there are \nusers for whom gambling surpasses entertainment \nand becomes a form of addiction. As a result, we have \nincreased our resources by expanding our responsi-\nble gambling team during 2021. On November 1,  we \nannounced the decision to launch Gamalyze on key \nwebsites, a process which we have already finalised. \nGamalyze is a self-test developed by Mindway AI. \nThroughout 2021, we have continued to offer RG re-\nsources on our websites, as well as a Betting Acade-\nmy to educate users. For our employees, we recently \nupdated our responsible gambling policy, which is ex-\npected to be fully rolled out during 2022. To take ac-\ntion on problem gambling prevention, we implement-\ned the Gamalyze software on our internal employee \nplatform during 2021. For 2022, we plan to implement \nRG training for all employees across the Better Collec-\ntive Group. \n', '*Non-current financial assets consist of a subordinated loan to Mindway Ai.\n', 'Acquisition of Mindway AI ApS\nOn January 1, 2021 Better Collective exercised its option to acquire a \nfurther 70% of the shares in Mindway AI for a total price of 2.3 mEUR (17 \nmDKK). The acquisition follows a preliminary investment made in 2019 \nwhere Better Collective acquired 19.99% of the company for 0.5 mEUR (4 \nmDKK). With the new investment, Better Collective now holds 90% of the \nshares in Mindway AI.\n', 'A goodwill of 3,404 tEUR emerged from the acquisition of Mindway AI \nas an effect of the difference between the transferred consideration \nand the fair value of acquired net assets. Goodwill is connected to the \nfuture growth expectations given the strong competencies and platform \nacquired. The goodwill is not tax deductible. \n', 'Transaction costs related to the acquisition of Mindway AI amounts to 2 \ntEUR in 2021. Transaction costs are accounted for in the income state-\nments under “special items”. \n', 'The acquisition was completed on January 1, 2021 and Mindway AI has \nbeen fully consolidated from that date. \n', '*Includes payment for Mindway Ai (2.3 mEUR), and deferred payments for Atemi and HLTV (7.2 mEUR)\n', '* Non-current financial assets consist of  a subordinated loan to Mindway AI\n', 'Joint taxation with HLTV ApS and Mindway AI ApS\n', 'The Parent Company is jointly taxed with the Danish subsidiaries, HLTV \nApS and Mindway Ai ApS. As administration company, the Company \nhas unlimited joint and several liability, together with the subsidiaries, \nfor payment of Danish corporation taxes and withholding taxes on \ndividends, interest and royalties within the joint taxation group. The \njointly taxed entities’ total known net payable in respect of corporation \ntaxes and withholding taxes payable on dividend, interest and royalties \namounted to 360 tEUR at December 31, 2020 (net receivable 575 tEUR \nat December 31, 2020). Any subsequent corrections of income subject \nto joint taxation and withholding taxes, etc., may entail that the entities’ \nliability will increase. \n'];4;5;4;13;315065000;KOEBENHAVN K;19/03/2004;;;91186000.0
222;BETCO.CO;Better Collective A/S;Denmark;Denmark;OMX Nordic Exchange Copenhagen A/S;DK0060952240;2549001EPXH6NK7I2R78;;08/06/2018;17/11/2023;Technology;Software & Computer Services;Consumer Digital Services;30.00.00;1;;;296;ALL_COMPANIES/Better Collective A-S/bettercollective_ar20_web.pdf;Better Collective A/S;2020;0.0508685331022269;['For the iGaming industry to be sustainable, \nresponsible gambling needs to be at the top \nof the agenda and embedded in our busi-\nness models. Just after the close of 2020, \nwe further dedicated resources to responsi-\nble gambling by significantly increasing our \ninvestment in Mindway AI, which specialises \n', 'in innovative and advanced software solutions \nfor the identification of at-risk gambling and \nproblem gambling behaviour. We are very \nproud that we have played a role in bringing \nMindway AI’s software solutions from academic \nresearch into commercial products that are \nnow being sold to operators around the world.\n', 'Better Collective became the majority \nowner in Mindway AI by increasing its \nownership to 90% of the shares. As of \nJanuary 1, 2021, Better Collective exercised \nits option to acquire an additional 70% of the \nshares in Mindway AI for a total price of 2.3 \nmEUR. Mindway AI specialises in software \nsolutions based on artificial intelligence and \nneuroscience for identifying, preventing \nand intervening in at-risk and problem \ngambling. The investment supports Better \nCollective’s ambition to make betting more \nsafe.\n', ' \n¡\nOn January 1, 2021, Better Collective exer-\ncised its option to acquire a further 70% of \nthe shares in Mindway AI for a total price \nof 2.3 mEUR (17 mDKK), bringing the own-\nership to 90%. Mindway AI specialises in \nsoftware solutions based on artificial intel-\nligence and neuroscience for identifying, \npreventing, and intervening in at-risk and \nproblem gambling.\n', 'Other assignments: Board member of Mindway AI ApS. Member of \nthe executive board of Naapster ApS.\n', 'Following an initial invest-\nment in 2019, Better Collective \nbecame a major shareholder \non January 1, 2021 in Mindway \nAI, which specialises in inno-\nvative and advanced software \nsolutions for the identifica-\ntion of at-risk gambling and \nproblem gambling behaviour. \n', 'With Better Collective, we now form closer ties to an \norganisation that has the industry network and muscles \nto further accelerate the development of our business.  \nI look forward to continuing the strong growth journey Mindway  \nAI has been on and to further expand our footprint globally”. \n', 'We see Mindway  \nAI’s tech\xadnologies and \nsoftware solutions \nas best-in-class and foresee \nthe business will play an \nincreasingly important role \nin the iGaming ecosystem, \nas responsible gambling \ncontinues to be at the very  \ntop of the industry agenda  \nand in society as a whole”\n', 'Mindway AI is an award-winning company \nthat develops state of the art software solu-\ntions for fully automatic monitoring and profil-\ning of gamblers and for identifying, preventing \nand intervening in at-risk and problem gam-\nbling. At the core of Mindway AI’s DNA is a \nresearch-based foundation, and the develop-\nment of the solutions is done by combining \nneuroscience, artificial intelligence and a deep \ncollaboration with a team of industry experts. \nCommon to Mindway AI’s software solutions, \nGameScanner, Gamalyze and GameChang-\ner, is that they empower iGaming operators \nto create safer customer journeys as well as \nto become proactive if players show signs \nof having problems. Mindway AI has over the \nlast year accelerated its transformation from \nbeing an academic-based start-up focusing on \n', 'building products and software solutions with \na strong scientific foundation into commercial-\nising the business. Today, Mindway AI plays an \nincreasingly important role in the iGaming eco-\nsystem supporting operators on a global scale \nsuch as Entain (formerly GVC Holdings), Flutter \nGroup and Holland Casino to create safer iGam-\ning experiences.\n', 'Through Better Collective’s strong global in-\ndustry network, we are supporting Mindway \nAI byt opening doors to iGaming operators \nwith a view to scaling the technologies for the \nbenefit of the players. In addition, we are look-\ning into ways to utilise their technologies and \nproducts within the Better Collective Group \nand expect to roll out initiatives in 2021.\n', 'Closer ties to Mindway \nAI for the prevention of \nproblem gambling\n', 'Closer ties to Mindway AI for the prevention of problem gambling\u2003Annual report 2020\u2003\u2003Better Collective\n41\n', '\t\n* Non-current financial assets consist of a subordinated loan to Mindway AI\n', '\t\nMindway AI Aps\t\n19.99%\t\nDenmark\t\nAarhus\t\n\t\n', '\t\nMindway AI Aps\t\n\t\n19.99%\t\nDenmark\t\nAarhus \n', 'Acquisition of 70% of shares in Mindway AI:\nOn January 1, 2021 Better Collective acquired and additional 70% of the shares in Mindway \nAI for 2.3 mEUR, bringing the ownership to 90%\n', '\t\n* Non-current financial assets consist of  a subordinated loan to Mindway AI\n'];5;4;3;12;229601000;KOEBENHAVN K;19/03/2004;;;67449000.0
223;SPGP.CO;SP Group A/S;Denmark;Denmark;OMX Nordic Exchange Copenhagen A/S;DK0061027356;549300WCUCPUNXAFH710;;01/07/1985;01/07/1985;Industrials;General Industrials;Plastics;30.00.00;;;;130;ALL_COMPANIES/SP Group A-S/af7374f8-0ed3-4306-9714-e333c93e186b.pdf;SP Group A/S;2024;00.00;[];0;0;0;0;3019634000;Soendersoe;13/09/1962;2485.00.00;;2606322000.0
224;SPGP.CO;SP Group A/S;Denmark;Denmark;OMX Nordic Exchange Copenhagen A/S;DK0061027356;549300WCUCPUNXAFH710;;01/07/1985;01/07/1985;Industrials;General Industrials;Plastics;30.00.00;;;;128;ALL_COMPANIES/SP Group A-S/e8586758-8960-4b35-807b-e9bd06a6b76f.pdf;SP Group A/S;2023;00.00;[];0;0;0;0;2961902000;Soendersoe;13/09/1962;2380.00.00;;2656300000.0
225;SPGP.CO;SP Group A/S;Denmark;Denmark;OMX Nordic Exchange Copenhagen A/S;DK0061027356;549300WCUCPUNXAFH710;;01/07/1985;01/07/1985;Industrials;General Industrials;Plastics;30.00.00;;;;131;ALL_COMPANIES/SP Group A-S/54dc2d73-609d-4245-8f1e-e127f7da72f9.pdf;SP Group A/S;2022;0.0011657321380693;['Bagger-Sørensen & Co. A/S (D), \nBagger-Sørensen Fonden (D) (BM), \nBagger-Sørensen Invest A/S (D), \nVecata Ejendomme A/S (D), BS HQ \nApS (D), Ovenvande Skanderborg \nApS (BF), Dandy Business Park \nHolding ApS (BF), Dandy Business \nPark Ejendomme ApS (BF), Green \nTech Center A/S (BF), Food Innova-\ntion Center ApS (BF), AI Innovation \nCenter A/S (BF), Arcedi Biotech ApS \n(BM), Claonaig Estate Ltd. (BM), \nLiplasome Pharma ApS (BM og D), \nJ-Flight ApS (D), Gumlink A/S (D), \nOkono A/S (D), Okono Holding ApS \n(D), Chew Invest ApS (D), CCC3 \nHolding (D), Bagger-Sørensen \nEquity A/S (BM), Tablet 1 ApS (BM), \nTablet 2 ApS (BM), Tablet 3 ApS \n(BM), Tablet 4 ApS (BM), Tablet 5 \nApS (BM), Tablet 6 ApS (BM), Tablet \n7 ApS (BM), Idecra ApS (D), SoLoCa \nApS (D), Vissing Fonden (BF), Vissing \nHolding A/S (BF), Vikan A/S (NF), \nMichael Limb Holdings Ltd. (BM), \nBricks A/S (BM), Bricks Develop-\nment A/S (BF), Bricks Ejendomme \nA/S (BM), Ejendomsselskabet SF44 \nA/S (NF), Nicolinehus A/S (BM), \nJamabi ApS (BM) \n'];0;0;0;0;2530017000;Soendersoe;13/09/1962;2214.00.00;;2480900000.0
226;SPGP.CO;SP Group A/S;Denmark;Denmark;OMX Nordic Exchange Copenhagen A/S;DK0061027356;549300WCUCPUNXAFH710;;01/07/1985;01/07/1985;Industrials;General Industrials;Plastics;30.00.00;;;;129;ALL_COMPANIES/SP Group A-S/a0ac260e-b286-4e53-aaa8-bd5ee90a683a.pdf;SP Group A/S;2021;0.001201691982311;['Vissing Fonden (BF), Ovenvande \nSkanderborg ApS (BF), Advice \nHouse A/S (BF), Vikan A/S (NF), \nExact Brazil A/S (BM), EB Præfer-\nence A/S (BM), Green Tech Center \nA/S (BF), Green Tech Houses ApS \n(BF), Green Tech Group A/S (BF), \nFood Innovation House ApS (BF), \nFood Innovation Group ApS (BF), \nFood Innovation Center ApS (BF), \nBagger-Sørensen Fonden (D) (BM), \nLimb Holding Ltd. (BM), Michael \nLimb Holdings Ltd. (BM), Jamabi \nApS (BM), Jamabi PE ApS (BM), \nEjendomsanpartsselskabet MT \n04 (BM), Bricks A/S (BM), Bricks \nDevelopment A/S (BF), Bricks \nEjendomme A/S (BM), Ejendoms-\nselskabet SF44 A/S (NF), Nicoline-\nhus A/S (BM), Arcedi Biotech ApS \n(BM), AI Innovation Center A/S (BF), \nBagger-Sørensen & Co. A/S (D), \nBagger-Sørensen Invest A/S (D), \nBagger-Sørensen Equity A/S (BM), \nVecata Ejendomme A/S (D), Vecata \nInvest A/S (D), Liplasome Pharma \nApS (BM og D), 4 Best Invest ApS \n(D), J-Flight ApS (D), Idecra ApS (D), \nSoLoCa ApS (D), Gumlink A/S (D), \nOkono A/S (D), Okono Holding ApS \n(D), Chew Invest ApS (D). Vissing \nHolding A/S (BF), CCC3 Holding \n(D), Tablet 1 ApS (BM), BS HQ ApS \n(D), Tablet 2 ApS (BM), Tablet 3 ApS \n(BM), Tablet 4 ApS (BM).\n'];0;0;0;0;2264875000;Soendersoe;13/09/1962;;;2178189000.0
227;SPGP.CO;SP Group A/S;Denmark;Denmark;OMX Nordic Exchange Copenhagen A/S;DK0061027356;549300WCUCPUNXAFH710;;01/07/1985;01/07/1985;Industrials;General Industrials;Plastics;30.00.00;;;;132;ALL_COMPANIES/SP Group A-S/939ee27c-e22c-499f-b59e-2889db966bd2.pdf;SP Group A/S;2020;0.0012922567972707;['Digi Kiosk ApS (BF), Vissing Fonden \n(BF), Ovendevande Skanderborg \nApS (BF), Advice House A/S (NF), \nVikan A/S (NF), Exact Brazil A/S \n(BM), EB Præference A/S (BM), \nGreen Tech Center A/S (BM), Green \nTech Houses ApS (BM), Green Tech \nGroup A/S (BM), Food Innovation \nHouse ApS (BF), Food Innovation \nGroup ApS (BF), Food Innovation \nCenter ApS (BF), Bagger-Sørensen \nFonden (D) (BM), Limb Holding \nLtd. (BM), Michael Limb Holdings \nLtd. (BM), High Firs Investment \nCompany Ltd. (BM), Random \nWood Investment Company Ltd. \n(BM), Jutland Equity Investment \nCompany Ltd. (BM), Jamabi ApS \n(BF), Jamabi PE ApS (BF), Navest \nA/S (BF), Ejendomsanpartsselska-\nbet MT 04 (BF), Bricks A/S (BM), \nBricks Development A/S (BF), Bricks \nEjendomme A/S (BM), Ejendoms-\nselskabet SF44 A/S (NF), Nicoline-\nhus A/S (BM), Arcedi Biotech ApS \n(BM), AI Innovation Center A/S (BM), \nBagger-Sørensen & Co. A/S (D), \nBagger-Sørensen Invest A/S (D), \nBagger-Sørensen Equity A/S (BM), \nVecata Ejendomme A/S (D), Vecata \nInvest A/S (D), Liplasome Pharma \nApS (BM og D), 4 Best Invest ApS \n(D), Tina Holding ApS (D), J-Flight \nApS (D), Idecra ApS (D), SoLoCa IVS \n(D), Gumlink A/S (D), Okono A/S \n(D), Okono Holding ApS (D), Chew \nInvest ApS (D). Vissing Holding \nA/S (BF), CCC3 Holding (D), Vejle \nCentrum ApS (D) (BM), Tablet 1 ApS \n(BM), BS HQ ApS (D)\n'];0;0;0;0;2058615000;Soendersoe;13/09/1962;;;2012932000.0
228;NTGNT.CO;NTG Nordic Transport Group AS;Denmark;Denmark;OMX Nordic Exchange Copenhagen A/S;DK0061141215;529900PZWXV8JX89K947;;09/10/2019;14/06/1996;Industrials;Industrial Transportation;Transportation Services;31.00.00;;;;398;ALL_COMPANIES/NTG Nordic Transport Group AS/Annual Report 2025.pdf;NTG Nordic Transport Group A/S;2025;0.0208162415663609;"['NTG strives to standardise data to create transparency \nwithin the business. As we have grown in size, we \ncontinue to see this as a main driver for limiting \ncomplexity and enabling scalability. To accelerate \nand strengthen our tech journey, IT became directly \nrepresented in Group Management with the onboarding \nof a new CIO. The focus continues to be on streamlining \nhow we work in our systems, standardise data, and \nenabling the adoption of new technologies, such as \nAI‑enabled analytics and workflow automation.\n', ""Launched in March 2025, Route ’27 focuses on key enablers \nof NTG’s continued growth, aiming to keep a strong \ndecentralised organisation that rests on a scalable platform \nand leverages NTG's global network. On this foundation, \nwe have identified four key strategic pillars: Leveraging and \nscaling our global network benefits, enabling data-driven \nperformance and AI solutions, investing in our people, and \nmaintaining M&A as a growth catalyst.\n"", 'Enable data-driven performance \nand AI solutions \n', 'Enable data-driven  \nperformance and AI \nsolutions\n', 'Alongside leveraging existing technology, we \nare deliberately shaping our data and system \narchitecture to support the practical and scalable \nuse of artificial intelligence (AI) and other emerg-\ning technologies. We view AI as an important \nenabler of productivity, decision quality and \nconsistency across the organisation, particularly \nas data availability and standardisation continue \nto improve. The main focus is on ensuring that \nappropriate structure, governance and discipline \nare in place to allow AI solutions to be deployed \nat scale.\n', 'We have initiated our first AI use-cases, focusing \non areas where automation, pattern recognition \nand decision support can enhance day‑to‑day \noperations. While adoption will be gradual \nand closely governed, we expect AI to play an \nincreasingly meaningful role over time. \n', 'Cost and efficiency\nWe will improve processes across our operations \nto reduce manual touchpoints and strengthen data \nquality. The aim is to simplify and standardise by \nincreasing automation where it adds operational value. \nSome improvements will use AI when it provides clear \noperational benefit. At the same time, we will maintain \nstrong cost consciousness across the organisation by \nincreasing transparency on productivity and key cost \ndrivers.\n5.8%\n', 'Focus areas for 2026\nScalable operating platform\nIn 2026, we will continue to build a single, scalable \noperating platform, ensuring every entity works on \nthe same system in the same way across the division. \nThis journey began in 2024 with the roll‑out of our Air \n& Ocean TMS to all entities, and standardised ways of \nworking were implemented last year. Working in one \nsystem with a consistent data structure also creates \nthe foundation to scale emerging technologies such as \nAI, as solutions can be deployed across the network \nwith less complexity and higher data quality. In 2026, \nwe will further strengthen data quality at source \nthrough embedded validation rules and exception \ndashboards, and we will align KPI definitions and man-\nagement reporting to drive consistent performance \nand accountability across our entire footprint.\n', 'Onboarding new entities to the Group’s standard IT platforms reduces the number of \nvulnerabilities within our IT landscape and supports future tech‑enabled scalability, \nincluding AI.\n', 'Digitalisation and emerging technologies such as AI continue to offer opportunities to \noptimise workflows, improve productivity, and enhance service offerings. Focus on system \nstandardisation and monitoring new technologies, combined with operational agility, help us \nadapt to changing market conditions.\n', 'Relevant skills and experience\nBoard experience within strategy, finance, M&A, \ndigitisation, and data/AI/ML. Extensive international \nexperience within organisational development, culture and \nsuccession, strategy, and company turnarounds. Managerial \nexperience as CEO and member of executive committee in \ne.g. TDC. Expertise within innovation, digitisation, data/AI/\nML, and cyber security.\n', 'While NTG has not yet set measurable targets for data \nprivacy, we plan to develop relevant goals to improve \nimpact management. We will also continue to build \nknowledge on data ethics and AI, collaborating with \nstakeholders to implement best practices.\n']";4;4;4;12;4989000000;Hvidovre;01/09/1988;1970.00.00;;9352000000.0
229;NTGNT.CO;NTG Nordic Transport Group AS;Denmark;Denmark;OMX Nordic Exchange Copenhagen A/S;DK0061141215;529900PZWXV8JX89K947;;09/10/2019;14/06/1996;Industrials;Industrial Transportation;Transportation Services;31.00.00;;;;397;ALL_COMPANIES/NTG Nordic Transport Group AS/Annual Report 2024.pdf;NTG Nordic Transport Group A/S;2024;0.0035270051024007;['Relevant skills and experience\nBoard experience within strategy, finance, M&A, \ndigitisation, and data/AI/ML. Extensive international \nexperience within organisational development, culture \nand succession, strategy, and company turnarounds. \nManagerial experience as CEO and member of execu-\ntive committee in e.g. TDC. Expertise within innova-\ntion, digitisation, data/AI/ML, and cyber security.\n', 'We will continue to enhance our knowledge of how data and \nartificial intelligence systems impact the transport and logistics \nindustry, and we will collaborate with our stakeholders to \nimplement best practices regarding data ethics. Further, we will \nprovide training to our employees to ensure that we handle data \nin a responsible and sustainable way.\n'];4;1;3;8;3848000000;Hvidovre;01/09/1988;2002.00.00;;8338000000.0
230;NTGNT.CO;NTG Nordic Transport Group AS;Denmark;Denmark;OMX Nordic Exchange Copenhagen A/S;DK0061141215;529900PZWXV8JX89K947;;09/10/2019;14/06/1996;Industrials;Industrial Transportation;Transportation Services;31.00.00;;;;402;ALL_COMPANIES/NTG Nordic Transport Group AS/NTG Annual Report 2023.pdf;NTG Nordic Transport Group A/S;2023;0.0045822164180814;['Relevant skills and experience\nBoard experience within strategy, finance, M&A, \ndigitisation, and data/AI/ML. Extensive international \nexperience within organisational development, culture \nand succession, strategy, and company turnarounds. \nManagerial experience as CEO and member of execu-\ntive committee in e.g. TDC. Expertise within innova-\ntion, digitisation, data/AI/ML and cyber security.\n', 'Other directorships\nExecutive in: Ejendomsselskabet \nNørregade\xa07,  Køge ApS, ML Ejendomme \nKøge ApS, Lardahl\xa0Holding ApS, Nordic \nQuintet ApS, ML\xa0Invest Køge ApS, JDL \nHolding Køge ApS, and MDL\xa0Holding Køge \nApS\n'];1;0;0;1;4104000000;Hvidovre;01/09/1988;1893.00.00;;10224000000.0
231;NTGNT.CO;NTG Nordic Transport Group AS;Denmark;Denmark;OMX Nordic Exchange Copenhagen A/S;DK0061141215;529900PZWXV8JX89K947;;09/10/2019;14/06/1996;Industrials;Industrial Transportation;Transportation Services;31.00.00;;;;401;ALL_COMPANIES/NTG Nordic Transport Group AS/NTG Annual Report 2022.pdf;NTG Nordic Transport Group A/S;2022;00.00;['Nørregade 7, Køge ApS, ML \n', 'ML Invest Køge ApS, JDL Holding \n'];0;0;0;0;3241800000;Hvidovre;01/09/1988;1482.00.00;;7301900000.0
232;NTGNT.CO;NTG Nordic Transport Group AS;Denmark;Denmark;OMX Nordic Exchange Copenhagen A/S;DK0061141215;529900PZWXV8JX89K947;;09/10/2019;14/06/1996;Industrials;Industrial Transportation;Transportation Services;31.00.00;;;;400;ALL_COMPANIES/NTG Nordic Transport Group AS/NTG_Annual_Report_2021_WEB.pdf;NTG Nordic Transport Group A/S;2021;00.00;['Nørregade 7, Køge ApS, ML \n', 'ML Invest Køge ApS, JDL Holding \n'];0;0;0;0;2328200000;Hvidovre;01/09/1988;;;5332200000.0
233;NTGNT.CO;NTG Nordic Transport Group AS;Denmark;Denmark;OMX Nordic Exchange Copenhagen A/S;DK0061141215;529900PZWXV8JX89K947;;09/10/2019;14/06/1996;Industrials;Industrial Transportation;Transportation Services;31.00.00;;;;399;ALL_COMPANIES/NTG Nordic Transport Group AS/Annual Report 2020 (1).pdf;NTG Nordic Transport Group A/S;2020;00.00;['\t»\n\x07Executive ML Ejendomme Køge ApS, \nLardahl Holding ApS, Nordic Quintet ApS, \nML Invest Køge ApS, JDL Holding Køge ApS \nand MDL Holding Køge ApS.\n'];0;0;0;0;2029581000;Hvidovre;01/09/1988;;;5331989000.0
234;MTHH.CO;MT Hoejgaard Holding A/S;Denmark;Denmark;OMX Nordic Exchange Copenhagen A/S;DK0010255975;529900V9DJVZE2LVED66;;23/11/1988;23/11/1988;Industrials;Construction and Materials;Construction;32.00.00;;;;239;ALL_COMPANIES/MT Hoejgaard Holding A-S/MTHH_AR2025_DK.pdf;MT Højgaard Holding A/S;2025;0.002443613615815;['Øvrige tillidshverv:\n•\t Copenhagen Airport Hotels A/S (BF)\n•\t Copenhagen Airports International A/S (BF)\n•\t Smarter Airports A/S (BNF)\n•\t Fonden Wonderful Copenhagen (B)\n•\t Digital Dogme & AI Act (B)\n•\t ACI EUROPE (B)\n•\t Klimapartnerskabet for Luftfart (BNF)\n•\t Statens IT Råd (Rådsmedlem)\n•\t Lokaltog A/S (BF)\n', 'Særlige kompetencer:\nTransformationsledelse, strategi, digitalisering, \nforretningsudvikling, ESG, ledelse, operationel \nexcellence, krisehåndtering, bæredygtighed, AI, \nforandringsledelse m.m.\n'];1;0;1;2;4681600000;Soeborg;27/05/1921;2774.00.00;;8654400000.0
235;MTHH.CO;MT Hoejgaard Holding A/S;Denmark;Denmark;OMX Nordic Exchange Copenhagen A/S;DK0010255975;529900V9DJVZE2LVED66;;23/11/1988;23/11/1988;Industrials;Construction and Materials;Construction;32.00.00;;;;236;ALL_COMPANIES/MT Hoejgaard Holding A-S/MTHH_AR24_DK.pdf;MT Højgaard Holding A/S;2024;0.0009617881565406;['KI\n', '•\t\nKontrol af, om årsrapporten er udarbejdet i XHT-\nML-format\n•\t\nOpnåelse af en forståelse af selskabets proces for \ni XBRL-opmærkning og af den interne kontrol \nvedrørende opmærkningsprocessen\n•\t\nVurdering af fuldstændigheden af i XBRL-op-\nmærkningen af koncernregnskabet inkl. noter\n•\t\nVurdering af, hvorvidt anvendelse af i XBRL-ele-\nmenter fra ESEF-taksonomien og selskabets op-\nrettelse af udvidelser til taksonomien er passende, \nnår relevante elementer i ESEF-taksonomien ikke \ner identificeret\n•\t\nVurdering af forankringen af udvidelser til ele-\nmenter i ESEF-taksonomien, og \n•\t\nAfstemning af i XBRL-opmærkede data med det \nreviderede koncernregnskab. \n'];0;0;0;0;5317700000;Soeborg;27/05/1921;2774.00.00;;7203100000.0
236;MTHH.CO;MT Hoejgaard Holding A/S;Denmark;Denmark;OMX Nordic Exchange Copenhagen A/S;DK0010255975;529900V9DJVZE2LVED66;;23/11/1988;23/11/1988;Industrials;Construction and Materials;Construction;32.00.00;;;;238;ALL_COMPANIES/MT Hoejgaard Holding A-S/MTHH_AR23_DK.pdf;MT Højgaard Holding A/S;2023;00.00;[];0;0;0;0;4788500000;Soeborg;27/05/1921;2785.00.00;;5950800000.0
237;MTHH.CO;MT Hoejgaard Holding A/S;Denmark;Denmark;OMX Nordic Exchange Copenhagen A/S;DK0010255975;529900V9DJVZE2LVED66;;23/11/1988;23/11/1988;Industrials;Construction and Materials;Construction;32.00.00;;;;235;ALL_COMPANIES/MT Hoejgaard Holding A-S/MTHH_AR22_DK.pdf;MT Højgaard Holding A/S;2022;00.00;[];0;0;0;0;4339300000;Soeborg;27/05/1921;2680.00.00;;
238;MTHH.CO;MT Hoejgaard Holding A/S;Denmark;Denmark;OMX Nordic Exchange Copenhagen A/S;DK0010255975;529900V9DJVZE2LVED66;;23/11/1988;23/11/1988;Industrials;Construction and Materials;Construction;32.00.00;;;;237;ALL_COMPANIES/MT Hoejgaard Holding A-S/MTHH_AR21_DK-1.pdf;MT Højgaard Holding A/S;2021;00.00;['iXBRL-tags (eller Inline XBRL-tags) er skjulte met-\nadata, der er indlejret i et XHTML-dokuments kil-\ndekode, som gør det muligt at omdanne XHT-\nML-formaterede oplysninger til en maskinlæsbar \nXBRL-datafortegnelse ved hjælp af passende \nsoftware.\n'];0;0;0;0;4009700000;Soeborg;27/05/1921;;;10682100000.0
239;MTHH.CO;MT Hoejgaard Holding A/S;Denmark;Denmark;OMX Nordic Exchange Copenhagen A/S;DK0010255975;529900V9DJVZE2LVED66;;23/11/1988;23/11/1988;Industrials;Construction and Materials;Construction;32.00.00;;;;234;ALL_COMPANIES/MT Hoejgaard Holding A-S/MTHH_AR20_DK.pdf;MT Højgaard Holding A/S;2020;00.00;[];0;0;0;0;4407600000;Soeborg;27/05/1921;;;9788200000.0
240;DABA.CO;Danske Andelskassers Bank A/S;Denmark;Denmark;OMX Nordic Exchange Copenhagen A/S;DK0060299063;549300JECLPX13NZLU57;;26/05/2011;07/07/2011;Financials;Banks;Banks;32.00.00;;;;281;ALL_COMPANIES/Danske Andelskassers Bank A-S/danske-andelskassers-bank-aarsrapport-2025.pdf;Banken;2025;00.00;[];0;0;0;0;17330023000;Tjele;11/10/1969;;;
241;DABA.CO;Danske Andelskassers Bank A/S;Denmark;Denmark;OMX Nordic Exchange Copenhagen A/S;DK0060299063;549300JECLPX13NZLU57;;26/05/2011;07/07/2011;Financials;Banks;Banks;32.00.00;;;;283;ALL_COMPANIES/Danske Andelskassers Bank A-S/aarsrapport-2024-danske-andelskasser-bank.pdf;Danske Andelskassers Bank A/S;2024;00.00;[];0;0;0;0;16144374000;Tjele;11/10/1969;;;
242;DABA.CO;Danske Andelskassers Bank A/S;Denmark;Denmark;OMX Nordic Exchange Copenhagen A/S;DK0060299063;549300JECLPX13NZLU57;;26/05/2011;07/07/2011;Financials;Banks;Banks;32.00.00;;;;285;ALL_COMPANIES/Danske Andelskassers Bank A-S/aarsrapport-2023-danske-andelskassers-bank.pdf;Danske Andelskassers Bank A/S;2023;00.00;[];0;0;0;0;13952227000;Tjele;11/10/1969;;;
243;DABA.CO;Danske Andelskassers Bank A/S;Denmark;Denmark;OMX Nordic Exchange Copenhagen A/S;DK0060299063;549300JECLPX13NZLU57;;26/05/2011;07/07/2011;Financials;Banks;Banks;32.00.00;;;;282;ALL_COMPANIES/Danske Andelskassers Bank A-S/aarsrapport-2022-danske-andelskassers-bank.pdf;Danske Andelskassers Bank A/S;2022;00.00;['Vores ansvar er, baseret på det opnåede bevis, at opnå høj \ngrad af sikkerhed for, om årsrapporten i alle væsentlige hen-\nseender er udarbejdet i overensstemmelse med ESEF-for-\nordningen, og at udtrykke en konklusion. Handlingerne \nomfatter kontrol af, om årsrapporten er udarbejdet i XHT-\nML-format.\n'];0;0;0;0;13504857000;Tjele;11/10/1969;;;
244;DABA.CO;Danske Andelskassers Bank A/S;Denmark;Denmark;OMX Nordic Exchange Copenhagen A/S;DK0060299063;549300JECLPX13NZLU57;;26/05/2011;07/07/2011;Financials;Banks;Banks;32.00.00;;;;284;ALL_COMPANIES/Danske Andelskassers Bank A-S/arsrapport-2021-danske-andelskassers-bank.pdf;Danske Andelskassers Bank A/S;2021;00.00;['Vores ansvar er, baseret på det opnåede bevis, at opnå høj \ngrad af sikkerhed for, om årsrapporten i alle væsentlige hen-\nseender er udarbejdet i overensstemmelse med ESEF-for-\nordningen, og at udtrykke en konklusion. Handlingerne \nomfatter kontrol af, om årsrapporten er udarbejdet i XHT-\nML-format.\n'];0;0;0;0;13300217000;Tjele;11/10/1969;;;
245;DABA.CO;Danske Andelskassers Bank A/S;Denmark;Denmark;OMX Nordic Exchange Copenhagen A/S;DK0060299063;549300JECLPX13NZLU57;;26/05/2011;07/07/2011;Financials;Banks;Banks;32.00.00;;;;286;ALL_COMPANIES/Danske Andelskassers Bank A-S/arsrapport-2020-danske-andelskassers-bank.pdf;Danske Andelskassers Bank A/S;2020;00.00;[];0;0;0;0;12504341000;Tjele;11/10/1969;;;
246;NLFSK.CO;Nilfisk Holding A/S;Denmark;Denmark;OMX Nordic Exchange Copenhagen A/S;DK0060907293;529900FSU45YYVLKB451;;12/10/2017;12/10/2017;Industrials;Industrial Transportation;Commercial Vehicles and Parts;33.00.00;;;;476;ALL_COMPANIES/Nilfisk Holding A-S/Nilfisk Annual Report 2025.pdf;Nilfisk Holding A/S;2025;0.0010484488199708;['cyber security training. The training uses AI and behavioral \n'];1;2;2;5;894700000;BROENDBY;10/10/2017;4698.00.00;30000000.0;1027900000.0
247;NLFSK.CO;Nilfisk Holding A/S;Denmark;Denmark;OMX Nordic Exchange Copenhagen A/S;DK0060907293;529900FSU45YYVLKB451;;12/10/2017;12/10/2017;Industrials;Industrial Transportation;Commercial Vehicles and Parts;33.00.00;;;;477;ALL_COMPANIES/Nilfisk Holding A-S/Nilfisk Annual Report 2024.pdf;Nilfisk Holding A/S;2024;0.0017961705643567;"[""Privacy\nIT security of  \nNilfisk's machines\nRisk\nDO\nNilfisk's autonomous and digital machines collect and map data. This introduces risks related to compliance with the privacy \nrights of consumers, for example when using AI to make sure machines do not come into contact with people passing by. There \nis an inherent risk of not meeting customer requirements as well as a risk of data breaches.\nS4-1, S4-4 \n"", 'undergo cyber security training. This training leverages AI and \n']";1;1;2;4;814000000;BROENDBY;10/10/2017;4655.00.00;31500000.0;1033600000.0
248;NLFSK.CO;Nilfisk Holding A/S;Denmark;Denmark;OMX Nordic Exchange Copenhagen A/S;DK0060907293;529900FSU45YYVLKB451;;12/10/2017;12/10/2017;Industrials;Industrial Transportation;Commercial Vehicles and Parts;33.00.00;;;;479;ALL_COMPANIES/Nilfisk Holding A-S/Nilfisk Annual Report 2023.pdf;Nilfisk Holding A/S;2023;0.0013854253255749;['N/A\nN/A\n•\t Board member, Thoro.ai (US)\n'];0;0;0;0;863400000;BROENDBY;10/10/2017;4887.00.00;33500000.0;1069500000.0
249;NLFSK.CO;Nilfisk Holding A/S;Denmark;Denmark;OMX Nordic Exchange Copenhagen A/S;DK0060907293;529900FSU45YYVLKB451;;12/10/2017;12/10/2017;Industrials;Industrial Transportation;Commercial Vehicles and Parts;33.00.00;;;;478;ALL_COMPANIES/Nilfisk Holding A-S/Nilfisk - Annual Report - 2022.pdf;Nilfisk Holding A/S;2022;0.0014778470723849;['Positions and directorships\n•\t Board member, Thoro.ai (US)\nN/A\nN/A \nN/A\n'];0;0;0;0;841200000;BROENDBY;10/10/2017;4339.00.00;34000000.0;994900000.0
250;NLFSK.CO;Nilfisk Holding A/S;Denmark;Denmark;OMX Nordic Exchange Copenhagen A/S;DK0060907293;529900FSU45YYVLKB451;;12/10/2017;12/10/2017;Industrials;Industrial Transportation;Commercial Vehicles and Parts;33.00.00;;;;480;ALL_COMPANIES/Nilfisk Holding A-S/Nilfisk_Annual_Report_2021.pdf;Nilfisk Holding A/S;2021;00.00;[];0;0;0;0;763500000;BROENDBY;10/10/2017;4886.00.00;32000000.0;832900000.0
251;NLFSK.CO;Nilfisk Holding A/S;Denmark;Denmark;OMX Nordic Exchange Copenhagen A/S;DK0060907293;529900FSU45YYVLKB451;;12/10/2017;12/10/2017;Industrials;Industrial Transportation;Commercial Vehicles and Parts;33.00.00;;;;481;ALL_COMPANIES/Nilfisk Holding A-S/Nilfisk-Annual-Report_2020.pdf;Nilfisk Holding A/S;2020;0.001590609044203;['The Nilfisk Liberty SC60 is Nilfisk’s first autonomous solution \nbuilt on technology partner Brain Corp’s BrainOS® AI software \nplatform. It is equipped with the largest scrub deck in the \nautonomy ride-on category, making it ideal for cleaning large \nindoor spaces like hypermarkets, warehousing, logistic centers, \nlight-industry environments, and similar. To this end, the SC60 \n'];1;3;0;4;840100000;BROENDBY;10/10/2017;;33000000.0;966400000.0
252;TIV.CO;Tivoli A/S;Denmark;Denmark;OMX Nordic Exchange Copenhagen A/S;DK0060726743;213800U8GOU4PCQKDX03;;16/10/1999;03/01/1985;Consumer Discretionary;Travel and Leisure;Recreational Services;34.00.00;1;;;376;ALL_COMPANIES/Tivoli A-S/tivoli_annual-report2024-endelig.pdf;TIVOLI A/S;2024;00.00;[];0;0;0;0;1705900000;KOEBENHAVN V;20/12/1985;828.00.00;;
253;TIV.CO;Tivoli A/S;Denmark;Denmark;OMX Nordic Exchange Copenhagen A/S;DK0060726743;213800U8GOU4PCQKDX03;;16/10/1999;03/01/1985;Consumer Discretionary;Travel and Leisure;Recreational Services;34.00.00;1;;;378;ALL_COMPANIES/Tivoli A-S/annual-report-2023 (4).pdf;TIVOLI A/S;2023;00.00;[];0;0;0;0;1673600000;KOEBENHAVN V;20/12/1985;;;
254;TIV.CO;Tivoli A/S;Denmark;Denmark;OMX Nordic Exchange Copenhagen A/S;DK0060726743;213800U8GOU4PCQKDX03;;16/10/1999;03/01/1985;Consumer Discretionary;Travel and Leisure;Recreational Services;34.00.00;1;;;375;ALL_COMPANIES/Tivoli A-S/annual-report-2022 (2).pdf;TIVOLI A/S;2022;00.00;[];0;0;0;0;1576700000;KOEBENHAVN V;20/12/1985;;;
255;TIV.CO;Tivoli A/S;Denmark;Denmark;OMX Nordic Exchange Copenhagen A/S;DK0060726743;213800U8GOU4PCQKDX03;;16/10/1999;03/01/1985;Consumer Discretionary;Travel and Leisure;Recreational Services;34.00.00;1;;;377;ALL_COMPANIES/Tivoli A-S/annual-report-2021 (2).pdf;TIVOLI A/S;2021;00.00;[];0;0;0;0;1739100000;KOEBENHAVN V;20/12/1985;;;
256;TIV.CO;Tivoli A/S;Denmark;Denmark;OMX Nordic Exchange Copenhagen A/S;DK0060726743;213800U8GOU4PCQKDX03;;16/10/1999;03/01/1985;Consumer Discretionary;Travel and Leisure;Recreational Services;34.00.00;1;;;379;ALL_COMPANIES/Tivoli A-S/annual-report-2020 (1).pdf;Tivoli A/S;2020;00.00;[];0;0;0;0;1817500000;KOEBENHAVN V;20/12/1985;;;
257;MATAS.CO;Matas A/S;Denmark;Denmark;OMX Nordic Exchange Copenhagen A/S;DK0060497295;2138004PXX8LWGHGL872;;28/06/2013;28/06/2013;Consumer Discretionary;Retailers;Specialty Retailers;34.00.00;;1 april 2024-31 march 2025;;463;ALL_COMPANIES/Matas A-S/matasgroup-ar-2024-25-final (1).pdf;Matas A/S;2024;0.0010693357286453;['Technology, data and AI insight\n■\n■\n'];1;0;0;1;8668000000;ALLEROED;01/07/2006;2164.00.00;;6701000000.0
258;MATAS.CO;Matas A/S;Denmark;Denmark;OMX Nordic Exchange Copenhagen A/S;DK0060497295;2138004PXX8LWGHGL872;;28/06/2013;28/06/2013;Consumer Discretionary;Retailers;Specialty Retailers;34.00.00;;1 april 2024-31 march 2025;;462;ALL_COMPANIES/Matas A-S/matasgroup-ar-2023-24-web.pdf;Matas A/S;2023;0.0021310602024507;['06 Build long-term platform and culture\nWe are building a long-term platform and culture. \nThis includes a consolidated Group IT platform to \nfoster collaboration and scale benefits to among \nothers drive enhanced investments in AI and \nanalytics, both in the front-end and back-end \nas this is fundamental to maintain a competitive \nadvantage. \n'];3;2;2;7;6280200000;ALLEROED;01/07/2006;2152.00.00;;4489600000.0
259;MATAS.CO;Matas A/S;Denmark;Denmark;OMX Nordic Exchange Copenhagen A/S;DK0060497295;2138004PXX8LWGHGL872;;28/06/2013;28/06/2013;Consumer Discretionary;Retailers;Specialty Retailers;34.00.00;;1 april 2024-31 march 2025;;461;ALL_COMPANIES/Matas A-S/Matas_AR-2022-23.pdf;Matas A/S;2022;00.00;[];0;0;0;0;6055300000;ALLEROED;01/07/2006;2197.00.00;;4344200000.0
260;MATAS.CO;Matas A/S;Denmark;Denmark;OMX Nordic Exchange Copenhagen A/S;DK0060497295;2138004PXX8LWGHGL872;;28/06/2013;28/06/2013;Consumer Discretionary;Retailers;Specialty Retailers;34.00.00;;1 april 2024-31 march 2025;;459;ALL_COMPANIES/Matas A-S/01-Matas-Annual-Report-2021-22_UK.pdf;Matas A/S;2021;00.00;[];0;0;0;0;6143100000;ALLEROED;01/07/2006;2149.00.00;;4163600000.0
261;MATAS.CO;Matas A/S;Denmark;Denmark;OMX Nordic Exchange Copenhagen A/S;DK0060497295;2138004PXX8LWGHGL872;;28/06/2013;28/06/2013;Consumer Discretionary;Retailers;Specialty Retailers;34.00.00;;1 april 2024-31 march 2025;;460;ALL_COMPANIES/Matas A-S/MATAS-Annual-Report-2020_21-UK-FINAL.pdf;Matas A/S;2020;00.00;[];0;0;0;0;6588300000;ALLEROED;01/07/2006;;;3688500000.0
262;DJUR.CO;Djurslands Bank A/S;Denmark;Denmark;OMX Nordic Exchange Copenhagen A/S;DK0060136273;5299005QIT19WQ32N972;;02/01/1985;02/01/1985;Financials;Banks;Banks;35.00.00;;;;19;ALL_COMPANIES/Djurslands Bank A-S/djurslands-bank-aarsrapport-2025.pdf;Djurslands Bank;2025;00.00;[];0;0;0;0;15052006000;Grenaa;29/12/1965;;;
263;DJUR.CO;Djurslands Bank A/S;Denmark;Denmark;OMX Nordic Exchange Copenhagen A/S;DK0060136273;5299005QIT19WQ32N972;;02/01/1985;02/01/1985;Financials;Banks;Banks;35.00.00;;;;22;ALL_COMPANIES/Djurslands Bank A-S/aarsrapport_2024 (1).pdf;Djurslands Bank A/S;2024;0.002102165230187;['I 2024 har banken haft fokus på et strategisk projekt, som \nskal gøre det nemmere at være bankkunde og bankrådgiver \nblandt andet ved hjælp af AI.\n'];1;2;1;4;13359785000;Grenaa;29/12/1965;;;
264;DJUR.CO;Djurslands Bank A/S;Denmark;Denmark;OMX Nordic Exchange Copenhagen A/S;DK0060136273;5299005QIT19WQ32N972;;02/01/1985;02/01/1985;Financials;Banks;Banks;35.00.00;;;;17;ALL_COMPANIES/Djurslands Bank A-S/aarsrapport-2023-til-web.pdf;Djurslands Bank A/S;2023;0.002159267576438;['I 2024 har banken fokus på et strategisk projekt, som skal \ngøre det nemmere at være bankkunde og bankrådgiver \nblandt andet ved hjælp af AI.\n'];1;2;1;4;12148114000;Grenaa;29/12/1965;;;
265;DJUR.CO;Djurslands Bank A/S;Denmark;Denmark;OMX Nordic Exchange Copenhagen A/S;DK0060136273;5299005QIT19WQ32N972;;02/01/1985;02/01/1985;Financials;Banks;Banks;35.00.00;;;;18;ALL_COMPANIES/Djurslands Bank A-S/djurslands-bank-rsrapport-2022-web.pdf;Djurslands Bank A/S;2022;00.00;[];0;0;0;0;11708057000;Grenaa;29/12/1965;;;
266;DJUR.CO;Djurslands Bank A/S;Denmark;Denmark;OMX Nordic Exchange Copenhagen A/S;DK0060136273;5299005QIT19WQ32N972;;02/01/1985;02/01/1985;Financials;Banks;Banks;35.00.00;;;;21;ALL_COMPANIES/Djurslands Bank A-S/aarsrapport-2021-online.pdf;Djurslands Bank A/S;2021;00.00;[];0;0;0;0;11192665000;Grenaa;29/12/1965;;;
267;DJUR.CO;Djurslands Bank A/S;Denmark;Denmark;OMX Nordic Exchange Copenhagen A/S;DK0060136273;5299005QIT19WQ32N972;;02/01/1985;02/01/1985;Financials;Banks;Banks;35.00.00;;;;20;ALL_COMPANIES/Djurslands Bank A-S/aarsrapport-2020.pdf;Djurslands Bank A/S;2020;00.00;[];0;0;0;0;10260909000;Grenaa;29/12/1965;;;
268;SKJE.CO;Skjern Bank A/S;Denmark;Denmark;OMX Nordic Exchange Copenhagen A/S;DK0010295922;549300I3ZBJQDXA7AS20;;02/01/1985;02/01/1985;Financials;Banks;Banks;36.00.00;;;;541;ALL_COMPANIES/Skjern Bank A-S/2025-aarsrapport.pdf;Skjern Bank;2025;0.0026201331027616;['Faglige kompetencer\nHar særlige kompetencer, viden og erfaring inden for \nområderne: \nGenerations- og ejerskifte\nBestyrelse og advisory board\nStrategi og organisationsudvikling\nKapitalfremskaffelse og økonomistyring\nTurnaround og kriseledelse\nStartups (Iværksætteri)\nAI \n'];1;0;0;1;13249767000;Skjern;07/02/1906;;;
269;SKJE.CO;Skjern Bank A/S;Denmark;Denmark;OMX Nordic Exchange Copenhagen A/S;DK0010295922;549300I3ZBJQDXA7AS20;;02/01/1985;02/01/1985;Financials;Banks;Banks;36.00.00;;;;544;ALL_COMPANIES/Skjern Bank A-S/aarsrapport2024.pdf;Skjern Bank;2024;0.005297872904029;['Desuden har banken igangsat processer med implementering af AI (Kunstig Intelligens), hvor det kan hjælpe \nbankens medarbejdere til bedre at imødekomme kundernes behov og ønsker samt hjælpe med at løse opga\xad\nver inden for eksempelvis bekæmpelse af hvidvask. \n'];1;2;2;5;11966911000;Skjern;07/02/1906;;;
270;SKJE.CO;Skjern Bank A/S;Denmark;Denmark;OMX Nordic Exchange Copenhagen A/S;DK0010295922;549300I3ZBJQDXA7AS20;;02/01/1985;02/01/1985;Financials;Banks;Banks;36.00.00;;;;545;ALL_COMPANIES/Skjern Bank A-S/20232cplusc385rsrapport.pdf;Skjern Bank;2023;00.00;[];0;0;0;0;11228493000;Skjern;07/02/1906;;;
271;SKJE.CO;Skjern Bank A/S;Denmark;Denmark;OMX Nordic Exchange Copenhagen A/S;DK0010295922;549300I3ZBJQDXA7AS20;;02/01/1985;02/01/1985;Financials;Banks;Banks;36.00.00;;;;542;ALL_COMPANIES/Skjern Bank A-S/2022plusc385rsrapport.pdf;Skjern Bank;2022;00.00;[];0;0;0;0;9978498000;Skjern;07/02/1906;;;
272;SKJE.CO;Skjern Bank A/S;Denmark;Denmark;OMX Nordic Exchange Copenhagen A/S;DK0010295922;549300I3ZBJQDXA7AS20;;02/01/1985;02/01/1985;Financials;Banks;Banks;36.00.00;;;;546;ALL_COMPANIES/Skjern Bank A-S/aarsrapport2021.pdf;Skjern Bank;2021;00.00;[];0;0;0;0;8974467000;Skjern;07/02/1906;;;
273;SKJE.CO;Skjern Bank A/S;Denmark;Denmark;OMX Nordic Exchange Copenhagen A/S;DK0010295922;549300I3ZBJQDXA7AS20;;02/01/1985;02/01/1985;Financials;Banks;Banks;36.00.00;;;;543;ALL_COMPANIES/Skjern Bank A-S/aarsrapport-2020 (1).pdf;Skjern Bank;2020;00.00;[];0;0;0;0;7614080000;Skjern;07/02/1906;;;
274;AOJb.CO;Broedrene A & O Johansen A/S;Denmark;Denmark;OMX Nordic Exchange Copenhagen A/S;DK0061686714;5299004B6ZEGVCR9ZR75;;01/01/1963;29/01/1990;Industrials;Industrial Support Services;Industrial Suppliers;38.00.00;;;;426;ALL_COMPANIES/Broedrene A & O Johansen A-S/ao_ar-2025.pdf;Brødrene A & O Johansen A/S;2025;0.0197088024438915;['ai\n', 'ai\n', 'Digitalisation & AI\n', 'Digitalisation remains a key focus area \nfor AO and the construction industry \nand will continue to drive growth \nand efficiency. The digital customer \njourney is shifting from basic solutions \nto AI-based services such as ChatGPT \nand AI agents. AO must deliver visi-\nbility and relevance across AI-driven \npurchasing journeys in both B2B and \nB2C. \n', 'AO aims to be at the forefront of \nleveraging AI to make digital systems \nsmarter and more efficient. This \ncreates significant opportunities to \nsimplify everyday tasks and deliver \nmore personalised solutions.\n', '\t·\nAI has been heralded as the most important technology of our time. We \nbelieve in a proactive approach to the use of artificial intelligence across \nAO.\n', 'In depth knowledge of strategic IT solutions and AI technology\n', 'To ensure implementation and compliance, a data ethics \nworking group has been established, which applies the \nprinciples when assessing new digitalisation and tech-\nnology initiatives. In 2025, the working group placed \nparticular emphasis on AO’s use of artificial intelligence \n(AI). The working group conducted a mapping and data \nethics assessment of AO’s AI projects. No ethical issues \nwere identified, and the use was assessed to be in compli-\nance with AO’s principles. As a follow-up, a procedure \nfor the responsible use of AI has been developed, estab-\n', 'AO recognises that data ethics is not solely about regula-\ntory compliance, but also about actively taking a position \non technological dilemmas and societal implications. The \ndevelopment of AI services is expected to continue at a \nrapid pace, and the primary focus in 2026 will therefore \nbe the ongoing monitoring and assessment of AO’s use of \nAI. This will include continued evaluation of which service \nmodels best support responsible development and ensure \nsustained trust from customers and business partners.\n'];4;3;3;10;3787400000;Albertslund;27/02/1940;912.00.00;;
275;AOJb.CO;Broedrene A & O Johansen A/S;Denmark;Denmark;OMX Nordic Exchange Copenhagen A/S;DK0061686714;5299004B6ZEGVCR9ZR75;;01/01/1963;29/01/1990;Industrials;Industrial Support Services;Industrial Suppliers;38.00.00;;;;428;ALL_COMPANIES/Broedrene A & O Johansen A-S/ao---annual-report-2024.pdf;Brødrene A & O Johansen A/S;2024;0.0181010764106772;['ai\n', 'ai\n', 'Digitalisation & AI\n', 'AI amplifies and transforms digitalisation in \nmultiple ways by making digital systems more \nintelligent, adaptive, and efficient. AI provides \ngreat opportunities for efficiency gains and \nutilises complex and large datasets to develop \nnew and more personalised services. AO has \nbeen at the forefront of digitalisation and will \ncontinue to be so regarding AI. Providing our \ncustomers with tailored user experience, accu-\nrate data on the products – including ESG data \nis a key point in being the best partner for our \ncustomers.\n', '\t·\nAI has been heralded as the most important technology of our time. \nWe believe in a proactive approach to the use of artificial intelligence \nacross AO.\n', 'In depth knowledge of strategic IT solutions and AI technology\n', 'The data ethics working group has also ensured that AO’s \nuse of artificial intelligence (AI) on data has been mapped \nwithin AO. In the summer of 2024, AO’s IT Security Council \nconducted a mapping of where AI is used in AO. At the end \nof 2024, the data ethics working group has been author-\nised to assess data ethics issues before AI-based projects \nare put into operation. These assessments will, among \nother things, focus on legality, reasonableness, and bias. \n', 'In 2025, the data ethics working group will therefore \nfocus on AI-based projects and continuously assess \nwhether there is a need to adjust the use of AI within AO.\n'];5;2;3;10;3242362000;Albertslund;27/02/1940;889.00.00;;
276;AOJb.CO;Broedrene A & O Johansen A/S;Denmark;Denmark;OMX Nordic Exchange Copenhagen A/S;DK0061686714;5299004B6ZEGVCR9ZR75;;01/01/1963;29/01/1990;Industrials;Industrial Support Services;Industrial Suppliers;38.00.00;;;;427;ALL_COMPANIES/Broedrene A & O Johansen A-S/ao_annual_report_2023.pdf;Brødrene A & O Johansen A/S;2023;0.0084109594802027;['ai\n', 'AO has been at the forefront of digitalisation \nand will continue to be so. Providing our \ncustomers with accurate data on the prod-\nucts – including ESG data will be a key point \nin being the best partner for our customers. \nRPA and AI bring new opportunities for \nefficiencies.\n', '\t·\nAI has been heralded as the most important technology of our time. \nWe believe in a proactive approach to the use of artificial intelligence \nacross AO.\n'];1;1;1;3;3318320000;Albertslund;27/02/1940;784.00.00;;
277;AOJb.CO;Broedrene A & O Johansen A/S;Denmark;Denmark;OMX Nordic Exchange Copenhagen A/S;DK0061686714;5299004B6ZEGVCR9ZR75;;01/01/1963;29/01/1990;Industrials;Industrial Support Services;Industrial Suppliers;38.00.00;;;;429;ALL_COMPANIES/Broedrene A & O Johansen A-S/ao-annual-report-2022.pdf;Brødrene A & O Johansen A/S;2022;0.0066242713301536;['This picture shows the \ninstaller of the future \nworking hard on the green \ntransition. It has been \ncreated using artificial \nintelligence and is offered \nby AI engine Midjourney. \nAt AO, we usually say we \ndon’t know what the  \nfuture will bring, but we \ndo know what we’re  \nbringing to the future! \nArtificial intelligence has \nnow eliminated some of \nthat uncertainty. \n'];1;0;0;1;2708544000;Albertslund;27/02/1940;741.00.00;;
278;AOJb.CO;Broedrene A & O Johansen A/S;Denmark;Denmark;OMX Nordic Exchange Copenhagen A/S;DK0061686714;5299004B6ZEGVCR9ZR75;;01/01/1963;29/01/1990;Industrials;Industrial Support Services;Industrial Suppliers;38.00.00;;;;430;ALL_COMPANIES/Broedrene A & O Johansen A-S/ao-annual-report-2021.pdf;Brødrene A & O Johansen A/S;2021;00.00;[];0;0;0;0;2383225000;Albertslund;27/02/1940;734.00.00;;
279;AOJb.CO;Broedrene A & O Johansen A/S;Denmark;Denmark;OMX Nordic Exchange Copenhagen A/S;DK0061686714;5299004B6ZEGVCR9ZR75;;01/01/1963;29/01/1990;Industrials;Industrial Support Services;Industrial Suppliers;38.00.00;;;;425;ALL_COMPANIES/Broedrene A & O Johansen A-S/ao-arsrapport-2020---web---uk---03.pdf;Brødrene A & O Johansen A/S;2020;00.00;[];0;0;0;0;2306678000;Albertslund;27/02/1940;;;
280;PARKEN.CO;Parken Sport & Entertainment A/S;Denmark;Denmark;OMX Nordic Exchange Copenhagen A/S;DK0010237643;213800ZRY1MCTFK8PQ94;;11/11/1997;22/12/1997;Consumer Discretionary;Travel and Leisure;Recreational Services;38.00.00;;;;101;ALL_COMPANIES/Parken Sport & Entertainment A-S/69b4163093910b0c8c7227ed_PARKEN Sport & Entertainment Årsrapport 2025.pdf;PARKEN Sport & Entertainment A/S;2025;00.00;[];0;0;0;0;3510168000;Copenhagen;01/04/1991;;;
281;PARKEN.CO;Parken Sport & Entertainment A/S;Denmark;Denmark;OMX Nordic Exchange Copenhagen A/S;DK0010237643;213800ZRY1MCTFK8PQ94;;11/11/1997;22/12/1997;Consumer Discretionary;Travel and Leisure;Recreational Services;38.00.00;;;;100;ALL_COMPANIES/Parken Sport & Entertainment A-S/67d3e7af9f6ecf2464628046_PARKEN Sport & Entertainment Årsrapport 2024.pdf;PARKEN Sport & Entertainment A/S;2024;00.00;[];0;0;0;0;3427674000;Copenhagen;01/04/1991;;;
282;PARKEN.CO;Parken Sport & Entertainment A/S;Denmark;Denmark;OMX Nordic Exchange Copenhagen A/S;DK0010237643;213800ZRY1MCTFK8PQ94;;11/11/1997;22/12/1997;Consumer Discretionary;Travel and Leisure;Recreational Services;38.00.00;;;;103;ALL_COMPANIES/Parken Sport & Entertainment A-S/65f45bcfc185cb6eead029b1_pse-2023.pdf;PARKEN;2023;00.00;[];0;0;0;0;3177387000;Copenhagen;01/04/1991;;;
283;PARKEN.CO;Parken Sport & Entertainment A/S;Denmark;Denmark;OMX Nordic Exchange Copenhagen A/S;DK0010237643;213800ZRY1MCTFK8PQ94;;11/11/1997;22/12/1997;Consumer Discretionary;Travel and Leisure;Recreational Services;38.00.00;;;;104;ALL_COMPANIES/Parken Sport & Entertainment A-S/64b51ce3b671569376262722_pse_arsrapport_2022.pdf;PARKEN Sport & Entertainment A/S;2022;00.00;[];0;0;0;0;2784700000;Copenhagen;01/04/1991;;;
284;PARKEN.CO;Parken Sport & Entertainment A/S;Denmark;Denmark;OMX Nordic Exchange Copenhagen A/S;DK0010237643;213800ZRY1MCTFK8PQ94;;11/11/1997;22/12/1997;Consumer Discretionary;Travel and Leisure;Recreational Services;38.00.00;;;;99;ALL_COMPANIES/Parken Sport & Entertainment A-S/64b51cb4baa2b7e02b73c94d_pse_arsrapport_2021.pdf;PARKEN Sport & Entertainment A/S;2021;00.00;[];0;0;0;0;2870109000;Copenhagen;01/04/1991;;;
285;PARKEN.CO;Parken Sport & Entertainment A/S;Denmark;Denmark;OMX Nordic Exchange Copenhagen A/S;DK0010237643;213800ZRY1MCTFK8PQ94;;11/11/1997;22/12/1997;Consumer Discretionary;Travel and Leisure;Recreational Services;38.00.00;;;;102;ALL_COMPANIES/Parken Sport & Entertainment A-S/64b51c8ea6cd5b44c22accf4_pse_arsrapport_2020.pdf;PARKEN Sport & Entertainment A/S;2020;00.00;[];0;0;0;0;2672930000;Copenhagen;01/04/1991;;;
286;BO.CO;Bang & Olufsen A/S;Denmark;Denmark;OMX Nordic Exchange Copenhagen A/S;DK0010218429;52990018KGR3ILFDNJ20;;01/01/1977;02/01/1985;Consumer Discretionary;Leisure Goods;Consumer Electronics;39.00.00;;2024/2025;;204;ALL_COMPANIES/Bang & Olufsen A-S/B&O_Annual report 2024-25.pdf;Bang & Olufsen A/S;2024;0.0098947201773133;['Competencies \n\uf06e \nLuxury, omnichannel, retailing and marketing  \n\uf06e \nBrand management \n\uf06e \nConsumer electronics knowledge \n\uf06e \nKey market insights \n\uf06e \nPartnership management \n\uf06e \nInnovation, digitalisation & technology \n\uf06e \nStakeholder relations & ESG \n\uf06f \nConsumer product supply chain \n\uf06e \nNew product introduction \n\uf06e \nInternational management & strategy development \n\uf06f \nRisk management \n\uf06f \nFinance & accounting \n\uf06e \nCorporate governance of listed companies \n\uf06e \nUse of Artificial Intelligence in a business and product context \n', 'Competencies \n\uf06e \nLuxury, omnichannel, retailing and marketing  \n\uf06e \nBrand management \n\uf06f \nConsumer electronics knowledge \n\uf06e \nKey market insights \n\uf06e \nPartnership management \n\uf06f \nInnovation, digitalisation & technology \n\uf06e \nStakeholder relations & ESG \n\uf06e \nConsumer product supply chain \n\uf06e \nNew product introduction \n\uf06e \nInternational management & strategy development \n\uf06e \nRisk management \n\uf06e \nFinance & accounting \n\uf06f \nCorporate governance of listed companies \n\uf06f \nUse of Artificial Intelligence in a business and product context \n', 'Competencies \n\uf06e \nLuxury, omnichannel, retailing and marketing  \n\uf06e \nBrand management \n\uf06f \nConsumer electronics knowledge \n\uf06e \nKey market insights \n\uf06e \nPartnership management \n\uf06f \nInnovation, digitalisation & technology \n\uf06e \nStakeholder relations & ESG \n\uf06e \nConsumer product supply chain \n\uf06e \nNew product introduction \n\uf06e \nInternational management & strategy development \n\uf06f \nRisk management \n\uf06f \nFinance & accounting \n\uf06e \nCorporate governance of listed companies \n\uf06f \nUse of Artificial Intelligence in a business and product context \n', 'Competencies \n\uf06f \nLuxury, omnichannel, retailing and marketing  \n\uf06f \nBrand management \n\uf06f \nConsumer electronics knowledge \n\uf06f \nKey market insights \n\uf06f \nPartnership management \n\uf06f \nInnovation, digitalisation & technology \n\uf06e \nStakeholder relations & ESG \n\uf06e \nConsumer product supply chain \n\uf06f \nNew product introduction \n\uf06e \nInternational management & strategy development \n\uf06e \nRisk management \n\uf06e \nFinance & accounting \n\uf06e \nCorporate governance of listed companies \n\uf06f \nUse of Artificial Intelligence in a business and product context \n', 'Competencies \n\uf06e \nLuxury, omnichannel, retailing and marketing  \n\uf06e \nBrand management \n\uf06e \nConsumer electronics knowledge \n\uf06e \nKey market insights \n\uf06e \nPartnership management \n\uf06e \nInnovation, digitalisation & technology \n\uf06e \nStakeholder relations & ESG \n\uf06f \nConsumer product supply chain \n\uf06e \nNew product introduction \n\uf06e \nInternational management & strategy development \n\uf06f \nRisk management \n\uf06f \nFinance & accounting \n\uf06e \nCorporate governance of listed companies \n\uf06f \nUse of Artificial Intelligence in a business and product context \n', 'Use phase emissions are a significant portion of our \ncarbon footprint. As part of our ongoing efforts, we are \nfocused on optimising energy consumption during our \nproduct’s lifetime with our Mozart Platform™ for \npowerful home speakers. Our platform features an \nintelligent power management system that monitors \nusage and switches to low-energy modes when possible. \nFurthermore, we also work with AI solutions to \noptimise product power consumption and battery \nlifetime. We also aim to utilise the most efficient power \nsupplies and optimisers to ensure maximum energy \nefficiency and are continuously working on future \noptimisations to further reduce energy losses. \n', 'We established an AI Committee to guide the ethical \nuse of artificial intelligence across our \noperations and ensure alignment with \nemerging standards. \n', 'Awareness activities included a global data privacy \ncampaign raising the awareness of safeguarding \nconsumer data. A new AI Committee was furthermore \nestablished focusing on ensuring ethical use of AI in \nour business operations. //  \n'];1;1;1;3;2297000000;Struer;17/11/1925;1073.00.00;;2588000000.0
287;BO.CO;Bang & Olufsen A/S;Denmark;Denmark;OMX Nordic Exchange Copenhagen A/S;DK0010218429;52990018KGR3ILFDNJ20;;01/01/1977;02/01/1985;Consumer Discretionary;Leisure Goods;Consumer Electronics;39.00.00;;2024/2025;;205;ALL_COMPANIES/Bang & Olufsen A-S/B&O_Annual report 2023-24.pdf;Bang & Olufsen A/S;2023;0.001347345728914;['We have a target of 12 awareness activities a year. This \nyear included various content, such as videos, articles \nand signage focusing on anti-corruption, privacy, and \ndata ethical considerations, including the use of \nartificial intelligence for work-related tasks.   \n'];1;0;0;1;2385000000;Struer;17/11/1925;947.00.00;;2752000000.0
288;BO.CO;Bang & Olufsen A/S;Denmark;Denmark;OMX Nordic Exchange Copenhagen A/S;DK0010218429;52990018KGR3ILFDNJ20;;01/01/1977;02/01/1985;Consumer Discretionary;Leisure Goods;Consumer Electronics;39.00.00;;2024/2025;;201;ALL_COMPANIES/Bang & Olufsen A-S/B&O_Annual report 2022-23.pdf;Bang & Olufsen A/S;2022;0.0027208293087733;['of an Artificial Intelligence (AI) tool to change the \ntonality of job postings with the aim of expanding and \ndiversifying our candidate pool. We did not achieve  \nour target of specialist training for all our DE&I council \nmembers in 2022/23 and this will be a priority for  \nnext year.  \n'];1;2;1;4;2518000000;Struer;17/11/1925;899.00.00;;2948000000.0
289;BO.CO;Bang & Olufsen A/S;Denmark;Denmark;OMX Nordic Exchange Copenhagen A/S;DK0010218429;52990018KGR3ILFDNJ20;;01/01/1977;02/01/1985;Consumer Discretionary;Leisure Goods;Consumer Electronics;39.00.00;;2024/2025;;203;ALL_COMPANIES/Bang & Olufsen A-S/Annual Report 2021_22n.pdf;Bang & Olufsen A/S;2021;0.0052450303337587;['SK Broadband launched AI Sound \nMax, a complete set-top box that \ncombines artificial intelligence with \nadvanced audio technology from \nB&O.  \n', 'The AI Sound Max soundbar has \nbeen tuned by B&O’s sound \nengineers. Furthermore, B&O has \nworked closely with SK Broadband’s \nsuppliers to develop the audio \narchitecture. \n'];0;4;0;4;2276000000;Struer;17/11/1925;957.00.00;;2629000000.0
290;BO.CO;Bang & Olufsen A/S;Denmark;Denmark;OMX Nordic Exchange Copenhagen A/S;DK0010218429;52990018KGR3ILFDNJ20;;01/01/1977;02/01/1985;Consumer Discretionary;Leisure Goods;Consumer Electronics;39.00.00;;2024/2025;;202;ALL_COMPANIES/Bang & Olufsen A-S/B&O_Annual Report 2020-21.pdf;Bang & Olufsen A/S;2020;00.00;[];0;0;0;0;1776000000;Struer;17/11/1925;;;2036000000.0
291;CBRAIN.CO;Cbrain A/S;Denmark;Denmark;OMX Nordic Exchange Copenhagen A/S;DK0060030286;529900E1K2W6SBYF8W02;;01/02/2006;22/02/2006;Technology;Software & Computer Services;Software;40.00.00;;;;167;ALL_COMPANIES/Cbrain A-S/cBrain_Annual_Report_2025.pdf;cBrain A/S;2025;0.0461728965097487;['A key milestone for cBrain in 2025 was the completion of full AI enablement. AI is \nnow embedded as a native, production-ready capability across the F2 Digital \nplatform, seamlessly integrated into core workflows and case processes.  \n', 'This positions F2 as a fully AI-enabled COTS platform for government - driving higher \nproductivity, enhanced decision support, and scalable automation, while preserving \nstandardization, transparency, and regulatory compliance. The completed AI \nenablement reinforces cBrain’s long-term competitive advantage and supports the \nscalability and margin potential of the 2026–2028 growth plan. \n', 'While developing the F2 ServiceBuilder, cBrain has also invested in AI technology and, \nin the near term, expects to announce embedded AI capabilities. This will further \nstrengthen and differentiate the F2 ServiceBuilder offering by providing sovereignty \nand flexibility, enabling customers to fully control and maintain both their own \nprocesses and AI prompts without reliance on external providers. \n', '\uf0b7 \nExpanding business across the existing customer base, driven by AI-enabled \nprocess automation and sovereignty. Governments are under increasing pressure \nto improve efficiency and reduce costs, creating a significant opportunity to \nsupport customers through the F2 ServiceBuilder. This is further accelerated by \nembedded AI capabilities and growing demand for sovereignty. \n', 'F2 is a commercially available off-the-shelf (COTS) software platform, purpose-built \nfor government. Out of the box, F2 offers fully integrated case management and \nworkflows, self-services, registries for citizens and companies, mass-operation \ncapabilities for handling large volumes of cases, and integrated on-premise AI.  \n', '\uf0b7 \nThe Ministry of Finance in the UAE uses the F2 platform in several instances. This \nincludes OECD reporting, supporting more than 350 users across 25 entities, with \nEnglish and Arabic language self-service. In 2025 cBrain delivered an AI based \nsolution for the ministry, to support the new Peppol electronic invoicing \nstandards. \n', 'cBrain also has extended the F2 platform with embedded AI functionality. These AI \ncapabilities support on-premise execution, thereby protecting government data and \nensuring sovereignty. Fully embedded in workflows and tasks, this provides \ngovernment organizations with a unique technology to automate and optimize \nprocesses while increasing quality. \n', '\uf0b7 \nSelf-services for citizens and companies including embedded AI functions \n', '\uf0b7 \nExpanding business across the existing customer base, driven by AI-enabled \nprocess automation and sovereignty. Governments are under increasing \npressure to improve efficiency and reduce costs, creating a significant \nopportunity to support customers through the F2 ServiceBuilder. This is further \naccelerated by embedded AI capabilities and growing demand for sovereignty. \n', 'The F2 ServiceBuilder offers partners and customers a unique ability to configure \nindividual government case and workflow solutions without modifying the standard \nsoftware. In parallel, the F2 platform is built on an architecture designed for \ngovernment sovereignty and security, including the ability to use AI on premise.  \n', '\uf0b7 \nExpanding business and the use of the F2-platform across the broad existing \ncustomer base, supporting customers with the F2 ServiceBuilder and embedded \nAI capabilities. \n', 'A central element in cBrain’s new growth plan for 2026-2028 is to increase recent \nefforts to establish and execute a partnership strategy allowing corporation with \nexternal partners on selling products and delivering customer specific solutions. \nMeasures include providing methods, knowledge, and tools together with the F2 \nstandard platform and the ServiceBuilder with integrated AI-functions. Management \nis firmly committed to deliver on this, and a robust financial situation allows for the \nnecessary investments in the platform as well as in the framework for partners. \n', 'To maintain the lead cBrain continues to intensify and target investments in R&D and \nin positioning cBrain. Development also includes a strong focus on integrating AI into \nthe platform, including the Service builder. As cBrain began the development of the \nplatform more than 15 years ago, cBrain has a considerable advantage. \n', 'Jan 14, 2026\ncBrain signs partner agreement with Publica AI in Nigeria, \nsupporting international growth strategy \n', 'During 2025 an AI policy was implemented and all staff received training. \n'];5;5;4;14;392376000;Copenhagen;01/09/1999;;;
292;CBRAIN.CO;Cbrain A/S;Denmark;Denmark;OMX Nordic Exchange Copenhagen A/S;DK0060030286;529900E1K2W6SBYF8W02;;01/02/2006;22/02/2006;Technology;Software & Computer Services;Software;40.00.00;;;;166;ALL_COMPANIES/Cbrain A-S/cBrain_Annual_Report_2024.pdf;cBrain A/S;2024;0.0183060776177691;['From F2 version 12 F2 has a fully built-in F2 AI assistant helping case workers and \nmanagers with multiple tasks such as preparing the basis for decisions, speeches, and \nnew and providing overviews on complex materials, performing translation, etc. in a \nsecure environment. F2 also supports more advanced AI methods in case handling \nand thereby increases efficiency, quality, and speed. \n', ' \n \n12 ways  \nCOTS for Government \nHas Accelerated \nResponsible Use of AI \n \n', 'Since 2022, cBrain has invested heavily in organizational capacity and thereby gained \na strong foothold for executing the strategy. The launch of F2 Service Builder in June \n2023, the announcement of the integration of AI in August 2023, and the release of \nthe comprehensive version 12 of F2 have increased interest in the market thereby \nlowering the risk of failing to build the F2 eco-system. Still work to be done, but the \nwillingness to invest in the continued development of methods, tools, and \ncompetencies is extremely high, and top management is highly committed. \n', 'Mar 14, 2024\ncBrain releases first F2 standard module for government AI\n', 'Apr 24, 2024\ncBrain takes lead within AI for government\n', 'Aug 5, 2024\ncBrain Signs Contract on Ambitious AI Transformation Project \nin the UAE \n', ' AI and permitting climate \nsoftware is a door opener in the \nUS government market \n', 'In close collaboration with the Danish EPA, cBrain has built a COTS permitting solution \nthat utilizes AI to accelerate case processing. In June, the White House Council of \nEnvironmental Quality singled out cBrain in their report to the United States Congress on \neNEPA (Digital environmental permitting), and cBrain shared a panel with the CEQ \nPermitting Director at Denmark’s Sustainability Day during the United Nations General \nAssembly. \n'];5;4;4;13;340857000;Copenhagen;01/09/1999;;29500000.0;267781000.0
293;CBRAIN.CO;Cbrain A/S;Denmark;Denmark;OMX Nordic Exchange Copenhagen A/S;DK0060030286;529900E1K2W6SBYF8W02;;01/02/2006;22/02/2006;Technology;Software & Computer Services;Software;40.00.00;;;;165;ALL_COMPANIES/Cbrain A-S/cBrain_Annual_Report_2023.pdf;cBrain A/S;2023;0.0517523935482016;['During the summit cBrain presented F2 based solutions \nand Danish permitting best practises. This included \nfunctionality from self-service and process control \nto Artificial Intelligence (AI) that can accelerate the \npermitting processes.\n', 'cBrain has delivered the first AI \nfor Government projects\nDue to the unique F2 architecture, cBrain can offer \nAI functionality for government, which is difficult to \nachieve with today’s well-known general-purpose \nAI services. This includes using external services via \nconnectors, like ChatGPT or IBM WatsonX, or using \ninternal services, which are based on e.g., Llama2  \nand trained specifically for F2 usage.\n', 'This is essential to government usage of AI. F2 \ncan thereby offer AI usage that complies with \nlegislations and compliance restrictions. For \nexample data protection and GDPR, as well as in-\ndepth learning based on customer specific data, \nwhich will allow F2 to support customer specific \ncase processing.\n', 'During the autumn of 2023, cBrain delivered the first AI \nprojects. This includes projects for the Danish Ministry of \ndigital government and gender equality (Digitaliserings- \nog Ligestillingsministeriet) and the Danish Environmental \nProtection Agency (Miljøstyrelsen).\n', 'F2 Version 11 offers built-in Artificial Intelligence (AI) \nIn November 2023 cBrain released F2 Version 11. cBrain \nhas invested +40.000 hours into the new version, and \nthe new version of the standard software offers more \nthan 1.200 new functions and improvements. \n', 'In parallel, version 11 offers a number of new fully \nintegrated modules. The list of new modules includes \nF2 Service Builder version 2, a new tool for reporting \nand business intelligence called F2 Analytics, a new \nconcept for supporting document templates, as well as \na technical foundation for Artificial \nIntelligence (AI). \n', 'Based on AI foundation, cBrain can now offer a broad \nrange of AI functionality fully integrated with F2. During \n2024, cBrain plans to release a number of F2 based AI \nfunctions and modules, which have been specifically \ndesigned and built for government.\n', 'Mitigation\nSince 2022, cBrain has invested heavily in organizational \ncapacity and thereby gain a strong foothold for \nexecuting the strategy. The launch of F2 Service Builder \nin June 2023 and the announcement of integration of \nAI in August 2023 has increased interest in the market \nand thereby lowering the risk for failing building the F2 \neco-system. Still work to be done, but the willingness to \ninvest in continued development of methods, tools and \ncompetences is extremely high and top management is \nhighly committed.\n', 'Lisbeth Knudsen, Strategic Director at Mandag \nMorgen speaking at a cLounge event about AI in \npublic case management,  August 2023\n', 'cBrain announces AI for Government Initiative\n'];5;4;4;13;322693000;Copenhagen;01/09/1999;;25100000.0;239182000.0
294;CBRAIN.CO;Cbrain A/S;Denmark;Denmark;OMX Nordic Exchange Copenhagen A/S;DK0060030286;529900E1K2W6SBYF8W02;;01/02/2006;22/02/2006;Technology;Software & Computer Services;Software;40.00.00;;;;164;ALL_COMPANIES/Cbrain A-S/cBrain_Annual_Report_2022.pdf;cBrain A/S;2022;00.00;[];0;0;0;0;215851000;Copenhagen;01/09/1999;;24900000.0;187924000.0
295;CBRAIN.CO;Cbrain A/S;Denmark;Denmark;OMX Nordic Exchange Copenhagen A/S;DK0060030286;529900E1K2W6SBYF8W02;;01/02/2006;22/02/2006;Technology;Software & Computer Services;Software;40.00.00;;;;162;ALL_COMPANIES/Cbrain A-S/cBrain_Annual_Report_2021.pdf;cBrain A/S;2021;00.00;[];0;0;0;0;155100260;Copenhagen;01/09/1999;;21900000.0;154662000.0
296;CBRAIN.CO;Cbrain A/S;Denmark;Denmark;OMX Nordic Exchange Copenhagen A/S;DK0060030286;529900E1K2W6SBYF8W02;;01/02/2006;22/02/2006;Technology;Software & Computer Services;Software;40.00.00;;;;163;ALL_COMPANIES/Cbrain A-S/cBrain_Annual_Report_2020.pdf;cBrain A/S;2020;00.00;[];0;0;0;0;121026000;Copenhagen;01/09/1999;;;120119610.0
297;FYNBK.CO;Fynske Bank A/S;Denmark;Denmark;OMX Nordic Exchange Copenhagen A/S;DK0060520377;213800JF3JFF6MMR2P36;;12/10/2001;16/10/2001;Financials;Banks;Banks;40.00.00;;;;307;ALL_COMPANIES/Fynske Bank A-S/fynske-bank-aarsrapport-2025.pdf;Fynske Bank;2025;0.0063053027596208;['Algoritmer, nye teknologier m.v.\nFynske Bank anvender kunstig intelligens. Banken ønsker at \nbenytte AI-teknologi på en etisk forsvarlig måde til at effektivisere \nvores arbejdsprocesser. Banken sikrer, at medarbejderne får \noplæring og vejledning i, hvordan de skal bruge teknologien i \narbejdssammenhæng for at sikre, at medarbejderne har kompe\xad\ntencerne til at anvende teknologien på en ansvarlig og effektiv \nmåde. Banken vil løbende afsøge mulighederne for udvidelse af \nbankens anvendelse af kunstig intelligens.\n'];2;3;4;9;9803778000;Svendborg;20/12/2000;;;
298;FYNBK.CO;Fynske Bank A/S;Denmark;Denmark;OMX Nordic Exchange Copenhagen A/S;DK0060520377;213800JF3JFF6MMR2P36;;12/10/2001;16/10/2001;Financials;Banks;Banks;40.00.00;;;;306;ALL_COMPANIES/Fynske Bank A-S/fynske-bank-aarsrapport-2024.pdf;Fynske Bank;2024;0.0062625250501002;['Algoritmer, nye teknologier m.v.\nFynske Bank anvender kunstig intelligens i mindre omfang. Ban-\nken ønsker at benytte AI-teknologi på en etisk forsvarlig måde til \nat effektivisere vores arbejdsprocesser. Banken vil løbende afsøge \nmulighederne for udvidelse af bankens anvendelse af kunstig \nintelligens.\n'];2;1;1;4;8945824000;Svendborg;20/12/2000;;;
299;FYNBK.CO;Fynske Bank A/S;Denmark;Denmark;OMX Nordic Exchange Copenhagen A/S;DK0060520377;213800JF3JFF6MMR2P36;;12/10/2001;16/10/2001;Financials;Banks;Banks;40.00.00;;;;305;ALL_COMPANIES/Fynske Bank A-S/fynske-bank-aarsrapport-2023.pdf;Fynske Bank;2023;00.00;[];0;0;0;0;8774914000;Svendborg;20/12/2000;;;
300;FYNBK.CO;Fynske Bank A/S;Denmark;Denmark;OMX Nordic Exchange Copenhagen A/S;DK0060520377;213800JF3JFF6MMR2P36;;12/10/2001;16/10/2001;Financials;Banks;Banks;40.00.00;;;;303;ALL_COMPANIES/Fynske Bank A-S/fynske-bank-arsrapport-2022.pdf;Fynske Bank;2022;00.00;[];0;0;0;0;8328437000;Svendborg;20/12/2000;;;
301;FYNBK.CO;Fynske Bank A/S;Denmark;Denmark;OMX Nordic Exchange Copenhagen A/S;DK0060520377;213800JF3JFF6MMR2P36;;12/10/2001;16/10/2001;Financials;Banks;Banks;40.00.00;;;;304;ALL_COMPANIES/Fynske Bank A-S/fynske-bank-arsrapport-2021.pdf;Fynske Bank;2021;00.00;[];0;0;0;0;8146148000;Svendborg;20/12/2000;;;
302;FYNBK.CO;Fynske Bank A/S;Denmark;Denmark;OMX Nordic Exchange Copenhagen A/S;DK0060520377;213800JF3JFF6MMR2P36;;12/10/2001;16/10/2001;Financials;Banks;Banks;40.00.00;;;;308;ALL_COMPANIES/Fynske Bank A-S/arsrapport-2020_web.pdf;Fynske Bank;2020;00.00;[];0;0;0;0;7524846000;Svendborg;20/12/2000;;;
303;HHDC.CO;H+H International A/S;Denmark;Denmark;OMX Nordic Exchange Copenhagen A/S;DK0015202451;213800GJODT6FV8QM841;;17/06/1985;17/06/1985;Industrials;Construction and Materials;Building Materials: Other;41.00.00;;;;604;ALL_COMPANIES/H+H International A-S/hh_ar-2025.pdf;H+H International A/S;2025;0.0026274303730951;['•\t International top management \n•\t Production & sales in building industry\n•\t Supply chain management\n•\t Health & safety\n•\t Sustainability / ESG\n•\t HR and compliance\n•\t Finance and accounting\n•\t Enterprise risk management\n•\t IT, AI and cyber security management\n•\t Strategy development\n•\t Change management\n•\t M&A, divestments etc.\n•\t Investor relations and capital markets \n•\t Corporate governance\n', 'H+H’s Data Ethics Policy has as its overall objective to encourage \nand motivate all our employees to handle data with the utmost \ncare and respect and to follow our guiding principles on data use \nand ethics. We are committed to complying with all applicable \npersonal data protection laws. We run internal audit controls to \nsecure compliance with both information security and data protec-\ntion requirements, and all employees developing, purchasing or \notherwise working with technology and data science-based uses of \ndata must be informed about the data ethics principles. We do not \npurchase, sell or broker data or otherwise profit from separate data \ntransfers from or to third parties. We do not currently carry out data \nprocessing using artificial intelligence, such as machine learning, as \na natural part of our business. \n'];1;0;0;1;3473000000;Copenhagen;25/11/1966;1572.00.00;;2747000000.0
304;HHDC.CO;H+H International A/S;Denmark;Denmark;OMX Nordic Exchange Copenhagen A/S;DK0015202451;213800GJODT6FV8QM841;;17/06/1985;17/06/1985;Industrials;Construction and Materials;Building Materials: Other;41.00.00;;;;607;ALL_COMPANIES/H+H International A-S/annual-report-2024 (3).pdf;H+H International A/S;2024;0.0013214403700033;['•\t International top management \n•\t Production & sales in building industry\n•\t Supply chain management\n•\t Health & safety\n•\t Sustainability / ESG\n•\t HR and compliance\n•\t Finance and accounting\n•\t Enterprise risk management\n•\t IT, AI and cyber security management\n•\t Strategy development\n•\t Change management\n•\t M&A, divestments etc.\n•\t Investor relations and capital markets \n•\t Corporate governance\n', 'H+H’s Data Ethics Policy has as its overall objective to encourage and \nmotivate all our employees to handle data with the utmost care and \nrespect and to follow our guiding principles on data use and ethics. \nWe are committed to complying with all applicable personal data \nprotection laws. We run internal audit controls to secure compliance \nwith both information security and data protection requirements, \nand all employees developing, purchasing or otherwise working with \ntechnology and data science-based uses of data must be informed \nabout the data ethics principles. We do not purchase, sell or broker \ndata or otherwise profit from separate data transfers from or to third \nparties. We do not currently carry out data processing using artifi-\ncial intelligence, such as machine learning, as a natural part of our \nbusiness. \n'];1;0;0;1;3454000000;Copenhagen;25/11/1966;1619.00.00;;2672000000.0
305;HHDC.CO;H+H International A/S;Denmark;Denmark;OMX Nordic Exchange Copenhagen A/S;DK0015202451;213800GJODT6FV8QM841;;17/06/1985;17/06/1985;Industrials;Construction and Materials;Building Materials: Other;41.00.00;;;;605;ALL_COMPANIES/H+H International A-S/annual-report-2023 (5).pdf;H+H International A/S;2023;0.0028913851180407;"[""Collective board competences:\n•\t International top management \n•\t Production & sales in building industry \nwithin H+H's markets\n•\t Strategy development\n•\t M&A, divestments etc.\n•\t Change management\n•\t Production and H&S\n•\t Supply chain management\n•\t Sustainability / ESG\n•\t HR management and compliance\n•\t Finance and accounting\n•\t ERM\n•\t IT, AI and cyber security management\n•\t IR and capital markets \n•\t Corporate governance\n"", 'and all employees developing, purchasing or \notherwise working with technology and data \nscience-based uses of data must be informed \nabout the data ethics principles. We do not \npurchase, sell or broker data or otherwise \nprofit from separate data transfers from or \nto third parties. We do not currently carry out \ndata processing using artificial intelligence, \nsuch as machine learning, as a natural part of \nour business. \n']";1;0;0;1;3572000000;Copenhagen;25/11/1966;;;3604000000.0
306;HHDC.CO;H+H International A/S;Denmark;Denmark;OMX Nordic Exchange Copenhagen A/S;DK0015202451;213800GJODT6FV8QM841;;17/06/1985;17/06/1985;Industrials;Construction and Materials;Building Materials: Other;41.00.00;;;;606;ALL_COMPANIES/H+H International A-S/annual_report_2022.pdf;H+H International A/S;2022;0.0040624809571205;['Data Ethics Policy\nDuring 2022, we implemented a Data Ethics Policy. As \ndata becomes increasingly important in our society, it \nis key to define and establish rules and guidelines for \nthe collection, storage and use of data. We strive to \nensure a high and adequate level of data protection, \nas we recognise that privacy plays an important role \nin gaining and maintaining the trust of our employees, \ncustomers, suppliers, and other stakeholders. While \nwe do not process large quantities of personal data, \nwe acknowledge the importance of safeguarding such \ndata. We further acknowledge that the use of artificial \nintelligence may present some ethical dilemmas which \nneed to be managed appropriately.\n', 'We are committed to complying with all applicable \npersonal data protection laws, including section \n99d of the Danish Financial Statements Act. We run \ninternal audit controls to secure compliance with both \ninformation security and data protection requirements, \nand all employees developing, purchasing or otherwise \nworking with technology and data science-based \nuses of data must be informed about the data-ethics \nprinciples. We do not purchase, sell or broker data or \notherwise profit from separate data transfers from \nor to third parties. We do not currently carry out \ndata processing using artificial intelligence, such as \nmachine learning, as a natural part of our business. \nPotential future uses relate to production and logistics \noptimisation as well as marketing automation.\n'];2;0;0;2;3400000000;Copenhagen;25/11/1966;;;3020000000.0
307;HHDC.CO;H+H International A/S;Denmark;Denmark;OMX Nordic Exchange Copenhagen A/S;DK0015202451;213800GJODT6FV8QM841;;17/06/1985;17/06/1985;Industrials;Construction and Materials;Building Materials: Other;41.00.00;;;;603;ALL_COMPANIES/H+H International A-S/hh-international-as2021-annual-report.pdf;H+H International A/S;2021;0.0036154597057015;['Data Ethics Policy\nDuring 2021 we implemented a Data Ethics Policy. As \ndata becomes increasingly important in our society, \nit is key to define and establish rules and guidelines \nfor the collection, storage and use of data. We strive \nto ensure a high and adequate level of data protection, \nas we recognise that privacy plays an important role \nin gaining and maintaining the trust of our employees, \ncustomers, suppliers, and other stakeholders. While \nwe do not process large quantities of personal data, \nwe acknowledge the importance of safeguarding such \ndata. We further acknowledge that the use of artificial \nintelligence may present some ethical dilemmas which \nneed to be managed appropriately.\n', 'We are committed to complying with all applicable personal \ndata protection laws, including the Danish Financial \nStatements Act §99d. We run internal audit controls to \nsecure compliance with both information security and data \nprotection requirements, and all employees developing, \npurchasing or otherwise working with technology and \ndata-science based uses of data shall be informed about \nthe data-ethics principles. We do not purchase, sell \nor broker data or otherwise profit from separate data \ntransfers from or to third parties. We do not currently \ncarry out data processing using artificial intelligence, \nsuch as machine learning, as a natural part of our \nbusiness. Potential future uses relate to production and \nlogistics optimisation as well as marketing automation.\n'];1;0;0;1;2909000000;Copenhagen;25/11/1966;;;2654000000.0
308;HHDC.CO;H+H International A/S;Denmark;Denmark;OMX Nordic Exchange Copenhagen A/S;DK0015202451;213800GJODT6FV8QM841;;17/06/1985;17/06/1985;Industrials;Construction and Materials;Building Materials: Other;41.00.00;;;;608;ALL_COMPANIES/H+H International A-S/hh-international-asannual-report-2020.pdf;H+H International A/S;2020;00.00;[];0;0;0;0;2716000000;Copenhagen;25/11/1966;;;2840000000.0
309;SOLARb.CO;Solar A/S;Denmark;Denmark;OMX Nordic Exchange Copenhagen A/S;DK0010274844;21380031XTLI9X5MTY92;;01/01/1953;09/09/1985;Industrials;Electronic and Electrical Equipment;Electronic Equipment: Other;42.00.00;;;;444;ALL_COMPANIES/Solar A-S/solar-annual-report-2025.pdf;Solar A/S;2025;0.007389344565137;['Solar is advancing digital leadership with a new search \nengine to boost product discovery and conversion, and \na next-gen e-commerce platform launching in H1 2026. \nThese AI-driven initiatives, aligned with our Solve \nstrategy, enhance customer experience and enable \nrapid market adaptation.\n', 'advanced customer insight and AI-based micro-\nsegmentation to identify up- and cross-selling \nopportunities, with the aim of increasing share-of-wallet \nand optimising our cost-to-serve through further \ndigitalisation of customer interactions.\n', 'Investments in AI- and data platforms enable us to \ncommercialise our customer insight, e.g. by identifying \nhigh potential Climate & Energy prospects to focus our \nsales efforts and improve win rates. As this identification \ntool can be applied to other products and customer \nsegments, it will be rolled out in 2026 across our sales \norganisations.\n', '\t\n●CED of Lady Invest ApS.\n\t\n●BSc in business administration and commercial \nlaw, 2006, and MSc in finance and strategic \nmanagement, 2008.\n\t\n●Member of the boards of directors of NTG Nordic \nTransport Group A/S, FERM LIVING ApS, \nSkako A/S, Rekom Group Holding ApS and \ntwo associated companies hereof.\n\t\n●Possesses experience as CEO and member of \nexecutive committees of listed and family-owned \ncompanies. Has experience within strategy, M&A, \norganisational development, and company \nturnarounds. In addition, expertise within tech, \ninnovation, digitisation, data/AI/ML and cyber \nsecurity.\n\t\n●Remuneration 2025: DKK 470,000.\n\t\n●Holds 381 Solar B shares. Did not trade Solar \nshares in 2025.\n', 'SD of 17 March Gesellschaft für \nVermögensverwaltung mbH\nHRB 16642 KI\n€\n25,000\nDE\n', 'SD of 16 March Gesellschaft für \nVermögensverwaltung mbH\nHRB 16638 KI\n€\n2,556,500\nDE\n', 'SD of 16 March\nImmobilienverwaltung GmbH\nHRB 16616 KI\n€\n25,000\nDE\n'];4;4;2;10;6108000000;Vejen;25/03/1955;2990.00.00;;12223000000.0
310;SOLARb.CO;Solar A/S;Denmark;Denmark;OMX Nordic Exchange Copenhagen A/S;DK0010274844;21380031XTLI9X5MTY92;;01/01/1953;09/09/1985;Industrials;Electronic and Electrical Equipment;Electronic Equipment: Other;42.00.00;;;;443;ALL_COMPANIES/Solar A-S/solar-annual-report-2024.pdf;Solar A/S;2024;0.004566366428074;['\t\n●CED of Lady Invest ApS and It’s a club ApS.\n\t\n●BSc in business administration and commercial \nlaw, 2006, and MSc in finance and strategic \nmanagement, 2008.\n\t\n●Member of the boards of directors of Rekom \nGroup Holding ApS, Rekom Group A/S, CC Mist \nNEW Holding II ApS, CC Fly Holding II A/S, CC \nGlobe Holding I ApS, CC Globe Holding II A/S, \nFERM LIV- ING ApS, NTG Nordic Transport Group \nA/S, Skako A/S and two subsidiaries hereof.\n\t\n●Possesses experience as CEO and member of \nexecutive committees of listed and family-owned \ncompanies. Has experience within strategy, M&A, \norganisational development, and company \nturnarounds. In addition, expertise within tech, \ninnovation, digitisation, data/AI/ML and cyber \nsecurity.\n\t\n●Remuneration 2024: DKK 417,500.\n\t\n●Holds 381 Solar B shares. Did not trade Solar \nshares in 2024.\n', 'SD of 17 March Gesellschaft für \nVermögensverwaltung mbH\nHRB 16642 KI\n€\n25,000\nDE\n', 'SD of 16 March Gesellschaft für \nVermögensverwaltung mbH\nHRB 16638 KI\n€\n2,556,500\nDE\n', 'SD of 16 March\nImmobilienverwaltung GmbH\nHRB 16616 KI\n€\n25,000\nDE\n'];0;0;0;0;6112000000;Vejen;25/03/1955;3043.00.00;;13031000000.0
311;SOLARb.CO;Solar A/S;Denmark;Denmark;OMX Nordic Exchange Copenhagen A/S;DK0010274844;21380031XTLI9X5MTY92;;01/01/1953;09/09/1985;Industrials;Electronic and Electrical Equipment;Electronic Equipment: Other;42.00.00;;;;445;ALL_COMPANIES/Solar A-S/solar-annual-report-2023.pdf;Solar A/S;2023;0.0072892938496583;['• CED of Lady Invest ApS and It’s a club ApS.\n• \x07BSc in business administration and commercial \nlaw, 2006, and MSc in finance and strategic \nmanagement, 2008.\n• \x07Member of the boards of directors of Rekom Group \nHolding ApS, Rekom Group A/S, CC Mist NEW \nHolding II ApS, CC Fly Holding II A/S, CC Globe \nHolding I ApS, CC Globe Holding II A/S, FERM LIV\xad\nING ApS, NTG Nordic Transport Group A/S, Skako \nA/S and two subsidiaries hereof.\n• \x07Possesses experience as CEO and member of \nexecutive committees of listed and family-owned \ncompanies. Has experience within strategy, M&A, \norganisational development, and company turn\xad\narounds. In addition, expertise within tech, innova\xad\ntion, digitisation, data/AI/ML and cyber security.\n• Remuneration 2023: DKK 425,000.\n• \x07Holds 381 Solar B shares. Did not trade Solar shares \nin 2023.\n', '     SD of 17 March Gesellschaft für \n     Vermögensverwaltung mbH\nHRB 16642 KI\n€\n25,000\nDE\n', '     SD of 16 March Gesellschaft für \n     Vermögensverwaltung mbH\nHRB 16638 KI\n€\n2,556,500\nDE\n', '     SD of 16 March   \n     Immobilienverwaltung GmbH\nHRB 16616 KI\n€\n25,000\nDE\n'];1;1;1;3;5901000000;Vejen;25/03/1955;2936.00.00;;13863000000.0
312;SOLARb.CO;Solar A/S;Denmark;Denmark;OMX Nordic Exchange Copenhagen A/S;DK0010274844;21380031XTLI9X5MTY92;;01/01/1953;09/09/1985;Industrials;Electronic and Electrical Equipment;Electronic Equipment: Other;42.00.00;;;;446;ALL_COMPANIES/Solar A-S/no.-1-2023-annual-report-2022.pdf;Solar A/S;2022;0.0071778491574999;['• CED of Lady Invest ApS and It’s a club ApS.\n• \x07BSc in business administration and commercial  \nlaw, 2006, and MSc in finance and strategic  \nmanagement, 2008.\n• \x07Member of the boards of directors of Rekom Group \nHolding ApS, Rekom Group A/S, CC Mist NEW Hold-\ning II ApS, CC Fly Holding II A/S, CC Globe Holding \nI ApS, CC Globe Holding II A/S, FERM LIVING ApS, \nSkako A/S and two subsidiaries hereof.\n• \x07Possesses experience as CEO and member of \nexecutive committees of listed and family-owned \ncompanies. Has experience within strategy, M&A, \nand organisational development, and company \nturnarounds. In addition, expertise within tech, inno-\nvation, digitisation, data/AI/ML and cyber security.\n• \x07Remuneration 2022: DKK 411,250.\n• \x07Holds 381 Solar B shares. Did not trade Solar shares \nin 2022.\n', '     SD of 17 March Gesellschaft für  \n     Vermögensverwaltung mbH\nHRB 16642 KI\n€\n25,000\nDE\n', '     SD of 16 March Gesellschaft für  \n     Vermögensverwaltung mbH\nHRB 16638 KI\n€\n2,556,500\nDE\n', '     SD of 16 March   \n     Immobilienverwaltung GmbH\nHRB 16616 KI\n€\n25,000\nDE\n'];1;1;1;3;5305000000;Vejen;25/03/1955;2864.00.00;;12354000000.0
313;SOLARb.CO;Solar A/S;Denmark;Denmark;OMX Nordic Exchange Copenhagen A/S;DK0010274844;21380031XTLI9X5MTY92;;01/01/1953;09/09/1985;Industrials;Electronic and Electrical Equipment;Electronic Equipment: Other;42.00.00;;;;447;ALL_COMPANIES/Solar A-S/no.-2-2022-annual-report-2021.pdf;Solar A/S;2021;0.0077436840576904;['• CED of Lady Invest ApS.\n• \x07BSc in business administration and commercial law, 2006, \nand MSc in finance and strategic management, 2008.\n• \x07Member of the boards of directors of REKOM A/S, CC Fly \nHolding I ApS, CC Fly Holding II A/S, CC Globe Holding I \nApS, CC Globe Holding II A/S, Skako A/S and two subsi- \ndiaries hereof. \n• \x07Possesses experience as CEO and member of executive \ncommitees of listed and family owned companies. Has \nexperience within strategy, M&A, and organisational \ndevelopment, and company turn arounds. In addition \nexpertise within tech, innovation, digitisation, data/AI/ML \nand cyber security.\n• Remuneration 2021: DKK 393,750.\n• \x07Holds 381 Solar B shares. Did not trade Solar shares in \n2021. \n', '          SD of 17 March Gesellschaft für  \n          Vermögensverwaltung mbH\nHRB 16642 KI\n€\n25,000\nDE\n', '          SD of 16 March Gesellschaft für  \n          Vermögensverwaltung mbH\nHRB 16638 KI\n€\n2,556,500\nDE\n', '          SD of 16 March     \n          Immobilienverwaltung GmbH\nHRB 16616 KI\n€\n25,000\nDE\n'];0;0;0;0;4607000000;Vejen;25/03/1955;3041.00.00;;11465000000.0
314;SOLARb.CO;Solar A/S;Denmark;Denmark;OMX Nordic Exchange Copenhagen A/S;DK0010274844;21380031XTLI9X5MTY92;;01/01/1953;09/09/1985;Industrials;Electronic and Electrical Equipment;Electronic Equipment: Other;42.00.00;;;;448;ALL_COMPANIES/Solar A-S/no.-2-2021-annual-report-2020.pdf;Solar A/S;2020;0.0073122132241376;['• CED of Lady Invest ApS.\n• \x07BSc in business administration and \ncommercial law, 2006, and MSc in \nfinance and strategic management, \n2008.\n• \x07Member of the boards of directors \nof REKOM A/S, CC Fly Holding \nI ApS, CC Fly Holding II A/S, CC \nGlobe Holding I ApS, CC Globe \nHolding II A/S, Skako A/S and two \nsubsidiaries hereof. \n• \x07Possesses experience as CEO and \nmember of executive committees \nwith developing strategies and \ncompanies both nationally and \ninternationally. Expertise within \ntechnologically-driven innovation, \ndigitalization, data/AI/ML and \ncyber security.\n• Remuneration 2020: DKK 393,750.\n• \x07Holds 381 Solar B shares. Did not \ntrade Solar shares in 2020. \n', '          SD of 17 March Gesellschaft für \n          Vermögensverwaltung mbH\nHRB 16642 KI\n€\n25,000\nDE\n', '          SD of 16 March Gesellschaft für \n          Vermögensverwaltung mbH\nHRB 16638 KI\n€\n2,556,500\nDE\n', '          SD of 16 March     \n          Immobilienverwaltung GmbH\nHRB 16616 KI\n€\n25,000\nDE\n'];0;0;0;0;4990000000;Vejen;25/03/1955;;;11679000000.0
315;KRE.CO;Kreditbanken A/S;Denmark;Denmark;OMX Nordic Exchange Copenhagen A/S;DK0010253764;529900AVGYYBVL1VNQ03;;02/01/1985;02/01/1985;Financials;Banks;Banks;42.00.00;;;;595;ALL_COMPANIES/Kreditbanken A-S/21_aarsrapport-2026.pdf;Kreditbanken;2025;0.0031886738305538;['• vil forsikre sig mod relevante risici, herunder operatio-\nnelle risici, som kan påføre banken tab. Forsikringsaf-\ndækningen skal dog optimeres under hensyntagen til de \nomkostninger der er forbundet med den. Hvis banken \nfravælger at forsikre sig mod væsentlige relevante risici, \nhar bankens direktør ansvaret for, at det vurderes, om ri-\nsiciene afdækkes alternativt – f.eks. ved at tilpasse for-\nretningsgange og øget kontrol \n \n• vil drive banken på grundlag af en forretningsmodel, der \nhar en lav, residual risiko for at kunne misbruges til hvid-\nvask og finansiering af terrorisme \n \n• vil i så høj grad som muligt outsource udviklingen, driften \nog vedligeholdelsen af it-løsninger \n \n• vil sammen med Bankdata, når det er muligt og forsvar-\nligt, anvende machine-learning, kunstig intelligens, algo-\nritmer og andre teknologier for at udvikle og optimere \nprocesser og/eller forbedre kundeoplevelsen \n \n• vil identificere alle væsentlige it-risici, så de kan forebyg-\nges, overvåges og rapporteres med henblik på at mini-\nmeres \n \n• vil fokusere på en etisk omgang med data – bl.a. på \ngrundlag af en politik om dataetik. \n \nPolitikker og beredskabsplaner \nPå alle lovkrævede og af bestyrelsen fastsatte områder vil \nbanken understøtte sin forretningsmodel med politikker og \nberedskabsplaner, der er godkendt af eller forelagt besty-\nrelsen. Politikkerne skal indeholde bl.a. bankens strategi-\nske profil. \n \nFravalg \nKreditbanken \n \n• har fravalgt at gennemføre selvstændige forsknings- og \nudviklingsaktiviteter, idet disse er henlagt til bankens le-\nverandører og samarbejdspartnere. Banken, der således \nhar fravalgt at være first-mover, ønsker ikke at påføre sig \nde risici, herunder operationelle risici, som kan være for-\nbundet med egen forskning og udvikling \n \n• vil indtil videre ikke være aktiv deltager på de sociale \nmedier. De sociale medier vurderes at kunne kompromit-\ntere/udfordre den enkelte medarbejders integritet.  \n \nRelationer til omverdenen \nKreditbanken vil prioritere og fokusere på at være bære-\ndygtig i forhold til den omverden, banken er en del af. \n \n \n \n \n \n \n \n \n \n'];4;3;2;9;6782788000;Aabenraa;07/05/1926;;;
316;KRE.CO;Kreditbanken A/S;Denmark;Denmark;OMX Nordic Exchange Copenhagen A/S;DK0010253764;529900AVGYYBVL1VNQ03;;02/01/1985;02/01/1985;Financials;Banks;Banks;42.00.00;;;;591;ALL_COMPANIES/Kreditbanken A-S/2-meddelelse-2025.pdf;Kreditbanken;2024;0.003064946210194;['• vil forsikre sig mod relevante risici, herunder operatio-\nnelle risici, som kan påføre banken tab. Forsikringsaf-\ndækningen skal dog optimeres under hensyntagen til de \nomkostninger der er forbundet med den. Hvis banken \nfravælger at forsikre sig mod væsentlige relevante risici, \nhar bankens direktør ansvaret for, at det vurderes, om ri-\nsiciene afdækkes alternativt – f.eks. ved at tilpasse for-\nretningsgange og øget kontrol \n \n• vil drive banken på grundlag af en forretningsmodel, der \nhar en lav, residual risiko for at kunne misbruges til hvid-\nvask og finansiering af terrorisme \n \n• vil i så høj grad som muligt outsource udviklingen, driften \nog vedligeholdelsen af it-løsninger \n \n• vil sammen med Bankdata, når det er muligt og forsvar-\nligt, anvende machine-learning, kunstig intelligens, algo-\nritmer og andre teknologier for at udvikle og optimere \nprocesser og/eller forbedre kundeoplevelsen \n \n• vil identificere alle væsentlige it-risici, så de kan forebyg-\nges, overvåges og rapporteres med henblik på at mini-\nmeres \n \n• vil fokusere på en etisk omgang med data – bl.a. på \ngrundlag af en politik om dataetik. \n \nPolitikker og beredskabsplaner \nPå alle lovkrævede og af bestyrelsen fastsatte områder vil \nbanken understøtte sin forretningsmodel med politikker og \nberedskabsplaner, der er godkendt af eller forelagt besty-\nrelsen. Politikkerne skal indeholde bl.a. bankens strategi-\nske profil. \n \nFravalg \nKreditbanken \n \n• har fravalgt at gennemføre selvstændige forsknings- og \nudviklingsaktiviteter, idet disse er henlagt til bankens le-\nverandører og samarbejdspartnere. Banken, der således \nhar fravalgt at være first-mover, ønsker ikke at påføre sig \nde risici, herunder operationelle risici, som kan være for-\nbundet med egen forskning og udvikling \n \n• vil indtil videre ikke være aktiv deltager på de sociale \nmedier. De sociale medier vurderes at kunne kompromit-\ntere/udfordre den enkelte medarbejders integritet.  \n \nRelationer til omverdenen \nKreditbanken vil prioritere og fokusere på at være bære-\ndygtig i forhold til den omverden, banken er en del af. \n \n \n \n \n \n \n \n \n \n'];4;3;2;9;5938424000;Aabenraa;07/05/1926;;;
317;KRE.CO;Kreditbanken A/S;Denmark;Denmark;OMX Nordic Exchange Copenhagen A/S;DK0010253764;529900AVGYYBVL1VNQ03;;02/01/1985;02/01/1985;Financials;Banks;Banks;42.00.00;;;;596;ALL_COMPANIES/Kreditbanken A-S/2-aarsrapport-2023.pdf;Kreditbanken;2023;0.003008966720828;['Forsvarlig etisk brug af data ved yderligere digitalisering \nSom et led i bankens forretningsudvikling og digitalisering \nanvender banken relevant teknologi. Et af de overordnede \nmål med at anvende relevant teknologi er at kunne for\xad\nbedre kundeoplevelsen. Et andet er at udvikle bankens \nkonkurrencekraft i takt med de digitale og teknologiske \nmuligheder udvikles.  \n \nBanken kan anvende machine-learning, kunstig intelligens, \nalgoritmer og andre teknologier for at udvikle og optimere \nadministrationsprocesser, for at nedbringe ekspeditionsti\xad\nder og for generelt at forbedre kundeoplevelsen – eksem\xad\npelvis i udviklingen af selvbetjeningsløsninger til kunderne.  \n \nVed brug af teknologi og yderligere digitalisering skal poli\xad\ntikken guide banken til en bæredygtig og ansvarlig brug af \ndata.    \n \nBanken deltager i samarbejder, der kan bidrage positivt til \nudviklingen af dataetik i samfundet og i pengeinstitutbran\xad\nchen. I den sammenhæng er banken tilhænger af åben\xad\nhed og transparens i relation til de løbende udfordringer \nsom håndtering af persondata kan medføre, så virksomhe\xad\nder, organisationer og myndigheder kan lære af hinandens \nerfaringer. \n \nOverholde gældende lovgivning og regler \nKreditbanken har en bred berøringsflade til omverdenen. \nDerfor skal banken være sig bevidst om at have et bredt \nansvar for etisk korrekt databehandling. \n \nAnvendte it-systemer skal til hver en tid stemme overens \nmed lovgivningen. Således skal it-systemer eksempelvis \nudvikles med indbygget beskyttelse af persondata (Privacy \nby design). \n \nSom en del af den finansielle sektor handler bankens brug \naf data også meget om teknik, men har i høj grad samtidig \njuridiske og samfundsmæssige implikationer i forhold til \nden virkelighed, som banken indgår i. Derfor samarbejder \nbanken med myndighederne og lever op til forpligtigelser \nom at stille data til rådighed, når myndighederne anmoder \nbanken herom.  \n \nBanken samarbejder også med myndighederne i forhold til \nat forebygge hvidvask og anden økonomisk kriminalitet. I \nden sammenhæng vil banken på et lovligt grundlag videre\xad\ngive/indberette relevante oplysninger. \n \nTredjeparters databehandling \nBanken skal i samarbejdet med tredjeparter – f.eks. den \nvalgte datacentral, pensionsselskaber, forsikringsselska\xad\nber, realkreditinstitutter drage omsorg for, at tredjeparter i \nlige så høj grad værner om kundernes data, som banken \nselv gør. \n \nUddannelse og awareness \nPolitikken forpligter alle i banken. Banken skal derfor priori\xad\ntere og gennemføre uddannelse og awareness, så at alle \nmedarbejdere er velinformerede om og evner at eksekvere \npå dataetik, datasikkerhed og korrekt omgang med per\xad\nsondata. \n'];3;2;2;7;5399964000;Aabenraa;07/05/1926;;;
318;KRE.CO;Kreditbanken A/S;Denmark;Denmark;OMX Nordic Exchange Copenhagen A/S;DK0010253764;529900AVGYYBVL1VNQ03;;02/01/1985;02/01/1985;Financials;Banks;Banks;42.00.00;;;;593;ALL_COMPANIES/Kreditbanken A-S/3_ýrsrapport-2023.pdf;Kreditbanken;2022;0.0030870867162658;['Forsvarlig etisk brug af data ved yderligere digitalisering \nSom et led i bankens forretningsudvikling og digitalisering \nanvender banken relevant teknologi. Et af de overordnede \nmål med at anvende relevant teknologi er at kunne for\xad\nbedre kundeoplevelsen. Et andet er at udvikle bankens \nkonkurrencekraft i takt med de digitale og teknologiske \nmuligheder udvikles.  \n\xa0 \nBanken kan anvende machine-learning, kunstig intelligens, \nalgoritmer og andre teknologier for at udvikle og optimere \nadministrationsprocesser, for at nedbringe ekspeditionsti\xad\nder og for generelt at forbedre kundeoplevelsen – eksem\xad\npelvis i udviklingen af selvbetjeningsløsninger til kunderne.  \nVed brug af teknologi og yderligere digitalisering skal poli\xad\ntikken guide banken til en bæredygtig og ansvarlig brug af \ndata.\xa0\xa0  \n\xa0 \nBanken deltager i samarbejder, der kan bidrage positivt til \nudviklingen af dataetik i samfundet og i pengeinstitutbran\xad\nchen. I den sammenhæng er banken tilhænger af åben\xad\nhed og transparens i relation til de løbende udfordringer \nsom håndtering af persondata kan medføre, så virksomhe\xad\nder, organisationer og myndigheder kan lære af hinandens \nerfaringer. \n \nOverholde gældende lovgivning og regler \nKreditbanken har en bred berøringsflade til omverdenen. \nDerfor skal banken være sig bevidst om at have et bredt \nansvar for etisk korrekt databehandling. \n\xa0 \nAnvendte it-systemer skal til hver en tid stemme overens \nmed lovgivningen. Således skal it-systemer eksempelvis \nudvikles med indbygget beskyttelse af persondata (Privacy \nby design). \n\xa0 \nSom en del af den finansielle sektor handler bankens brug \naf data også meget om teknik, men har i høj grad samtidig \njuridiske og samfundsmæssige implikationer i forhold til \nden virkelighed, som banken indgår i. Derfor samarbejder \nbanken med myndighederne og lever op til forpligtigelser \nom at stille data til rådighed, når myndighederne anmoder \nbanken herom.  \n\xa0 \nBanken samarbejder også med myndighederne i forhold til \nat forebygge hvidvask og anden økonomisk kriminalitet. I \nden sammenhæng vil banken på et lovligt grundlag videre\xad\ngive/indberette relevante oplysninger. \n \nTredjeparters databehandling \nBanken skal i samarbejdet med tredjeparter – f.eks. den \nvalgte datacentral, pensionsselskaber, forsikringsselska\xad\nber, realkreditinstitutter drage omsorg for, at tredjeparter i \nlige så høj grad værner om kundernes data, som banken \nselv gør. \n \nUddannelse og awareness \nPolitikken forpligter alle i banken. Banken skal derfor priori\xad\ntere og gennemføre uddannelse og awareness, så at alle \nmedarbejdere er velinformerede om og evner at eksekvere \npå dataetik, datasikkerhed og korrekt omgang med per\xad\nsondata. \n \n'];3;2;2;7;5101409000;Aabenraa;07/05/1926;;;
319;KRE.CO;Kreditbanken A/S;Denmark;Denmark;OMX Nordic Exchange Copenhagen A/S;DK0010253764;529900AVGYYBVL1VNQ03;;02/01/1985;02/01/1985;Financials;Banks;Banks;42.00.00;;;;594;ALL_COMPANIES/Kreditbanken A-S/590b2679-5a08-407b-9f06-3db4314d9adc.pdf;Kreditbanken;2021;0.0030285593143341;['godeses i udviklingen af teknologiske løsninger. Systemde\xad\nsignet skal med andre ord skabe et lige og værdigt funda- \nment for alle. \n \nKreditbankens dataetiske arbejde på en række  \nvæsentlige områder \nBanken indsamler og opbevarer store mængder af data, \nherunder personoplysninger. Alle bankens medarbejdere \nskal være bevidst om det betydelige ansvar, der er forbun\xad\ndet hermed, så der altid er tillid til og kan være tillid til, at \nbanken håndterer og anvender data på en ansvarlig måde.  \n  \nTransparent anvendelse af data \nBanken vil kun indsamle og opbevare data, som er nød\xad\nvendige, og som banken lovligt kan behandle. Banken skal \naltid sikre, at indsamlingen af data, der er personhenfør\xad\nbare, sker på et lovligt grundlag – f.eks. i henhold til lovgiv\xad\nningen eller på baggrund af aftale med eller samtykke fra \nen kunde. \n \nI sin dataindsamling vil banken lægge vægt på, at indsam\xad\nlingen af data er gennemskuelig og gennemsigtig. Banken \nskal fokusere på alene at anvende data, der er  \n \n• indsamlet direkte fra bankens kunder eller fra personer, \nder handler på vegne af bankens kunder \n• fra valide kilder, som kunderne orienteres om, vil indgå i \ndataindsamlingen offentligt tilgængelige i de tilfælde, \nhvor anvendelsen er transparent og direkte i kundernes \ninteresse. \n \nEn transparent dataanvendelse skal bidrage til, at banken \nbevarer kundernes tillid og tilfredshed, og til enhver tid be\xad\nhandler data med respekt og på den mest retvisende \nmåde. \n \nData, der kan fremme kundernes interesse og mulige valg \naf løsninger \nBankens processer er bl.a. baseret på relevante, valide og \naktuelle data, der bedst muligt kan understøtte rådgivning \nog betjening af kunder og medvirke til at fremme god kun\xad\nderådgivning.  \n \nBanken inddrager og anvender data i det omfang, at det \nkan medvirke til individuelt tilpasset rådgivning og mere \npræcise og relevante beregninger – f.eks. i rådgivningen om \nlån og kreditter, bolig og pensionsopsparing. Men data ind\xad\ndrages også i andre relevante situationer, der kan fremme \nkundernes interesse f.eks. i udredning af svindelsager. \n \nForsvarlig etisk brug af data ved yderligere digitalisering \nSom et led i bankens forretningsudvikling og digitalisering \nanvender banken relevant teknologi. Et af de overordnede \nmål med at anvende relevant teknologi er at kunne for\xad\nbedre kundeoplevelsen. Et andet er at udvikle bankens \nkonkurrencekraft i takt med de digitale og teknologiske \nmuligheder udvikles.  \n \nBanken kan anvende machine-learning, kunstig intelligens, \nalgoritmer og andre teknologier for at udvikle og optimere \nadministrationsprocesser, for at nedbringe ekspeditionsti\xad\n'];2;2;1;5;4643216000;Aabenraa;07/05/1926;;;
320;KRE.CO;Kreditbanken A/S;Denmark;Denmark;OMX Nordic Exchange Copenhagen A/S;DK0010253764;529900AVGYYBVL1VNQ03;;02/01/1985;02/01/1985;Financials;Banks;Banks;42.00.00;;;;592;ALL_COMPANIES/Kreditbanken A-S/db1334a8-ec0e-4802-b15b-383f0db5f9b9.pdf;Kreditbanken;2020;00.00;[];0;0;0;0;4106884000;Aabenraa;07/05/1926;;;
321;COLUM.CO;Columbus A/S;Denmark;Denmark;OMX Nordic Exchange Copenhagen A/S;DK0010268366;213800WP2W676G7HLJ94;;15/05/1998;18/05/1998;Technology;Software & Computer Services;Computer Services;43.00.00;;;;5;ALL_COMPANIES/Columbus A-S/columbus-annual-report-2025.pdf;Columbus A/S;2025;0.1530989335867384;"['20\t\nTurning AI ambition into business impact\n', 'Cloud Services\u2002 ●\u2002 Cybersecurity\u2002 ●\u2002 Data & AI ●\u2002 Digital Commerce\u2002 ● \nEnterprise Information Management ●\u2002 Finance and Supply Chain ● \nIntelligent Business Proocess Automation & Apps ●\u2002 Managed Services ● \nSales, Marketing, Customer & Field Service\u2002 ●\u2002 Transformation strategy \n', 'Across Business Lines, traditional ERP project \nactivity declined, reflecting continued customer \ncaution. This was partly offset by a positive perfor-\nmance in strategic Business Lines such as Data & \nAI and Digital Commerce. Capacity adjustments \nand a continued focus on profitable engagements \nsupported margin stability and reinforced the \nresilience of the overall business model.\n', 'AI as a practical growth enabler\nIn 2025, Columbus strengthened its agenda with \na clear focus on practical, business-relevant \noutcomes. The company achieved the Microsoft \nAzure AI Platform Specialization and maintained \nmembership in the Microsoft Inner Circle for AI \nBusiness Solutions, positioning it among the top \nglobal partners for AI innovation.\n', 'AI was applied to automate processes, enhance \ndata-driven decision-making and improve service \ndelivery. Concrete use cases included AI-assisted \nproposal quality assurance, automated customer \nresponse workflows and AI extensions embedded \nin core ERP platforms such as Microsoft Business \nCentral. This work is anchored through strength-\nened AI leadership under Magnus Oxenwaldt, Vice \nPresient Group AI supporting a disciplined transi-\ntion from experimentation to scalable AI adoption \nacross the business. \n', '20\t\nTurning AI ambition into business impact\n', 'Market with strong structural growth\nThe IT consulting market is expanding rapidly, \ndriven by cloud adoption, AI, automation, and \n', 'Point solutions enable end-to-end transformation\nWe work with specialised partners in e-com-\nmerce, AI & data management, security, document \nmanagement, and customer loyalty, enabling us to \ndeliver end-to-end digital transformation and early \naccess to innovation. \n', 'Positioned for AI-driven \ndemand acceleration\n5.\n', 'AI is set to drive the next decade of IT consulting \ndemand, following the cloud migration wave. \nColumbus is uniquely positioned to capture this \nopportunity.\n', 'Deep insight into tech backbone\nHaving spent the past decade transforming our \ncustomers’ digital backbones in the cloud, we have \ndeep insight into their operations, risks, and poten-\ntial for AI-driven value creation.\n', 'From experimentation to integration\nOur close partnerships with AI technology leaders \nand expertise in enterprise-grade AI allow us to \nhelp customers move from experimentation to \ntangible business outcomes through an integrated \napproach.\n', 'Significant value upside\nWe invest to help customers mature from personal \nAI productivity gains, through functional process \nautomation, to autonomous “agentic” capabili-\nties—unlocking new value. This generates value \nupside for both customers and shareholders.  \n', 'Our services enhance the entire value chain, from procurement to post-\xad\npurchase, improving efficiency, automating tasks, and ensuring compliance. \nBy enabling our customers to become data-driven, we facilitate better \ndecision-making through advanced data, AI, and Machine Learning (ML) \nservices. Our standardised services and unified methodology ensure \nconsistency and quality, delivering tailored technology solutions aligned \nwith best practices. \n', 'Data & AI\n', 'Together we employ core data to create \nbusiness value and drive innovation\nBeing data-driven enables businesses to make \nsmarter choices, stay ahead of the curve, and \ncreate value for customers and stakeholders. \nBy analysing data, businesses can make more \ninformed choices about strategy and opera-\ntions. We offer end-to-end data and AI solutions, \ncombining global consulting capabilities to guide \nbusinesses in shaping their data strategy and \ncreating business value. \n', '•\t Together with customers, we develop a data \ndriven culture, robust data strategies and clear \nroadmaps covering objectives, processes and \npeople\n•\t Together with customers, we identify and imple-\nment technologies that solve process issues, \nbusiness challenges and boost efficiency and \ngrowth within months\n•\t Together with customers, we drive business \ndevelopment and innovation scenarios in \ntailored data projects leveraging data platforms \nand its powerful AI-tools\n', 'Cloud Services\nData & AI\nDigital Commerce\nCybersecurity\n', 'Against a challenging market backdrop, 2025 \nmarked a turning point in AI adoption for \ncustomers. AI moved beyond experimentation and \ninto core business operations. The shift was clear: \norganisations no longer asked whether AI could \nadd value, but how quickly it could be deployed \nwhere it matters most. This shift is evident across \nour services in ERP platforms, digital commerce, \nCRM, managed services, and data platforms, \nwhere the technology both enhances delivery and \noffers new business opportunities. \n', 'Columbus delivered disciplined execution in 2025, advancing its strategic \ntransformation despite persistent market headwinds and delayed \ncustomer investments. With targeted portfolio expansion, strengthened \nindustry leadership, accelerated adoption of AI, and a flexible platform, \nthe company enters 2026 with sharpened commercial focus and \nimproved operational resilience. 2026 marks the final year of the three-\nyear strategy - 2024–2026.\n', 'Looking ahead, AI will be a catalyst for margin \nexpansion in delivery through heightened effi-\nciency and revenue growth by extending our \nenterprise-grade offerings, helping companies \nmove from siloed experimentation to scaled \nembedded AI implementation. \n', 'Over the past two years, we have executed on and sharpened our transfor-\nmation, strengthening customer focus, streamlined the organisation, and \ninvested in future-ready capabilities. AI will lead our next demand wave \nand have positive upside for us. We are building a more resilient, customer- \ncentric Columbus, positioned for profitable growth.\n', 'training and hands-on learning. In 2025, we \nlaunched mentorship initiatives with a special \nfocus on advancing women’s careers, rein-\nforcing our commitment to diversity and \ngrowth. We made strategic hires in our Busi-\nness Lines and improved capabilities in AI, an \narea in demand across our business that will \ncontinue into 2026. \n', 'As AI shifts from siloed experimentation \nto core platform, integration and industry \n', 'expertise are increasingly differentiating us \namong competition and positioning us for the \nfuture. We find that the breadth of our service \nportfolio of platforms and Data & AI positions \nus well to help customers take the next step in \ntheir AI journey. \n', 'Strong interest in AI throughout 2025 has \nprompted action and we have adopted our \nservices and organisation accordingly. These \ninitiatives include investments in AI tools \nfor more than 1,000 Columbus consultants, \nbroad capability build programs, a network of \nmore than 60 internal AI champions, compe-\ntency networks, dedicated go-to-market, \nand a shared knowledge hub. We announced \nour new VP Group AI, who leads the central \nCentre of Excellence to accelerate AI with \nbest practices in every engagement. \n', ""In 2025, we also formalised the Columbus \nAgentic Framework — a methodology \ncombining deep industry expertise with a \nproven delivery model and purpose-built \ntechnology. The framework combines indus-\ntry-specific knowledge with enterprise-grade \nAI capabilities, enabling rapid development \nand deployment of AI agents tailored to each \ncustomer's processes.\n"", 'Our Data & AI Business Line received the \nMicrosoft AI Platform on Azure designa-\ntion – a stamp of approval of our capabilities \nwithin AI. We have focused our partnerships \nin Digital Commerce and entered into a new \npartnership with Shopify, already proving \nvaluable. Omnium was welcomed as a stra-\ntegic partner, strengthening our offering in \norder management. \n', 'Looking ahead, Columbus has a strong market \nposition to support customers through the \nnext phase of AI adoption - moving from \nisolated use cases to organisation-wide \ntransformation. With a proven methodology, \nscalable technology platforms, and a growing \nteam of AI practitioners, we continue to \nturn AI ambition into measurable business \noutcomes in 2026, improving company profit-\nability and increasing topline performance.\n', 'Turning AI ambition \ninto business impact\n', 'For Columbus’ customers, AI is increasingly about solving concrete business challenges \nrather than exploring technology in isolation. Throughout 2025, customer demand for \npractical and responsible AI solutions accelerated, reinforcing the need for scalable \ncapabilities that deliver measurable impact.\n', 'Embedding AI across core business processes\nColumbus approaches AI from a customer-first perspective, focusing \non use cases that improve efficiency, decision quality and customer \nexperience within core business processes. AI is embedded across \nsolution areas such as ERP, data platforms and digital commerce, \nenabling customers to automate workflows, enhance insights and \nimprove interactions with their own customers.\n', 'To support consistent customer outcomes, Columbus has strength-\nened its AI foundation through a more structured global setup and \nclearer ownership. A central Centre of Excellence supports best \npractice, governance and execution quality across engagements, \nensuring that AI solutions can be scaled responsibly and adapted to \ncustomer-specific needs. This structure shortens time-to-value while \nmaintaining transparency, security and compliance.\n', 'Turning AI potential into customer outcomes\nSuccessful AI adoption requires more than technology. Many \ncustomers face challenges related to data readiness, organisational \n', 'change and prioritisation of the right use cases. Columbus there-\nfore combines deep technology expertise with advisory capabilities, \nworking closely with customers to translate AI potential into practical \nsolutions that fit their business context.\n', 'Partnerships as a multiplier for customer value\nPartnerships play a key role in extending customer value. By focusing \nits ecosystem around selected platforms and partners, Columbus \nhelps customers leverage AI within established solution landscapes, \nsupporting both innovation and operational stability.\n', 'As customer expectations continue to evolve, Columbus sees signifi-\ncant potential in supporting organisations on their journey from initial \nAI use cases to broader, scalable adoption. By maintaining a prag-\nmatic, execution-driven approach, AI becomes a powerful enabler \nof customer value and a natural extension of Columbus’ long-term \nstrategy for sustainable growth.\n', 'AI digital transformation trends\n', '1.\t AI moves from experimentation to execution \nFrom pilots to production, customers increasingly expect \nmeasurable business impact and return on investment \nacross core operations and customer engagement.\n', '2.\t AI demand shifts towards practical, industry-relevant  \nuse cases \nApplied to concrete, industry-specific challenges, \nAI leverages domain knowledge and context to drive \nproductivity gains, better decision-making and improved \ncustomer experience.\n', '3.\t AI platforms replace isolated pilots and custom builds \nAdoption increasingly relies on enterprise-grade, scal-\nable platforms rather than bespoke solutions, enabling \nbroader deployment, stronger governance and reduced \nrisk.\n', '4.\t AI is embedded directly into core business systems \nEmbedded into ERP, CRM and operational platforms, AI \nbecomes part of daily workflows, supporting automa-\ntion and, in some cases, more autonomous execution of \ndefined business processes.\n', '5.\t AI scalability depends on data readiness and governance \nAt scale, high-quality data and clear governance are \nessential. Data readiness has become a critical prereq-\nuisite and a key differentiator in successful enterprise \nadoption.\n', 'Across the remaining Business Lines, revenue \ndevelopment was broadly stable. M3 delivered \nflat performance of 1% decline, while Data & AI \nrecorded growth of 3%. Service revenue totaled \nDKK 1,506m, corresponding to a decline of 5%, \nwhile product revenue increased by 5% to DKK \n70m. The increase was driven by strong perfor-\n', 'Data & AI\n26,124\n25,416\n3%\n', 'Data & AI\n90,992\n88,482\n3%\n', 'About Dynamics 365\nDynamics 365 offers the full range of Microsoft Dynamics 365 \nBusiness Solution services powered by AI, spanning services for \nsupply chain, production, finance, project control, HR and robotics \nand automation services (PowerPlatform), Microsoft Copilot and AI \nModern Work offerings.\n', 'About Digital Commerce\nDigital Commerce helps organisations accelerate growth by \ndesigning customer-centric strategies, creating seamless cross-\nchannel experiences, and delivering AI-driven unified commerce.\n', 'Data & AI\nColumbus Data & AI is supporting the Danish company Fomaco with an Intelligent Data Platform built on \nMicrosoft Fabric, with Power BI reporting on top. The collaboration focuses on strengthening reporting \ncapabilities while establishing a scalable data foundation that enables better insights and data-driven \ndecision-making. Over time, the platform will support the integration of additional data sources, \nenabling more consolidated and cross-functional reporting, as well as future AI opportunities.\n', 'About Data & AI\nData & AI advises on defining and executing an AI enablement \nstrategy for data-driven decision-making. \n', 'End-to-end data solutions, including data strategy development, \nmodern data platform design, AI, ML, and GenAI solutions. \n', 'Data & AI\n', 'In 2025, service revenue in Data & AI amounted to DKK 91m, \ncorresponding to a growth of 3% compared to 2024. The growth \nis mainly driven by organisations embarking on their AI journey \nand customers investing in a common Data Platform.\n', 'Data & AI is starting to see increased sales driven by heightened \nAI activity and interests. Deal sizes are growing, with projects \nbecoming larger in scope, especially in Denmark and Sweden.\n', '●\t Dynamics 365\n●\t M3\n●\t Digital Commerce\n●\t Data & AI\n●\t EIM & Other local business\n', 'Data & AI and EIM delivered growth in 2025, \nwhereas Dynamics 365, Digital Commerce and M3 \nexperienced slight declines. M3 was significantly \n', '75% of the revenue. Besides Dynamics 365, Digital \nCommerce experienced a steep declined due to \nslow-down in the retail sector. M3 delivered flat \ndevelopment, whereas Data & AI and EIM delivered \nsolid double- digit growth in 2025.\n', 'and M3, which is newly established in the UK \nmarket, delivered solid growth in 2025. Data & AI, \nhowever, experienced a steep decline, primarily \ndue to a restructuring of the local organisation. \nWe continue to see increasing demand for the \nhigh‑quality IT services delivered by Columbus’ \nlocal and international consultants in the UK. \n', 'All Business Lines are represented in the Norwe-\ngian Market Unit. Dynamics 365 experienced a \nsignificant slowdown, although it closed the year \nwith a strong pipeline for 2026. Both Data & AI \n', 'The US Market Unit achieved service revenue of \nDKK 99m, corresponding to a growth of 18%. The \nUS Market Unit is primarily comprised of the Busi-\nness Lines Dynamics 365, M3 and Data & AI. M3 \naccounted for approximately 60% of the revenue \nin 2025 and remained the strongest-performing \nBusiness Line, outgrowing Dynamics 365, which \nended with modest growth in 2025.\n', 'Columbus will continue to expand the fast-\ngrowing Core Business Services; Data & AI and \nDigital Commerce, and further strengthen our \ncustomer offerings. From 2026, we will also begin \n', 'Title and position: Head of \nColumbus Denmark & Data & AI\n', 'Title and position:  \nHead of Group AI \n', 'As a stock listed company with operations in \nseveral countries around the world, Columbus \nis exposed to compliance risks following various \nregulatory changes from governments and states, \nsuch as GDPR, NIS2 and EU AI Act. Such risks are \ncontinously monitored via our risk framework.\n', 'strengthened internal IT security. This includes \nthe ongoing implementation of ISO27001, which is \nexpected to be certified in the first half of 2026, as \nwell as adherence to NIS2 and EU AI Act.\n', 'Mitigation\nColumbus has a full-time dedicated IT Security and Governance program \nthat designs, steers implementation, monitors compliance, and tests effec-\ntiveness of Information Security and Data Protection measures across the \norganisation. In that process, dedicated people, processes, and technological \nsolutions are deployed. Columbus leverages the ISO 27001 standard as a \nbaseline for its information security controls program, adheres to NIS2 and \nthe EU AI Act, and continuously assesses new risks to the business that may \nneed attention. Futhermore, mandatory training for all employees, including \nGDPR, cybersecurity and safe data handling is enforced to reduce human- \nrelated vulnerabilities.\n', ""Through utilisation of new technologies, including \nAI, we help our customers enhance their demand \nforecasting, inventory management, transporta-\ntion, as well as other business critical processes, \nimproving their supply chain performance. We \nbelieve that this leads to a positive impact on our \ncustomers' environmental footprints.\n"", 'Business Lines\n(Dynamics 365, M3, Digital \nCommerce, Data & AI and EIM)\n', 'Our services\nColumbus’ offers end-to-end digital \nsolutions and consultancy services \nwithin the areas of Cloud Services; \nCybersecurity; Data & AI; Digital \nCommerce; Enterprise Information \nManagement; Finance and Supply \nChain; Intelligent Business Process \nAutomation & Apps; Managed \n', 'Through optimisation, monitoring, complex calcu-\nlations, AI, and real time data, tech has the capa-\nbilities to streamline company infrastructure and \nbusiness processes, resulting in optimised energy \nand resource use.\n', 'We do not use AI or algorithms for daily operations \nbut may do so for customer services, ensuring \nalignment with this policy and client expectations.\n', 'The Business Lines relate to the type of services and products \nthat are delivered, and comprise of Dynamics 365, M3, Digital \nCommerce and Data & AI. The remaining revenue which does \nnot fall into any of the above-mentioned Business Lines, is clas-\nsified as EIM & Other Local Business. \n', 'Dynamics 365\nM3\nDigital Commerce\nData & AI\nEIM & Other Local Business\n', 'Dynamics 365 \nM3 \nDigital Commerce \nData & AI \nEIM & Other Local Business \n', 'Data & AI \n90,992 \n408 \n91,400   \n-6,549 \n-73,229 \n-3,388 \n-189   \n-83,355   \n8,045  \n9% \n', 'Data & AI \n88,482 \n564 \n89,046   \n-6,046 \n-66,720 \n-3,697 \n0   \n-76,463   \n12,583  \n14% \n', 'Data & AI \n88 \n91 \n', ""models. For our strategic Business Lines, comprising of Digital \nCommerce and Data & AI's slightly higher growth rates are ap-\nplied (8-15%), based on the historic higher growth rate and \nhigher expectations for the future.  \n"", 'Data & AI \n15.923 \n16.143 \n10.025 \n10.025 \n']";5;5;4;14;1295435000;Ballerup;01/05/1989;1644.00.00;;
322;COLUM.CO;Columbus A/S;Denmark;Denmark;OMX Nordic Exchange Copenhagen A/S;DK0010268366;213800WP2W676G7HLJ94;;15/05/1998;18/05/1998;Technology;Software & Computer Services;Computer Services;43.00.00;;;;4;ALL_COMPANIES/Columbus A-S/Annual Report 2024 (1).pdf;Columbus A/S;2024;0.058303233696425;"['Cloud Services\u2002 ●\u2002 Data & AI\u2002 ●\u2002 Sales, Marketing, Customer & \nField\xa0Service\u2002 ●\u2002 Digital Commerce\u2002 ●\u2002 Managed Services\u2002 ●\u2002 Business \nAutomation\u2002 ●\u2002 Finance & Supply Chain\u2002 ●\u2002 Enterprise Information \nManagement\u2002 ●\u2002 Cybersecurity\u2002 ●\u2002 Strategy & Growth\u2002 ●\u2002 Sustainability\n', 'The emergence of Gen AI represents a new signif-\nicant growth area. While it is early days, we have \nenhanced our capabilities and readiness to meet \nthese rising market demands. With the acquisition \nof Endless Gain, we have further strengthened our \ncapabilities in digital commerce. \n', 'Most of our global Business Lines have been \nperforming well in 2024, with our largest business, \nDynamics, delivering 11% growth. The M3 business \nis back to growth delivering 6% growth, while Data \n& AI is capitalising on the emerging technological \ntrends, delivering 15% growth. Our CXE business \ncontinues to perform, delivering 29% growth. \nDigital Commerce faced challenges throughout \nthe year, particularly in our Swedish market, \nresulting in a decline of 8%. \n', 'The emergence of AI is beginning to impact our \nbusiness, and we are strengthening our compe-\ntencies across the business while taking steps \ntogether with customers to embrace the new \nopportunities and challenges that AI provides. \nMoreover, we are accelerating our presence in the \nmanaged services area, increasing the revenue \nfrom Operational Service Agreements (OSA) \nfrom DKK 163m in 2023 to DKK 189m in 2024, \ncorresponding to a growth of 16%. This gives us \nconfidence in our Evolve concept and the focus we \nhave on this strategic positioning.   \n', 'Generative AI mobilisation\nWe see rising traction in the demand for AI pilot \nprojects and insights into potential use cases \nseeking to leverage the new technology that has \nbecome more readily available. Our Data & AI \nBusiness Line acts as our Centre of Excellence \non the complex cases but AI is manifesting itself \nin all our work. Hence, we are running compa-\nny-wide enablement to respond to this under-\nlying shift. As an example, we see increased levels \nof co-pilot-enabled consultants making a differ-\nence in our engagements. \n', 'Our services enhance the entire value chain, from procurement to post-\xad\npurchase, improving efficiency, automating tasks, and ensuring compliance. \nBy enabling our customers to become data-driven, we facilitate better \ndecision-making through advanced data, AI, and Machine Learning (ML) \nservices. Our standardised services and unified methodology ensure \nconsistency and quality, delivering tailored technology solutions aligned \nwith best practices. \n', 'Data & AI\n', 'Companies need to stay compet-\nitive and drive innovation but \noften lack the data-driven \ninsights to do so. Columbus \noffers end-to-end data solu-\ntions, including data strategy \ndevelopment, modern data \nplatform design, and AI, ML, and \nGenerative AI (GenAI) solutions. \nOur global consulting expertise \nhelps businesses make smarter \nchoices and deliver value for \ncustomers and stakeholders.\n', 'Organisations need a holistic \napproach to leverage technology \nfor real, measurable business \nvalue. We develop strategic \ndigital roadmaps, enable inno-\nvation, build capabilities, and \nfurther develop data-driven \norganisations. Our services \ninclude emerging technology \nand AI strategy development to \nstay ahead in the market.\n', 'Revenue\nMost Business Lines and Market Units contributed \nto the revenue growth. Our Cloud ERP business, \nwhich constitute 73% of total revenue continued \nto deliver solid growth. Notably, our strategic \nBusiness Lines Data & AI and Customer Experience \n& Engagement showed continued rapid growth, \ndelivering 15% and 29% growth, respectively.\n', 'Data & AI\n25,416\n21,033\n21%\n', 'Data & AI\n88,482\n77,233\n15%\n', 'About Data & AI\nAdvise on defining and \nexecuting an AI enable-\nment strategy for data-\ndriven decision-making. \n', 'End-to-end data solutions, \nincluding data strategy \ndevelopment, modern \ndata platform design, and \nAI, ML, and GenAI solu-\ntions. \n', 'Data & AI\n', 'Data & AI is supporting our \ncustomers within Business \nIntelligence, Artificial Intelli-\ngence and Machine Learning \nsolutions. \n', 'The Business Line is starting \nto see increased sales driven \nby heightened AI activity \nand interests. Deal sizes \nare growing, with projects \nbecoming larger in scope, \nespecially in Denmark and \nSweden.\n', '●\t Dynamics\n●\t M3\n●\t Digital Commerce\n●\t Data & AI\n●\t Customer Experience & Engagement\n●\t Other local business\n', 'Customer Experience & Engagement was the only \nBusiness Line to achieve growth in 2024. Mean-\nwhile, Dynamics, Data & AI and M3 experienced \n', 'All Columbus Business Lines are represented in \nthe Danish Market Unit, with Dynamics being the \nlargest Business Line contributing with more than \n60% of the revenue. Besides Dynamics, Data & AI \n', 'All Business Lines are present in the Norwe-\ngian Market Unit. The largest contributor is the \nDynamics Business Line, accounting for around \n60% of the revenue in 2024. The development \nin the year comprised of strong growth from \nDynamics, Data & AI and Customer Experience \n& Engagement. The development in M3 was flat, \nwhile Digital Commerce declined, partly due to its \nhigh dependency of the retail sector.\n', 'Additionally, both Digital Commerce and Customer \nExperience & Engagement achieved double-digit \ngrowth figures. Data & AI ended the year with \nslight negative growth.\n', 'The US Market Unit achieved service revenue \nof DKK 84m, corresponding to a growth of 2%. \nThe US Market Unit is primarily comprised of the \nBusiness Lines Dynamics, M3 and Data & AI. M3 \naccounting for around 50% of the revenue in 2024.\n', 'In 2025, Columbus will develop the fast-growing \nCore Business Services: Data & AI and Digital \nCommerce further and develop our customer \nofferings. In Q1 2025 Customer Experience & \nEngagement was merged with our Business Lines \nDynamics, adapting to technological develop-\n', ""Through utilisation of new technologies, including \nAI, we help our customers enhance their demand \nforecasting, inventory management, transporta-\ntion, as well as other business critical processes, \nimproving their supply chain performance. We \nbelieve that this lead to a positive impact on our \ncustomers' environmental footprints.\n"", 'Our services\nColumbus’ offers end-to-end digital solutions and \nconsultancy services within the areas of Cloud \nERP, Digital Commerce, Data & AI, Customer Expe-\nrience & Engagement, Security, and Application \nManagement.\n', 'Business Lines\n(Cloud ERP, Digital Commerce, Data & AI, Customer  \nExperience & Engagement, Security and Application \nManagement)\n', 'Through optimisation, monitoring, complex calcu-\nlations, AI, and real time data, tech has the capa-\nbilities to streamline company infrastructure and \nbusiness processes, resulting in optimised energy \nand resource use.\n', 'We do not use AI or algorithms for daily oper-\nations but may do so for customer services, \nensuring alignment with this policy and client \nexpectations.\n', 'The Business Lines relate to the type of services and products \nthat are delivered, and comprise of Dynamics, M3, Digital Com-\nmerce, Data & AI, and Customer Experience & Engagement. The \nremaining revenue which does not fall into any of the above-\nmentioned Business Lines, is classified as Other Local Business. \n', 'Data & AI\n', 'Dynamics \nM3 \nDigital Commerce \nData & AI \nCustomer Experience & Engagement (CXE) \nOther Local Business \n', 'Data & AI \n88,482 \n564 \n89,046   \n-76,463 \n12,583   \n14% \n', 'Data & AI \n77,233 \n658 \n77,891   \n-64,991 \n12,900   \n17% \n', 'Data & AI \n91 \n87 \n']";4;4;3;11;1297851000;Ballerup;01/05/1989;1707.00.00;;
323;COLUM.CO;Columbus A/S;Denmark;Denmark;OMX Nordic Exchange Copenhagen A/S;DK0010268366;213800WP2W676G7HLJ94;;15/05/1998;18/05/1998;Technology;Software & Computer Services;Computer Services;43.00.00;;;;1;ALL_COMPANIES/Columbus A-S/Annual Report 2023.pdf;Columbus A/S;2023;0.0323682790864952;['Columbus A/S | CVR no. 13 22 83 45 \nAI generated image \n', 'With a defined growth strategy focused on \ndigital advisory and a growing market within \ndata for sustainability, AI and cyber security \nColumbus is positioned to deliver on the \nNew Heights goals.  \n', 'The Columbus share gives shareholders an exposure to growth markets within \ndigital transformation, ESG and technology trends such as AI and cybersecurity. \nWith a defined growth strategy focused on delivering digital advisory and solving \ncomplex industry challenges for larger customers, Columbus is positioned to \ndeliver on the growth ambitions of New Heights. \n', 'AI-advisory will grow in the future \nAI will transform the way we work at all \nlevels and in all sectors. While we are still \nin the early phase of fully understanding \nthe impact of AI, there is no doubt that the \npotential within AI is massive – both for \nour customers and Columbus.  \n', 'In 2023, we initiated a global AI Innovation \nProgram with the purpose of exploring \nnew growth potential and increasing busi-\nness efficiency for our customers.  \n', 'Data & Analytics \nData & Analytics is supporting our custom-\ners within Business Intelligence, Artificial \nIntelligence and Machine Learning solu-\ntions. We provide consultancy in develop-\nment of BI strategies, data management & \ngovernance, BI platforms and user adop-\ntions. Further, we have deepened our  \nexperience within demand forecasting, \ncustomer segmentation, supply chain opti-\nmization and designing and building AI \nand ML solutions. \n', 'Data & Analytics\nHelp ambitious companies \ndefine and execute an AI \nenablement strategy for \ndata-driven decision-making \n', 'AI Innovation  \nAs Artificial Intelligence (AI) continues to \nevolve and redefine various industries and \nprocesses, Columbus offers AI consulting, \nfrom idea generation to feasibility anal-\nyses. We support customers with Microsoft \nCo-pilots and low code/no code solutions, \nmaking AI accessible to all. We also help \nwith data strategy, quality assurance, mi-\ngration services, and analytical platforms \nthat enhance Business Intelligence solu-\ntions. \n', 'Academy \n2023 has been a remarkable journey for \nAcademy, shaping our training portal into \na hub of innovation and learning. Here are \nsome key achievements that prove our \ncommitment to employee development: \n•\nThroughout the year, Academy suc-\ncessfully has onboarded 25+ global in-\nternal coaches and 2 trainers.\n•\nWe have developed our learning plat-\nform with additional functionalities to\nstreamline processes and reduce man-\nual work. Increased utilization of AI has\nexpanded system capabilities.\n•\nThe release of 14 new courses and a\ncomprehensive accelerator training pro-\ngram, represents a big step forward in\nour training offerings.\n', 'our customers’ supply chain performance \nwith new technologies such as AI and \ntransform demand forecasting and inven-\ntory management.  \n'];4;4;3;11;1183947000;Ballerup;01/05/1989;;;
324;COLUM.CO;Columbus A/S;Denmark;Denmark;OMX Nordic Exchange Copenhagen A/S;DK0010268366;213800WP2W676G7HLJ94;;15/05/1998;18/05/1998;Technology;Software & Computer Services;Computer Services;43.00.00;;;;0;ALL_COMPANIES/Columbus A-S/Annual Report 2022.pdf;Columbus A/S;2022;0.0078337674546131;['Help ambitious companies  \ndefine and execute an AI ena-\nblement strategy for data-\ndriven decision-making to se-\ncure competitiveness with a fo-\n', 'and grow our customers’ digital business \nwith a strong focus on UX, growth services \nand strategic advisory. We have a strong \npresence in Scandinavia and UK, and a \nparticularly strong position in the Swedish \nand Norwegian markets. \n \nThe year has been impacted by high \ngrowth including increased average num-\nber of FTEs by 22% enabling the growth in \nservice revenue by 22% as well. The ser-\nvice revenue amounted to DKK 192m.  \n \nData & Analytics \nData & Analytics is supporting our custom-\ners within Business Intelligence, Artificial \nIntelligence and Machine Learning solu-\ntions. We provide consultancy in develop-\nment of BI strategies, data management & \ngovernance, BI platforms and user adop-\ntions. Further, we have deepened our  \nexperience within demand forecasting, \ncustomer segmentation, supply chain opti-\nmization and designing and building AI \nand ML solutions. \n \nData & Analytics is present in the Nordic \ncountries and the UK as well as in the US \nwith a strong market position in Denmark. \nThe Business Line is achieving a large \nportion of sale to existing customers by of-\nfering cross Business Line offerings.  \n \nService revenue amounted to DKK 59m in \n2022, corresponding to a growth of 58% \ncompared to last year. The growth is \nmainly driven driven by the cloud journey \nand customers investing in Common Data \nPlatform. \n \n', 'manufacturers to stay ahead of the com-\npetition curve by bringing Industry 4.0 best \npractices into the picture. We enable the \nplayers to upgrade their technological ca-\npabilities and build a sustainable, reliable, \nand resilient infrastructure.  \n \nOur services include, but are not limited to, \nefficient global supply chain integration, \nIoT for improved connectivity, personaliza-\ntion and configuration, as well as artificial \nintelligence and machine learning-related \nexpertise for demand prediction and plan-\nning. \n \nThis results in streamlined production at a \nlesser cost, and an efficient global supply \nchain. \n \nFood, Beverage & Process  \nThe last few decades have seen an infuse \nof IT in the food and beverage industry. In-\ncreased competition from medium and \nsmall companies and evolving consumer \nneeds necessitates food manufacturers \nand retailers to build capabilities around \ntechnology for pricing, to forecast cus-\ntomer demand, ensure high levels of qual-\nity in a highly regulated industry. \n \nColumbus solutions help our customers  \nincrease transparency and traceability \n'];4;4;3;11;1268597000;Ballerup;01/05/1989;;;
325;COLUM.CO;Columbus A/S;Denmark;Denmark;OMX Nordic Exchange Copenhagen A/S;DK0010268366;213800WP2W676G7HLJ94;;15/05/1998;18/05/1998;Technology;Software & Computer Services;Computer Services;43.00.00;;;;2;ALL_COMPANIES/Columbus A-S/Annual Report 2021.pdf;Columbus A/S;2021;0.0020666708000082;['competition curve by bringing Industry 4.0 \nbest practices into the picture. We enable \nthe players to upgrade their technological \ncapabilities and build a sustainable, relia-\nble, and resilient infrastructure.  \n \nOur services include, but are not limited to, \nefficient global supply chain integration, \nIoT for improved connectivity, personaliza-\ntion and configuration, as well as artificial \nintelligence and machine learning-related \nexpertise for demand prediction and plan-\nning. \n \nThis results in streamlined production at a \nlesser cost, and an efficient global supply \nchain. \n \nFood, Beverage & Process  \nThe last few decades have seen an infuse \nof IT in the food and beverage industry. In-\ncreased competition from medium and \nsmall companies and evolving consumer \nneeds necessitates food manufacturers \nand retailers to build capabilities around \ntechnology for pricing, to forecast cus-\ntomer demand, ensure high levels of qual-\nity in a highly regulated industry. \n \nColumbus solutions help our customers in-\ncrease transparency and traceablity \nacross the supply chain to ensure a \n'];3;2;1;6;1640865000;Ballerup;01/05/1989;;;
326;COLUM.CO;Columbus A/S;Denmark;Denmark;OMX Nordic Exchange Copenhagen A/S;DK0010268366;213800WP2W676G7HLJ94;;15/05/1998;18/05/1998;Technology;Software & Computer Services;Computer Services;43.00.00;;;;3;ALL_COMPANIES/Columbus A-S/annual-report-2020 (2).pdf;Columbus A/S;2020;0.0040575358584731;['According to a recent Gartner survey2, \n69% of boards report accelerating digital \nbusiness initiatives in response to Covid-\n19. In fact, 76% of survey respondents to \nthe 2021 Gartner CIO Survey1 say that de-\nmand for new digital products and services \nincreased in 2020 and 83% say that it will \nincrease in 20211.  \n \nWhen asked to rank technologies they are \nusing or plan to use in the next year: Digi-\ntal workplace technologies to support work \nfrom home come out on top. Following be-\nhind are artificial intelligence/machine \nlearning, robotic process automation, dis-\ntributed cloud and multi-experience plat-\nforms. These emerging technologies auto-\nmate processes and decisions, enabling a \nfaster pace of business execution.  \n \nThere is no doubt that Covid-19 has been \nthe biggest digital transformation accelera-\ntor in recent times. And the CIO’ relation-\nship with the business is stronger than \never before2.  \n \nAs IT and business is further interlinked \nand crucial for the continued growth, com-\npanies are increasingly seeking a partner \nthat can act as a strategic business part-\nner in their digital transformation. A partner \nthat understands the business strategy, \n', 'competition curve by bringing Industry 4.0 \nbest practices into the picture. We enable \nthe players to upgrade their technological \ncapabilities and build a sustainable, relia-\nble, and resilient infrastructure.  \n \nOur services include, but are not limited to, \nefficient global supply chain integration, \nIoT for improved connectivity, personaliza-\ntion and configuration, as well as artificial \nintelligence and machine learning-related \nexpertise for demand prediction and plan-\nning. \n \nThis results in streamlined production at a \nlesser cost, and an efficient global supply \nchain. \n \nFood, Beverage & Process  \nThe last few decades have seen an infuse \nof IT in the food and beverage industry. In-\ncreased competition from medium and \nsmall companies and evolving consumer \nneeds necessitate food manufacturers and \nretailers to build capabilities around tech-\nnology for pricing, to forecast customer de-\nmand, ensure high levels of quality in a \nhighly regulated industry. \n \nColumbus solutions help our clients in-\ncrease transparency and traceablity \nacross the supply chain to ensure a \n'];3;2;1;6;1654517000;Ballerup;01/05/1989;;;
327;NNIT.CO;NNIT A/S;Denmark;Denmark;OMX Nordic Exchange Copenhagen A/S;DK0060580512;549300KM8QVF7WR40664;;06/03/2015;06/03/2015;Technology;Software & Computer Services;Computer Services;44.00.00;;;;557;ALL_COMPANIES/NNIT A-S/nnit-as_annual-report-2025.pdf;NNIT A/S;2025;0.044513971027764;"['In 2025, NNIT navigated a demanding global environment marked by economic \nuncertainty and project delays. Despite financial headwinds, we strengthened \noperational efficiency, solidified key customer relationships, and advanced our AI-\npowered initiatives. Major customer contracts and AI projects underscored our role \nas a strategic digital partner. Entering 2026, we remain confident in our strategy, \nfoundation, and capacity for renewed growth and long-term value creation.\n', 'Even so, our underlying business \nfundamentals remain strong. Throughout the \nyear, we strengthened operational discipline, \nadvanced our AI-powered initiatives, and \nsolidified key customer relationships across \nlife sciences and the Danish public sector. \nDespite the softer financial outcome, the \nprogress made across our regional segments \n', 'Our ambition to reach sustainable, higher \nprofitability remains intact, supported by a \nstrong 2026 business plan, a growing portfolio \nof AI-powered solutions, and the dedication of \nour colleagues.\n', 'Within the private\u202fsector, our subsidiary \nSCALES\u202fcontinued to reinforce its leadership \nin ERP\u202fand\u202fbusiness transformation projects, \nincreasingly integrating AI-powered \nanalytics\u202fand\u202fprocess automation to enhance \nefficiency and transparency for Danish \nenterprises.\n', 'This dual focus\u202f- advancing\u202flife\u202fsciences \ninternationally and driving digital and\u202fAI-\nenabled innovation across Denmark’s \n', 'Across these regions, we also deepened our \npartnerships with medium-sized and smaller \nlife sciences companies who value our \ncombination of deep regulatory insight and \nAI-powered digital solutions enabling \nmodernization while safeguarding \ncompliance. These collaborations reaffirm \nNNIT’s\u202fstrategic relevance and long-term \npotential to help\u202flife\u202fsciences\u202forganizations\u202f\nof\u202fevery scale\u202fadopt intelligent technologies \nthat enhance  quality,\u202fefficiency,\u202fand\u202f\nsustainability\u202facross their\u202fvalue chains.\n', 'Continuing\u202four\u202fAI\u202fJourney\nDuring the year, we\u202ftook a\u202fmajor step \nforward with\u202fthe\u202flaunch\u202fof\u202fKnow\u202fIt\u202fNow\u202f(KITN)\u202f- \nour secure,\u202fAI-powered\u202fplatform designed \nto\u202fsupport diverse use cases across life \nsciences\u202fand\u202fbeyond. The platform \nrepresents the next stage in our\u202fAI\u202fstrategy \nand serves as the foundation for multiple AI \npowered solutions across our portfolio, \nsupporting growth, efficiency, and quality in \nboth internal operations and customer \n', 'engagements. Within the life\u202fsciences \nindustry, our AI solutions are already \naccelerating transformation by solving  \ncomplex, time consuming tasks that require \nprecision and compliance:\n', 'Automating Quality Management: \nAI\u202fextracts and validates critical \ninformation from diverse document types \nwithout human intervention, enabling \nrapid processing and streamlined \nQMS\u202fworkflows.\n', 'Enabling Data Driven Research: \nAI\u202fautomates data extraction, cleaning, \nand structuring from multiple sources\u202f- \nincluding clinical trials and electronic \nhealth records\u202f- to ensure faster, more \naccurate insights. \n', 'Enhancing Global Collaboration: \nAI\u202ftranslates and standardizes text \naccording to customer specific \nterminology and rules, automatically \nidentifying logical inconsistencies and \nsummarizing content for validation and \nreporting.\n', 'These capabilities exemplify how we are \napplying intelligent automation to drive \nefficiency, quality, and compliance within \nlife\u202fsciences\u202fwhile building a\u202fscalable \nAI\u202ffoundation that creates measurable value \nacross all customer segments.\n', 'Looking Ahead with Confidence\nWhile 2025 ended short of our financial \naspirations, we take pride in the resilience \nand teamwork demonstrated across the \norganization. The steps we have taken this \nyear strengthening our operating model, \nbroadening our customer base, and \npioneering AI capabilities – lay the \ngroundwork for a stronger NNIT.\n', 'Business Development\nArtificial \nIntelligence\n', ""Reinforced AI focus and \ninvestments by anchoring regional \nbusiness units in new global \nstructure in the beginning of the \nyear.\n\ufeff\nThe global structure is responsible \nfor NNIT's overall AI strategy, \npartnerships, and models as well \nas building and aligning AI solutions \nand services offered and tailored to \nour markets.\n\ufeff\nWe have invested in our own AI \nplatform KITN (Know IT Now) \napplicable both in internal \noptimization scenarios and in our \ncustomer deliveries.\n"", 'Positioned among the leaders in \nthe Everest Group’s Life Sciences \nVeeva Services PEAK Matrix \nAssessment 2025 reinforced our \ndomain leadership on this market \nleading platform. \n\ufeff\nThis was supplemented through \nrecognition by Veeva as our Veeva \nAI solution is now a validated \nsolution in the Veeva partner \necosystem.\n\ufeff\nIn the Danish public sector, we \nstrive to continually build domain \ncompetencies and platforms that \nimproves public sector \neffectiveness and citizen \nexperience.\n', ""Across our focus industries, we observe several trends \nshaping customers' future buying patterns, all with an \nindustry-specific perspective. These emerging trends revolve \naround AI, data enablement, and accelerated digital \ntransformation. NNIT is making significant investments to \nupgrade our consultants' skills in the latest technologies, \nenabling them to advise our customers effectively. \nFurthermore, we are developing repeatable solutions built on \nmarket-leading technologies in collaboration with our \nstrategic partners.\n"", '4\nCustomer solution repeatability \n5\nAI disruption\n', 'Rapid advancement and adoption of AI across the IT services industry \nmay automate traditional consulting activities and reduce demand for \nT&M engagements. There is a risk that investments or adaptation are \ninsufficient to remain aligned with global competitor capabilities and \nevolving customer requirements, increasing competitive pressure from \nAI-enabled service providers.\n', 'NNIT has made targeted investments in AI over the past years to \nremain competitive and aligned with customer needs. AI capabilities \nare being embedded across regions and core functions to strengthen \ndelivery and operational efficiency, including automation of \ndevelopment, testing, and planning activities.\nGovernance and scalability are ensured through a dedicated AI Center \nof Excellence and systematic upskilling of consultants. At the same \ntime, NNIT is evolving its offerings to reflect AI-driven productivity gains \nand support outcome-based engagement models. Continuous \nbenchmarking and transparent communication of AI value to clients \nhelp protect margins and support sustainable growth.\n', 'The inability to execute strategic growth objectives may arise \nfrom challenges in attracting and retaining highly qualified and \nexperienced talent due to a talent shortage. Specific \ncompetencies are essential for growth and value delivery. \nRecruiting professionals with expertise in IT, artificial \nintelligence, data, and transformation - particularly those with \nhands-on experience - remains a significant challenge.\n', 'We will take measures to ensure our use of \ndata are unbiased and without \ndiscrimination and consider the impact of \nindividuals’ reasonable expectations. When \nworking with AI, we consider data protection \nand data ethical matters at an early stage to \nmitigate risks and\n', 'eliminate or limit possible damage to \nindividuals. We will strive to make sure that \nany use or development of AI solutions are \nfair, reliable, and explainable.\n']";5;5;4;14;1707000000;KOEBENHAVN S;01/05/1998;1773.00.00;;1851000000.0
328;NNIT.CO;NNIT A/S;Denmark;Denmark;OMX Nordic Exchange Copenhagen A/S;DK0060580512;549300KM8QVF7WR40664;;06/03/2015;06/03/2015;Technology;Software & Computer Services;Computer Services;44.00.00;;;;552;ALL_COMPANIES/NNIT A-S/nnit_reporting_annual2024.pdf;NNIT A/S;2024;0.0237105811588234;"['Reinforced Global AI Focus\nTo ensure unity, best practice, and \nmaximum utilization of expertise and \nresources across our four regional AI busi-\nness units, we introduced a new global \nstructure dedicated to AI in the beginning of \nthe year. \n', 'In Q2, we anchored our regional AI business \nunits in a new global structure responsible \nfor the overall AI strategy, partnerships, and \nmodels as well as building and aligning AI \nsolutions and services offered and tailored \nto our markets. And, during 2024, our global \nAI organization across Denmark, the US, \nEurope, and Asia, successfully launched a \nnumber of new, packaged AI solutions to \nbe used primarily within the Life Sciences \nindustry.\n', 'In 2024, we were also recertified as Veeva \nPremiere Services Partner – Development \nCloud and were made an official Veeva AI \nPartner, which further solidified our exper-\ntise and important partnership within the \nVeeva systems. \n', 'Business Development \nArtificial \nIntelligence\n', 'Reinforced AI focus and invest-\nments by anchoring regional \nbusiness units in new global \nstructure in the beginning of \nthe year. The global structure \nis responsible for NNIT’s overall \nAI strategy, partnerships, and \nmodels as well as building \nand aligning AI solutions and \nservices offered and tailored to \nour markets. Private & Public \nin Region Denmark, and Life \nSciences in USA, Europe, and \nAsia.\n', 'Positioned among the leaders in \nthe Everest Group’s Life Sciences \nDigital Services Specialists PEAK \nMatrix® Assessment 2024; recer-\ntified as Veeva Premiere Services \nPartner – Development Cloud, \nand named Veeva AI Partner \nfollowing the introduction of new \nAI technology to our services \nacross Veeva Vault R&D applica-\ntions.\n', ""Across our focus industries, we observe several trends \nshaping customers' future buying patterns, all with an indus-\ntry-specific perspective. These emerging trends revolve \naround AI, data enablement, and accelerated digital transfor-\nmation. NNIT is making significant investments to upgrade \nour consultants' skills in the latest technologies, enabling \nthem to advise our customers effectively. Furthermore, we \nare developing repeatable solutions built on market-leading \ntechnologies in collaboration with our strategic partners.\n"", 'The inability to execute strategic growth objectives \nmay arise from challenges in attracting and retaining \nhighly qualified and experienced talent due to a talent \nshortage. Specific competencies are essential for growth \nand value delivery. Recruiting professionals with exper-\ntise in IT, artificial intelligence, data, and transformation \n- particularly those with hands-on experience - remains \na significant challenge.\n', 'We will take measures to ensure our use of \ndata are unbiased and without discrimina-\ntion and consider the impact of individuals’ \nreasonable expectations. When working \nwith AI, we consider data protection and \ndata ethical matters at an early stage to \n', 'mitigate risks and eliminate or limit possible \ndamage to individuals. We will strive to \nmake sure that any use or development of \nAI solutions are fair, reliable, and explain-\nable.\n']";5;4;4;13;1977000000;KOEBENHAVN S;01/05/1998;1482.00.00;;
329;NNIT.CO;NNIT A/S;Denmark;Denmark;OMX Nordic Exchange Copenhagen A/S;DK0060580512;549300KM8QVF7WR40664;;06/03/2015;06/03/2015;Technology;Software & Computer Services;Computer Services;44.00.00;;;;553;ALL_COMPANIES/NNIT A-S/nnit_reporting_annual2023.pdf;NNIT A/S;2023;0.0046925224654513;"[""Additionally, the private sector in Denmark remains an \nimportant market for Region Denmark. Across our industry \nfocus, we see several trends affecting customers' future \nbuying patterns but with an industry flavor. These trends are \ncentered around AI and data enablement, cybersecurity and \ncompliance, and accelerated digital transformation.\n"", 'Life Sciences \nThe life sciences market is recession-proof and less vulner-\nable to global disturbances and economic fluctuations. \nBased on external analyses, NNIT expects the life sciences \nmarket to maintain a healthy growth momentum in the high \nsingle digit range with local and regional variations. The life \nsciences industry is increasingly exploring the potential of \nnew technologies, such as generative AI where NNIT sees a \nnumber of strong and innovative business cases. Continued \nregulatory scrutiny is expected as new advances in core \nbusiness processes, clinical trials, drug development, etc. are \nbeing reinvented as new and existing life sciences organiza-\ntions rethink their operating models.\n']";4;1;0;5;2748000000;KOEBENHAVN S;01/05/1998;3130.00.00;;2951000000.0
330;NNIT.CO;NNIT A/S;Denmark;Denmark;OMX Nordic Exchange Copenhagen A/S;DK0060580512;549300KM8QVF7WR40664;;06/03/2015;06/03/2015;Technology;Software & Computer Services;Computer Services;44.00.00;;;;554;ALL_COMPANIES/NNIT A-S/nnit_reporting_annual2022.pdf;NNIT A/S;2022;0.0117236043049075;['Automation, Data and AI\nAs the business impact of AI \nand machine learning grows, \nthe demand increases for new \nand smarter technology and \nsolutions that are ethically \nresponsible and easier to \ndeploy. AI usage will be scaled \nthrough increased automated \ndeployment to cloud environ-\nments, which also provides \nimproved computing infra-\nstructure for faster training \nand execution. AI will increas-\ningly be deployed in innovative \nuse cases aimed at providing \nsustainable outcomes. As AI \ntechnologies are still maturing \nthe need for consultancy and \nadvisory services will remain \nsignificant\n'];4;3;2;9;2574000000;KOEBENHAVN S;01/05/1998;3171.00.00;;2877000000.0
331;NNIT.CO;NNIT A/S;Denmark;Denmark;OMX Nordic Exchange Copenhagen A/S;DK0060580512;549300KM8QVF7WR40664;;06/03/2015;06/03/2015;Technology;Software & Computer Services;Computer Services;44.00.00;;;;556;ALL_COMPANIES/NNIT A-S/nnit_reporting_annual2021.pdf;NNIT A/S;2021;0.015517408592765;['Data and AI\n', 'Greater business impact of AI and machine learning re- \n', 'for scaling AI are lowered through increased automated \n', 'of retraining and redeployment of AI solutions. New AI \n', 'security, data and AI, is becoming more and more critical. \n', 'and AI/machine learning (ML) -enabled cloud services from \n', 'Data & AI\n'];2;1;1;4;2662000000;KOEBENHAVN S;01/05/1998;3259.00.00;;2830000000.0
332;NNIT.CO;NNIT A/S;Denmark;Denmark;OMX Nordic Exchange Copenhagen A/S;DK0060580512;549300KM8QVF7WR40664;;06/03/2015;06/03/2015;Technology;Software & Computer Services;Computer Services;44.00.00;;;;555;ALL_COMPANIES/NNIT A-S/nnit_reporting_annual2020.pdf;NNIT A/S;2020;0.0064388736263736;['Four-year agreement with the Danish Ministry of \nTaxation, in which NNIT will support the Ministry’s \ndigital transformation, including services such as \ndata & AI, integration, cybersecurity and Hybrid \nCloud.\n', 'As COVID-19 accelerated, customers and employees preferred \nonline and virtual interactions over physical engagements. The \nnumber of digital touchpoints increased exponentially and so \ndid the number of newly available data points and the \nunderlying required integrations. The combined power of more \nsophisticated and complex analytics on a greater variety of data \nhas become more strategic and central to the creative thinking \nrequired to innovate our way beyond the post-COVID-19 world \nof global uncertainty and change. The maturity of AI tools and \ntechniques for analyzing content, along with the availability of \ndata, will spur broader adoption and enable a new wave of \ndata-based optimization, reinvention and innovation.\n', 'Data & AI\n'];4;2;1;7;2613000000;KOEBENHAVN S;01/05/1998;;;3057900000.0
333;GYLDb.CO;Gyldendal A/S;Denmark;Denmark;OMX Nordic Exchange Copenhagen A/S;DK0010247600;2138008YD1QPCDECIJ70;;01/10/1985;01/10/1985;Consumer Discretionary;Media;Publishing;44.00.00;;;;280;ALL_COMPANIES/Gyldendal A-S/Årsrapport 2025.pdf;Gyldendal A/S;2025;0.0309023485784919;['En yderligere central udvikling finder sted inden for generativ AI, som accelererer både teknologiske muligheder og risici for en indholds- og \nrettighedsvirksomhed som Gyldendal. Udviklingen medfører potentiale for at effektivisere vores processer og forbedre vores produkter samtidig \nmed, at den forstærker behovet for rettighedsbeskyttelse på brancheniveau, tydelig etik, kontinuerlig interessentdialog samt investering i kompe-\ntencer og systemer.\n', '2) \t Udnytte teknologiske muligheder\n•\t\nInvestering i AI-kompetencer og systemer for at skabe mere effektive processer og forbedre kommerciel performance\n•\t\nAnsvarlig rettighedsforvaltning og transparens i brugen af data og modeller\n', 'Rettigheder og AI - Evnen til at beskytte og anvende Gyldendals rettigheder i en ny teknologisk kontekst. Derudover indebærer det risikoen for, \nat markedet fyldes med AI-genereret indhold af acceptabel kvalitet, hvilket øger konkurrencesituationen. Gyldendal forebygger denne risiko \nigennem brancheforeninger og andre organisationer/foreninger for at beskytte Gyldendals rettigheder såvel som at sikre økonomiske bæredygtige \nmodeller. I 2025 blev der udarbejdet en AI-strategi for Gyldendal-gruppen med dertilhørende ressourcer, der skal sikre en systematisk tilgang til at \nudnytte muligheder og håndtere risici inden for generativ kunstig intelligens.\n', 'Konkurrencepres og markedsændringer - Økonomiske og politiske faktorer, der påvirker Gyldendals drift såvel som udefrakommende konkurrence \npå Gyldendals kerneprodukter både fra AI-udbydere såvel som direkte og indirekte konkurrence med øget prispres. Gyldendals mål, som er for-\nankret i strategi 2028, er at sikre og tilpasse sig markedsændringer ved at udvikle den eksisterende forretning og afsøge nye vækstmuligheder.\n', 'Markedet for Gyldendal påvirkes i stigende grad af digitalisering og kunstig intelligens, hvilket ændrer de langsigtede forudsætninger for branchen. \nPå trods af disse ændringer forventes selskabet at opretholde en stabil udvikling i både omsætning og indtjening. I forecastperioden forventes en \nomsætningsvækst på 2%.\n'];4;4;3;11;642865000;KOEBENHAVN K;06/02/1904;;;
334;GYLDb.CO;Gyldendal A/S;Denmark;Denmark;OMX Nordic Exchange Copenhagen A/S;DK0010247600;2138008YD1QPCDECIJ70;;01/10/1985;01/10/1985;Consumer Discretionary;Media;Publishing;44.00.00;;;;278;ALL_COMPANIES/Gyldendal A-S/gyldendal-arsrapport-2024.pdf;Gyldendal A/S;2024;0.0162074554294975;['Den teknologiske udvikling inden for kunstig intelligens medfører muligheder og trusler, som vi arbejder struktureret på henholdsvis at realisere \nog mitigere. Vi forfølger mulighederne for at forbedre drift og produktion i de enkelte forretningsområder, samtidig med at vi via interessevare\xad\ntagelse på brancheniveau kæmper for at beskytte rettighedshavernes vilkår og sikre transparens og fair vilkår i den måde, de store sprogmodeller \nbliver trænet på. \n', 'Rettigheder og AI - Evnen til at beskytte og anvende Gyldendals rettigheder i en ny teknologisk kontekst. Derudover indebærer det risikoen for, \nat markedet fyldes med AI-genereret indhold af acceptabel kvalitet, hvilket øger konkurrencesituationen. Gyldendal forebygger denne risiko \nigennem brancheforeninger og andre organisationer/foreninger for at beskytte Gyldendals rettigheder såvel som at sikre økonomisk bæredygtige \nmodeller.\n', 'Konkurrencepres og markedsændringer - brede økonomiske og politiske faktorer, der påvirker Gyldendals drift såvel som udefrakommende kon\xad\nkurrence på Gyldendals kerneprodukter både fra AI-udbydere såvel som direkte og indirekte konkurrence med øget prispres. Gyldendals mål er \ngennem strategien ” Et stærkere Gyldendal 2025” at sikre at tilpasse sig markedsændringer ved at udvikle den eksisterende forretning og afsøge \nnye vækstmuligheder.\n'];4;1;1;6;641329000;KOEBENHAVN K;06/02/1904;;;
335;GYLDb.CO;Gyldendal A/S;Denmark;Denmark;OMX Nordic Exchange Copenhagen A/S;DK0010247600;2138008YD1QPCDECIJ70;;01/10/1985;01/10/1985;Consumer Discretionary;Media;Publishing;44.00.00;;;;279;ALL_COMPANIES/Gyldendal A-S/Gyldendal årsrapport 2023.pdf;Gyldendal A/S;2023;0.0073354116999816;['Gennembruddet for kunstig intelligens medfører nye muligheder for at forbedre vores forretning gennem effektivise-\nring af processer og forædling af vores produkter, fx inden for uddannelsesområdet. Dem forfølger vi naturligvis. \nSamtidig er det helt afgørende for os som indholdsproducent og rettighedsforvalter at beskytte ophavsretten og den \nmenneskelige kreativitet. Det gør vi både med vores egne etiske principper for arbejdet med den nye teknologi og \ngennem brancheforeningen Danske Forlag. \n', 'På tværs af koncernen har alle enheder og redaktioner et skærpet fokus på at optimere processer med henblik på at \nøge indtjeningen. Dette finder sted i en kontinuerlig forbedring af den daglige drift samt gennem en styrket struktur \nfor opfølgning og analyse. Dertil foretages eksperimenter med kunstig intelligens for at afdække potentialet for ad \nden vej at forbedre effektiviteten, øge eksekveringshastigheden eller forædle produkter. Udnyttelsen af kunstig intel-\nligens er stadig på tidlige stadier, og der arbejdes ud fra en klar governance og et etisk rammeværk for at sikre, at en-\nhver benyttelse af teknologien sker i overensstemmelse med Gyldendals formål og identitet. \n'];4;2;2;8;673022000;KOEBENHAVN K;06/02/1904;;;
336;GYLDb.CO;Gyldendal A/S;Denmark;Denmark;OMX Nordic Exchange Copenhagen A/S;DK0010247600;2138008YD1QPCDECIJ70;;01/10/1985;01/10/1985;Consumer Discretionary;Media;Publishing;44.00.00;;;;275;ALL_COMPANIES/Gyldendal A-S/gyldendal-arsrapport-2022.pdf;Gyldendal A/S;2022;00.00;[];0;0;0;0;834577000;KOEBENHAVN K;06/02/1904;;;
337;GYLDb.CO;Gyldendal A/S;Denmark;Denmark;OMX Nordic Exchange Copenhagen A/S;DK0010247600;2138008YD1QPCDECIJ70;;01/10/1985;01/10/1985;Consumer Discretionary;Media;Publishing;44.00.00;;;;276;ALL_COMPANIES/Gyldendal A-S/gyldendal-arsrapport-2021.pdf;Gyldendal A/S;2021;00.00;[];0;0;0;0;809203000;KOEBENHAVN K;06/02/1904;;;
338;GYLDb.CO;Gyldendal A/S;Denmark;Denmark;OMX Nordic Exchange Copenhagen A/S;DK0010247600;2138008YD1QPCDECIJ70;;01/10/1985;01/10/1985;Consumer Discretionary;Media;Publishing;44.00.00;;;;277;ALL_COMPANIES/Gyldendal A-S/Gyldendal - Årsrapport 2020.pdf;Gyldendal A/S;2020;00.00;[];0;0;0;0;839280000;KOEBENHAVN K;06/02/1904;;;
339;LOLB.CO;Lollands Bank A/S;Denmark;Denmark;OMX Nordic Exchange Copenhagen A/S;DK0060000107;213800RENLNKMWZV8767;;02/01/1985;02/01/1985;Financials;Banks;Banks;45.00.00;;;;146;ALL_COMPANIES/Lollands Bank A-S/aarsrapport-2025.pdf;Lollands Bank A/S;2025;00.00;[];0;0;0;0;5336970000;Nakskov;09/02/1907;;;
340;LOLB.CO;Lollands Bank A/S;Denmark;Denmark;OMX Nordic Exchange Copenhagen A/S;DK0060000107;213800RENLNKMWZV8767;;02/01/1985;02/01/1985;Financials;Banks;Banks;45.00.00;;;;145;ALL_COMPANIES/Lollands Bank A-S/aarsrapport-2024.pdf;Lollands Bank A/S;2024;00.00;[];0;0;0;0;5054443000;Nakskov;09/02/1907;;;
341;LOLB.CO;Lollands Bank A/S;Denmark;Denmark;OMX Nordic Exchange Copenhagen A/S;DK0060000107;213800RENLNKMWZV8767;;02/01/1985;02/01/1985;Financials;Banks;Banks;45.00.00;;;;148;ALL_COMPANIES/Lollands Bank A-S/aarsrapport-2023.pdf;Lollands Bank A/S;2023;00.00;[];0;0;0;0;4839492000;Nakskov;09/02/1907;;;
342;LOLB.CO;Lollands Bank A/S;Denmark;Denmark;OMX Nordic Exchange Copenhagen A/S;DK0060000107;213800RENLNKMWZV8767;;02/01/1985;02/01/1985;Financials;Banks;Banks;45.00.00;;;;147;ALL_COMPANIES/Lollands Bank A-S/aarsrapport-2022.pdf;Lollands Bank A/S;2022;00.00;[];0;0;0;0;4405928000;Nakskov;09/02/1907;;;
343;LOLB.CO;Lollands Bank A/S;Denmark;Denmark;OMX Nordic Exchange Copenhagen A/S;DK0060000107;213800RENLNKMWZV8767;;02/01/1985;02/01/1985;Financials;Banks;Banks;45.00.00;;;;149;ALL_COMPANIES/Lollands Bank A-S/aarsrapport-2021.pdf;Lollands Bank A/S;2021;00.00;[];0;0;0;0;4261508000;Nakskov;09/02/1907;;;
344;LOLB.CO;Lollands Bank A/S;Denmark;Denmark;OMX Nordic Exchange Copenhagen A/S;DK0060000107;213800RENLNKMWZV8767;;02/01/1985;02/01/1985;Financials;Banks;Banks;45.00.00;;;;150;ALL_COMPANIES/Lollands Bank A-S/aarsrapport-2020.pdf;Lollands Bank A/S;2020;00.00;[];0;0;0;0;3964073000;Nakskov;09/02/1907;;;
345;RTX.CO;Rtx A/S;Denmark;Denmark;OMX Nordic Exchange Copenhagen A/S;DK0010267129;529900UW7RV30N4RYQ41;;01/06/2000;08/06/2000;Telecommunications;Telecommunications Equipment;Telecommunications Equipment;46.00.00;;;;332;ALL_COMPANIES/RTX A-S/2025-annual-report-2024_25.pdf;RTX A/S;2025;0.0041887448426079;['Monitoring of the implications and usability of commoditized technologies for RTX \nproduct application areas will remain in focus to identify risks, but also opportunities. \nThis includes the use of AI and ML engines.\n', 'Mitigation\nWhile cybersecurity and IT risks cannot be fully eliminated, RTX continuously works to \nminimize exposure through regular updates of technical security controls, policies, and \nguidelines. IT security is managed centrally by Corporate IT, which implements stand-\nardized and centrally managed solutions to reduce the number of applications in use \nand enable unified control of platforms, master data, and security functions. RTX also \nutilizes AI-driven tools to monitor system activity and detect abnormalities, enhancing \nearly detection and response to potential threats. An IT Security Board oversees key \nsecurity matters, ensuring clear ownership, management attention, and alignment with \nbusiness priorities.\n'];4;3;3;10;490515000;Noerresundby;25/05/1993;298.00.00;52800000.0;547100000.0
346;RTX.CO;Rtx A/S;Denmark;Denmark;OMX Nordic Exchange Copenhagen A/S;DK0010267129;529900UW7RV30N4RYQ41;;01/06/2000;08/06/2000;Telecommunications;Telecommunications Equipment;Telecommunications Equipment;46.00.00;;;;334;ALL_COMPANIES/RTX A-S/2024-rtx-annual-report-2023-24.pdf;RTX A/S;2024;00.00;[];0;0;0;0;491268000;Noerresundby;25/05/1993;282.00.00;;498300000.0
347;RTX.CO;Rtx A/S;Denmark;Denmark;OMX Nordic Exchange Copenhagen A/S;DK0010267129;529900UW7RV30N4RYQ41;;01/06/2000;08/06/2000;Telecommunications;Telecommunications Equipment;Telecommunications Equipment;46.00.00;;;;330;ALL_COMPANIES/RTX A-S/2023-rtx-annual-report-2022-23.pdf;RTX A/S;2023;0.0021328328285628;['General management with specialty in \nsales & marketing, transformation and \ndigitalization. International experience from \nglobal market leader in the ICT space. \nSpecific technology expertise in 4G/5G \ntechnology, Internet of Things (IoT) and AI.\n'];1;0;0;1;578089000;Noerresundby;25/05/1993;257.00.00;62300000.0;782800000.0
348;RTX.CO;Rtx A/S;Denmark;Denmark;OMX Nordic Exchange Copenhagen A/S;DK0010267129;529900UW7RV30N4RYQ41;;01/06/2000;08/06/2000;Telecommunications;Telecommunications Equipment;Telecommunications Equipment;46.00.00;;;;335;ALL_COMPANIES/RTX A-S/2022-rtx-annual-report-2021-22.pdf;RTX A/S;2022;0.0021295625878444;['General management with specialty in \nsales & marketing, transformation and \ndigitalization. International experience from \nglobal market leader in the ICT space. \nSpecific technology expertise in 4G/5G \ntechnology, Internet of Things (IoT) and AI.\n'];1;0;0;1;556823000;Noerresundby;25/05/1993;264.00.00;60500000.0;663289000.0
349;RTX.CO;Rtx A/S;Denmark;Denmark;OMX Nordic Exchange Copenhagen A/S;DK0010267129;529900UW7RV30N4RYQ41;;01/06/2000;08/06/2000;Telecommunications;Telecommunications Equipment;Telecommunications Equipment;46.00.00;;;;333;ALL_COMPANIES/RTX A-S/2021-rtx-annual-report-2020-21.pdf;RTX A/S;2021;0.0021814056978316;['International senior executive with expe-\nrience from large global market leader in \nthe ICT space. General management with \nspecialty in sales & marketing, transforma-\ntion and digitalization. Specific technology \nexpertise in mobile technology (4G/5G), \nInternet of Things (IoT) and AI\n'];1;0;0;1;485310000;Noerresundby;25/05/1993;;65000000.0;457157000.0
350;RTX.CO;Rtx A/S;Denmark;Denmark;OMX Nordic Exchange Copenhagen A/S;DK0010267129;529900UW7RV30N4RYQ41;;01/06/2000;08/06/2000;Telecommunications;Telecommunications Equipment;Telecommunications Equipment;46.00.00;;;;331;ALL_COMPANIES/RTX A-S/2020-rtx-annual-report-2019-20.pdf;RTX A/S;2020;0.0022034197073858;['International senior executive \nprofile with experience from large \nglobal market leader in the ICT \nspace. General management profile \nwith specialty in sales & marketing, \ntransformation and digitalization. \nSpecific technology expertise in \nmobile technology (4G/5G), Internet \nof Things (IoT) and AI.\n'];1;0;0;1;533581000;Noerresundby;25/05/1993;;;
351;NORTHM.CO;North Media A/S;Denmark;Denmark;OMX Nordic Exchange Copenhagen A/S;DK0010270347;5493005TQSCPQXY1NP67;;01/05/1996;21/05/1996;Consumer Discretionary;Media;Publishing;46.00.00;;;;258;ALL_COMPANIES/North Media A-S/North-Media-Aarsrapport-2025.pdf;North Media A/S;2025;0.0021679041786353;['• \nImplementering af AI-baserede funktioner og ser-\nvices \n', 'Implementering af AI-baserede funktioner og \nservices \n'];0;2;0;2;1539500000;Soeborg;09/01/1981;411.00.00;;1301400000.0
352;NORTHM.CO;North Media A/S;Denmark;Denmark;OMX Nordic Exchange Copenhagen A/S;DK0010270347;5493005TQSCPQXY1NP67;;01/05/1996;21/05/1996;Consumer Discretionary;Media;Publishing;46.00.00;;;;259;ALL_COMPANIES/North Media A-S/North-Media-Aarsrapport-2024.pdf;North Media A/S;2024;00.00;[];0;0;0;0;1612900000;Soeborg;09/01/1981;445.00.00;;949100000.0
353;NORTHM.CO;North Media A/S;Denmark;Denmark;OMX Nordic Exchange Copenhagen A/S;DK0010270347;5493005TQSCPQXY1NP67;;01/05/1996;21/05/1996;Consumer Discretionary;Media;Publishing;46.00.00;;;;262;ALL_COMPANIES/North Media A-S/Annual-Report-2023.pdf;North Media A/S;2023;0.0010267678375242;['recruiting companies. This is accomplished \nthrough its access to both active and passive \njob seekers. \n \nThe group of passive job seekers is large  \nand an attractive segment for employers.  \nOfir mainly reaches this group through job \ncampaigns on social media – a market where \nOfir is strongly positioned. Ofir also collabo-\nrates with other job portals, including Google \nJobAds, to enhance the online exposure of the \njob ads. \n \nIn 2023, Ofir launched a new and search-opti-\nmised website as well as several AI-based tools \nfor both recruiting companies and job seekers \naimed at facilitating the job posting and job \napplication processes. \n \nBased on current economic trends, Ofir  \nexpects demand for filling vacant positions to \nremain significant in large parts of the labour \nmarket. However, to secure future growth \nand earnings, it is essential that Ofir develops \nthe business into becoming less cyclical and \nmore scalable. Lucas Carstensen Castenborg \nwas appointed new CEO in October 2023 and \ncharged with implementing this strategic  \nassignment. \n'];2;3;1;6;1211300000;Soeborg;09/01/1981;;;995300000.0
354;NORTHM.CO;North Media A/S;Denmark;Denmark;OMX Nordic Exchange Copenhagen A/S;DK0010270347;5493005TQSCPQXY1NP67;;01/05/1996;21/05/1996;Consumer Discretionary;Media;Publishing;46.00.00;;;;261;ALL_COMPANIES/North Media A-S/Annual-report-2022.pdf;North Media A/S;2022;00.00;[];0;0;0;0;1320600000;Soeborg;09/01/1981;;;1033600000.0
355;NORTHM.CO;North Media A/S;Denmark;Denmark;OMX Nordic Exchange Copenhagen A/S;DK0010270347;5493005TQSCPQXY1NP67;;01/05/1996;21/05/1996;Consumer Discretionary;Media;Publishing;46.00.00;;;;260;ALL_COMPANIES/North Media A-S/north-media-arsrapport-2021.pdf;North Media A/S;2021;0.0037075485688862;['Strategisk fokus  \nOfirs ambitioner frem mod 2024 er at opnå en \nårlig, organisk vækst i niveauet 20% og en sti-\ngende overskudsgrad. En forudsætning for \nopfyldelse af de ambitioner er, at Ofir kon-\nstant styrker sin platform med stærkere tilbud \ntil både arbejdsgivere og kandidater, og at fo-\nkus fastholdes på effekt og høj datakvalitet.  \n \nDe strategiske prioriteter er derfor:  \n \n• At styrke data- og analysearbejdet på \njobopslag og kandidater ved machine lear-\nning, kunstig intelligens mv., så Ofir hjælper \narbejdsgivere med at tiltrække endnu bedre \nkandidater. \n• At vinde markedsandele gennem en stær-\nkere salgsindsats over for særligt større pri-\nvate virksomheder.   \n• At styrke kunderådgivningen, bl.a. om an-\nnoncering på sociale medier og employer \nbranding kampagner. \n', 'Ledelseserhverv uden for  \nNorth Media-koncernens selskaber: \n• Brandhouse A/S (BM) \n• Brandhouse Gruppen ApS (BM) \n• Cogo ApS (F) \n• Go Dogo ApS (F) \n• North Risk A/S (BM) \n• North Risk Holding A/S (BM) \n• Subsero A/S (BM) \n• Vertigo.ai IVS (F) \n'];4;2;0;6;1189100000;Soeborg;09/01/1981;;;1045400000.0
356;NORTHM.CO;North Media A/S;Denmark;Denmark;OMX Nordic Exchange Copenhagen A/S;DK0010270347;5493005TQSCPQXY1NP67;;01/05/1996;21/05/1996;Consumer Discretionary;Media;Publishing;46.00.00;;;;257;ALL_COMPANIES/North Media A-S/Aarsrapport-2020-DK.pdf;North Media A/S;2020;0.002176657524705;['Ledelseserhverv uden for  \nNorth Media- koncernens selskaber: \n• Brandhouse A/S (BM) \n• Brandhouse Gruppen ApS (BM) \n• Go Dogo ApS (F) \n• SUBSERO A/S (BM) \n• Vertigo.ai IVS (F) \n• Weikop Project (D) \n'];0;0;0;0;967800000;Soeborg;09/01/1981;;;1130000000.0
357;FFARMS.CO;Firstfarms A/S;Denmark;Denmark;OMX Nordic Exchange Copenhagen A/S;DK0060056166;2138007DFVFLUCCSX925;;12/12/2006;12/12/2006;Consumer Staples;Food Producers;Farming, Fishing, Ranching and Plantations;47.00.00;1;;folder is empty;0;Missing Reports/Firstfarms A:S/FirstFarms_Aarsrapport_2021_PDF_version.pdf;FirstFarms A/S;2021;0.0027140724657348;['Alle data, som FirstFarms er i besiddelse af, holdes \npå et minimum for at opfylde formålet, opbevares \nsikkert og nøjagtigt, opbevares ikke længere end nød-\nvendigt og bruges kun til specifik og lovlig virksomhed. \nFirstFarms bruger ikke algoritmer, maskinlæring, \nkunstig intelligens til behandling af data. Hvis\nFirstFarms implementerer nævnte metoder til data-\nbehandling, vil den dataetiske politik blive revurderet. \nPolitikken \ner \ntilgængelig \npå \nFirstFarms’\nhjemmeside. \n'];0;0;0;0;1141955000;Billund;22/12/2004;;;
358;FFARMS.CO;Firstfarms A/S;Denmark;Denmark;OMX Nordic Exchange Copenhagen A/S;DK0060056166;2138007DFVFLUCCSX925;;12/12/2006;12/12/2006;Consumer Staples;Food Producers;Farming, Fishing, Ranching and Plantations;47.00.00;1;;folder is empty;1;Missing Reports/Firstfarms A:S/FirstFarms_Aarsrapport_2024.pdf;FirstFarms A/S;2024;0.00229126569517;['Alle data, som FirstFarms er i besiddelse af, holdes \npå et minimum for at opfylde formålet, opbevares \nsikkert og nøjagtigt, opbevares ikke længere end \nnødvendigt og bruges kun til specifik og lovlig virk\xad\nsomhed.  FirstFarms bruger ikke algoritmer, maskin\xad\nlæring eller kunstig intelligens til behandling af data.  \nHvis FirstFarms implementerer nævnte metoder til \ndatabehandling, vil den dataetiske politik blive revur\xad\nderet.  Den kan findes her: http://www.firstfarms. dk/\nfileadmin/Politikker/Dataetik_politik. pdf\n'];1;0;0;1;1509689000;Billund;22/12/2004;;;
359;FFARMS.CO;Firstfarms A/S;Denmark;Denmark;OMX Nordic Exchange Copenhagen A/S;DK0060056166;2138007DFVFLUCCSX925;;12/12/2006;12/12/2006;Consumer Staples;Food Producers;Farming, Fishing, Ranching and Plantations;47.00.00;1;;folder is empty;2;Missing Reports/Firstfarms A:S/FirstFarms_Aarsrapport_2025.pdf;FirstFarms A/S;2025;00.00;['Alle data, som FirstFarms er i besiddelse af, holdes på \net minimum for at opfylde formålet, opbevares sikkert \nog nøjagtigt, opbevares ikke længere end nødvendigt \nog bruges kun til specifik og lovlig virksomhed.  First\xad\nFarms bruger ikke algoritmer, maskinlæring eller kun\xad\nstig intelligens til behandling af data.  Hvis FirstFarms \nimplementerer nævnte metoder til databehandling, vil \nden dataetiske politik blive revurderet.  Den kan findes \nher: http://www. firstfarms. dk/fileadmin/Politikker/Da\xad\ntaetik_politik. pdf\n'];1;0;0;1;1684898000;Billund;22/12/2004;;;
360;FFARMS.CO;Firstfarms A/S;Denmark;Denmark;OMX Nordic Exchange Copenhagen A/S;DK0060056166;2138007DFVFLUCCSX925;;12/12/2006;12/12/2006;Consumer Staples;Food Producers;Farming, Fishing, Ranching and Plantations;47.00.00;1;;folder is empty;3;Missing Reports/Firstfarms A:S/FirstFarms_AArsrapport_2022.pdf;FirstFarms A/S;2022;0.0025365903152981;['Alle data, som FirstFarms er i besiddelse af, holdes \npa et minimum for at opfylde formalet, opbevares \nsikkert og nøjagtigt, opbevares ikke længere end \nnødvendigt og bruges kun til specifik og lovlig virk-\nsomhed.  FirstFarms bruger ikke algoritmer, maskin-\nlæring, kunstig intelligens til behandling af data.  Hvis \nFirstFarms implementerer nævnte metoder til data-\nbehandling vil den dataetiske politik blive revurderet.  \nwww.firstfarms. dk/home/vores-politikker\n', 'Erklæring om overholdelse \naf ESEF-forordningen\nSom et led i revisionen af regnskabet for FirstFarms \nA/S har vi udført handlinger med henblik på at ud-\ntrykke en konklusion om, hvorvidt årsrapporten for \nregnskabsåret 1. januar til 31. december 2022, med \nfilnavnet firstfarms-2022-12-31-da. zip, er udarbejdet i \noverensstemmelse med EU-Kommissionens delege-\nrede forordning 2019/815 om det fælles elektroniske \nrapporteringsformat (ESEF-forordningen), som inde-\nholder krav til udarbejdelse af en årsrapport i XHT-\nML-format og iXBRL-opmærkning af koncernregn-\nskabet inklusive noter.\n', '•\tKontrol af, om årsrapporten er udarbejdet i XHT-\nML-format,\n'];0;0;0;0;1098541000;Billund;22/12/2004;;;
361;FFARMS.CO;Firstfarms A/S;Denmark;Denmark;OMX Nordic Exchange Copenhagen A/S;DK0060056166;2138007DFVFLUCCSX925;;12/12/2006;12/12/2006;Consumer Staples;Food Producers;Farming, Fishing, Ranching and Plantations;47.00.00;1;;folder is empty;4;Missing Reports/Firstfarms A:S/FirstFarms_Aarsrapport_2023.pdf;FirstFarms A/S;2023;0.0023820867079561;['Alle data, som FirstFarms er i besiddelse af, holdes \npa et minimum for at opfylde formalet, opbevares \nsikkert og nøjagtigt, opbevares ikke længere end \nnødvendigt og bruges kun til specifik og lovlig virk\xad\nsomhed.  FirstFarms bruger ikke algoritmer, maskin\xad\nlæring, kunstig intelligens til behandling af data.  Hvis \nFirstFarms implementerer nævnte metoder til data\xad\nbehandling vil den dataetiske politik blive revurderet.  \nwww. FirstFarms. dk/home/vores-politikker\n', 'Erklæring om overholdelse \naf ESEF-forordningen\nSom et led i revisionen af regnskabet for FirstFarms \nA/S har vi udført handlinger med henblik på at ud\xad\ntrykke en konklusion om, hvorvidt årsrapporten for \nregnskabsåret 1. januar til 31. december 2023, med \nfilnavnet FirstFarms-2023-12-31-da. zip, er udarbejdet i \noverensstemmelse med EU-Kommissionens delege\xad\nrede forordning 2019/815 om det fælles elektroniske \nrapporteringsformat (ESEF-forordningen), som inde\xad\nholder krav til udarbejdelse af en årsrapport i XHT\xad\nML-format og iXBRL-opmærkning af koncernregn\xad\nskabet inklusive noter.\n'];0;0;0;0;1341487000;Billund;22/12/2004;;;
362;FFARMS.CO;Firstfarms A/S;Denmark;Denmark;OMX Nordic Exchange Copenhagen A/S;DK0060056166;2138007DFVFLUCCSX925;;12/12/2006;12/12/2006;Consumer Staples;Food Producers;Farming, Fishing, Ranching and Plantations;47.00.00;1;;folder is empty;5;Missing Reports/Firstfarms A:S/AArsrapport_2020.pdf;FirstFarms A/S;2020;00.00;[];0;0;0;0;1072119000;Billund;22/12/2004;;;
363;PRIMOF.CO;Prime Office A/S;Denmark;Denmark;OMX Nordic Exchange Copenhagen A/S;DK0060137594;529900NIF11WK935XH53;;10/07/2008;11/07/2008;Real Estate;Real Estate Investment and Services Development;Real Estate Holding and Development;48.00.00;;May 1 - April 30;;23;Missing Reports/Prime Office A:S/prime-office-as-arsregnskab-2022.pdf;Prime Office A/S;2022;00.00;[];0;0;0;0;3468975000;Copenhagen;10/12/2007;;;
364;PRIMOF.CO;Prime Office A/S;Denmark;Denmark;OMX Nordic Exchange Copenhagen A/S;DK0060137594;529900NIF11WK935XH53;;10/07/2008;11/07/2008;Real Estate;Real Estate Investment and Services Development;Real Estate Holding and Development;48.00.00;;May 1 - April 30;;24;Missing Reports/Prime Office A:S/prime-office-aarsregnskab-2020.pdf;Prime Office A/S;2020;00.00;[];0;0;0;0;3017588000;Copenhagen;10/12/2007;;;
365;PRIMOF.CO;Prime Office A/S;Denmark;Denmark;OMX Nordic Exchange Copenhagen A/S;DK0060137594;529900NIF11WK935XH53;;10/07/2008;11/07/2008;Real Estate;Real Estate Investment and Services Development;Real Estate Holding and Development;48.00.00;;May 1 - April 30;;25;Missing Reports/Prime Office A:S/Aarsregnskab-2025.pdf;Prime Office A/S;2025;0.0029215846675236;['Prime Office A/S behandler personoplysninger om lejere, aktionærer og \nsamarbejdspartnere i overensstemmelse med gældende persondatalovgivning \n(GDPR). Selskabet har ikke vedtaget en særskilt politik for dataetik, da \nselskabets aktiviteter ikke involverer udvikling eller anvendelse af kunstig \nintelligens eller avanceret dataanalyse i væsentligt omfang.\n'];0;0;0;0;4363987000;Copenhagen;10/12/2007;;;
366;PRIMOF.CO;Prime Office A/S;Denmark;Denmark;OMX Nordic Exchange Copenhagen A/S;DK0060137594;529900NIF11WK935XH53;;10/07/2008;11/07/2008;Real Estate;Real Estate Investment and Services Development;Real Estate Holding and Development;48.00.00;;May 1 - April 30;;26;Missing Reports/Prime Office A:S/prime-office-2021_ny1.pdf;Prime Office A/S;2021;00.00;[];0;0;0;0;3242895000;Copenhagen;10/12/2007;;;
367;PRIMOF.CO;Prime Office A/S;Denmark;Denmark;OMX Nordic Exchange Copenhagen A/S;DK0060137594;529900NIF11WK935XH53;;10/07/2008;11/07/2008;Real Estate;Real Estate Investment and Services Development;Real Estate Holding and Development;48.00.00;;May 1 - April 30;;27;Missing Reports/Prime Office A:S/prime-office-arsregnskab-2023.pdf;Prime Office A/S;2023;00.00;[];0;0;0;0;3794774000;Copenhagen;10/12/2007;;;
368;PRIMOF.CO;Prime Office A/S;Denmark;Denmark;OMX Nordic Exchange Copenhagen A/S;DK0060137594;529900NIF11WK935XH53;;10/07/2008;11/07/2008;Real Estate;Real Estate Investment and Services Development;Real Estate Holding and Development;48.00.00;;May 1 - April 30;;28;Missing Reports/Prime Office A:S/prime-office-arsregnskab-2024-1.pdf;Prime Office A/S;2024;00.00;[];0;0;0;0;3939649000;Copenhagen;10/12/2007;;;
369;FLUGb.CO;Flugger group A/S;Denmark;Denmark;OMX Nordic Exchange Copenhagen A/S;DK0010218189;5493008AHEOXL9ETQO38;;01/01/1983;03/01/1985;Industrials;General Industrials;Paints and Coatings;48.00.00;;March;;526;ALL_COMPANIES/Flugger group A-S/Flugger-arsrapport-2024-25-UK-v2.pdf;Flügger group A/S;2024;0.0021503988989957;['Qualifications*:Through his many years of experience from \nleading positions in the Danish business community, he has \nworked with financial management, governance & compliance, \ncorporate strategy, M&A, IT & business transformation, BI & \nArtificial Intelligence and business development.\n'];1;1;1;3;1938803000;ROEDOVRE;15/03/1971;1873.00.00;;2208344000.0
370;FLUGb.CO;Flugger group A/S;Denmark;Denmark;OMX Nordic Exchange Copenhagen A/S;DK0010218189;5493008AHEOXL9ETQO38;;01/01/1983;03/01/1985;Industrials;General Industrials;Paints and Coatings;48.00.00;;March;;525;ALL_COMPANIES/Flugger group A-S/Flugger-Annual-Report-2023-24.pdf;Flügger group A/S;2023;0.007230657989877;['Digitalisation\nDocumentation platform for B2B, optimisation \nof internal administration systems, introduc-\ntion of Learning Experience Platform, and \noptimization of resources and competencies \nthrough the use of AI and automation tools in \nmarketing and HR.\n'];1;2;2;5;2131837000;ROEDOVRE;15/03/1971;1527.00.00;;2550183000.0
371;FLUGb.CO;Flugger group A/S;Denmark;Denmark;OMX Nordic Exchange Copenhagen A/S;DK0010218189;5493008AHEOXL9ETQO38;;01/01/1983;03/01/1985;Industrials;General Industrials;Paints and Coatings;48.00.00;;March;;527;ALL_COMPANIES/Flugger group A-S/Flugger-arsrapport-2022-23-summary-UK.pdf;Flügger group A/S;2022;00.00;[];0;0;0;0;2225509000;ROEDOVRE;15/03/1971;;;2520000000.0
372;FLUGb.CO;Flugger group A/S;Denmark;Denmark;OMX Nordic Exchange Copenhagen A/S;DK0010218189;5493008AHEOXL9ETQO38;;01/01/1983;03/01/1985;Industrials;General Industrials;Paints and Coatings;48.00.00;;March;;528;ALL_COMPANIES/Flugger group A-S/flugger-aarsrapport_2021-22.pdf;Flügger group A/S;2021;0.00218107265153;['Kvalifikationer: Har gennem sin mangeårige \nerfaring fra ledende poster i dansk erhvervsliv \narbejdet med bl.a. økonomistyring, Governan-\nce & Compliance, Corporate Strategy, M&A, \nIT & Business Transformation, BI & Artificial \nIntelligence samt forretningsudvikling.\n'];1;1;2;4;1842407000;ROEDOVRE;15/03/1971;;;
373;FLUGb.CO;Flugger group A/S;Denmark;Denmark;OMX Nordic Exchange Copenhagen A/S;DK0010218189;5493008AHEOXL9ETQO38;;01/01/1983;03/01/1985;Industrials;General Industrials;Paints and Coatings;48.00.00;;March;;529;ALL_COMPANIES/Flugger group A-S/flugger-aarsrapport-2020-21.pdf;Flügger group A/S;2020;00.00;[];0;0;0;0;1691052000;ROEDOVRE;15/03/1971;;;
374;MNBA.CO;Moens Bank A/S;Denmark;Denmark;OMX Nordic Exchange Copenhagen A/S;DK0060133841;213800BGF1TQB5M6PH65;;02/01/1985;02/01/1985;Financials;Banks;Banks;50.00.00;;;;343;ALL_COMPANIES/Moens Bank A-S/Mns Bank Arsrapport 2025.pdf;Møns Bank A/S;2025;00.00;[];0;0;0;0;5002882000;Stege;30/03/1967;;;
375;MNBA.CO;Moens Bank A/S;Denmark;Denmark;OMX Nordic Exchange Copenhagen A/S;DK0060133841;213800BGF1TQB5M6PH65;;02/01/1985;02/01/1985;Financials;Banks;Banks;50.00.00;;;;346;ALL_COMPANIES/Moens Bank A-S/mons-bank-arsrapport-2024.pdf;Møns Bank;2024;00.00;[];0;0;0;0;4597315000;Stege;30/03/1967;;;
376;MNBA.CO;Moens Bank A/S;Denmark;Denmark;OMX Nordic Exchange Copenhagen A/S;DK0060133841;213800BGF1TQB5M6PH65;;02/01/1985;02/01/1985;Financials;Banks;Banks;50.00.00;;;;342;ALL_COMPANIES/Moens Bank A-S/amNsb3VkczovLzAzLzNmL2FmLzQ4Lzg4LzY2NTQtNGI3NS05OTk4LWVlMDk2YTI0N2Q0Mw.pdf;MØNS BANK A/S;2023;00.00;[];0;0;0;0;4360623000;Stege;30/03/1967;;;
377;MNBA.CO;Moens Bank A/S;Denmark;Denmark;OMX Nordic Exchange Copenhagen A/S;DK0060133841;213800BGF1TQB5M6PH65;;02/01/1985;02/01/1985;Financials;Banks;Banks;50.00.00;;;;345;ALL_COMPANIES/Moens Bank A-S/Årsrapport 2022.pdf;MØNS BANK A/S;2022;00.00;[];0;0;0;0;4016363000;Stege;30/03/1967;;;
378;MNBA.CO;Moens Bank A/S;Denmark;Denmark;OMX Nordic Exchange Copenhagen A/S;DK0060133841;213800BGF1TQB5M6PH65;;02/01/1985;02/01/1985;Financials;Banks;Banks;50.00.00;;;;347;ALL_COMPANIES/Moens Bank A-S/MB - Årsrapport 2021.pdf;MØNS BANK A/S;2021;00.00;[];0;0;0;0;3741558000;Stege;30/03/1967;;;
379;MNBA.CO;Moens Bank A/S;Denmark;Denmark;OMX Nordic Exchange Copenhagen A/S;DK0060133841;213800BGF1TQB5M6PH65;;02/01/1985;02/01/1985;Financials;Banks;Banks;50.00.00;;;;344;ALL_COMPANIES/Moens Bank A-S/Årsrapport 2020.pdf;Møns Bank A/S;2020;00.00;[];0;0;0;0;3271330000;Stege;30/03/1967;;;
380;TCM.CO;TCM Group A/S;Denmark;Denmark;OMX Nordic Exchange Copenhagen A/S;DK0060915478;529900P5DOKT3XLWL480;;24/11/2017;24/11/2017;Consumer Discretionary;Household Goods and Home Construction;Household Furnishings;52.00.00;;;;28;ALL_COMPANIES/TCM Group A-S/TCM_Annual report 2025.pdf;TCM Group A/S;2025;00.00;[];0;0;0;0;1206544000;Holstebro;09/12/2015;415.00.00;;1203783000.0
381;TCM.CO;TCM Group A/S;Denmark;Denmark;OMX Nordic Exchange Copenhagen A/S;DK0060915478;529900P5DOKT3XLWL480;;24/11/2017;24/11/2017;Consumer Discretionary;Household Goods and Home Construction;Household Furnishings;52.00.00;;;;25;ALL_COMPANIES/TCM Group A-S/Annual report 2024-2.pdf;TCM Group A/S;2024;00.00;[];0;0;0;0;1200873000;Holstebro;09/12/2015;482.00.00;;1111346000.0
382;TCM.CO;TCM Group A/S;Denmark;Denmark;OMX Nordic Exchange Copenhagen A/S;DK0060915478;529900P5DOKT3XLWL480;;24/11/2017;24/11/2017;Consumer Discretionary;Household Goods and Home Construction;Household Furnishings;52.00.00;;;;23;ALL_COMPANIES/TCM Group A-S/Annual report 2023-3.pdf;TCM Group A/S;2023;00.00;[];0;0;0;0;970227000;Holstebro;09/12/2015;504.00.00;;1146100000.0
383;TCM.CO;TCM Group A/S;Denmark;Denmark;OMX Nordic Exchange Copenhagen A/S;DK0060915478;529900P5DOKT3XLWL480;;24/11/2017;24/11/2017;Consumer Discretionary;Household Goods and Home Construction;Household Furnishings;52.00.00;;;;27;ALL_COMPANIES/TCM Group A-S/TCM Annual report 2022_underskrevet.pdf;TCM Group A/S;2022;00.00;[];0;0;0;0;907321000;Holstebro;09/12/2015;483.00.00;;1108274000.0
384;TCM.CO;TCM Group A/S;Denmark;Denmark;OMX Nordic Exchange Copenhagen A/S;DK0060915478;529900P5DOKT3XLWL480;;24/11/2017;24/11/2017;Consumer Discretionary;Household Goods and Home Construction;Household Furnishings;52.00.00;;;;24;ALL_COMPANIES/TCM Group A-S/Annual report 2021.pdf;TCM Group A/S;2021;00.00;[];0;0;0;0;929451000;Holstebro;09/12/2015;;;1024588000.0
385;TCM.CO;TCM Group A/S;Denmark;Denmark;OMX Nordic Exchange Copenhagen A/S;DK0060915478;529900P5DOKT3XLWL480;;24/11/2017;24/11/2017;Consumer Discretionary;Household Goods and Home Construction;Household Furnishings;52.00.00;;;;26;ALL_COMPANIES/TCM Group A-S/Annual report 2020-3.pdf;TCM Group;2020;00.00;[];0;0;0;0;911096000;Holstebro;09/12/2015;;;1006942000.0
386;HARBb.CO;Harboes Bryggeri A/S;Denmark;Denmark;OMX Nordic Exchange Copenhagen A/S;DK0060014751;529900HHQ61RRUM90490;;30/07/1993;02/08/1993;Consumer Staples;Beverages;Brewers;53.00.00;;July 1 - June 30;;56;ALL_COMPANIES/Harboes Bryggeri A-S/Årsrapport-2024_25 26-jun.pdf;Harboes Bryggeri A/S;2024;0.0022292070710448;['og øl-kampagner har vi som et forsøg udviklet AI-baseret \n', 'AI Power ApS\n', 'med mere end 30% kalorier pr. 100 ml sodavand, \n', 'kalorieindhold pr. 100 ml med 30% inden 2030. \n', 'Reduktion af kalorier \ni vores sodavand - kalorie pr. 100 ml\n', 'For baselineåret 2019/2020 og regnskabsåret \n2024/2025 er der indsamlet data for total solgt \nvolumen (hl) og kalorieindhold per 100 ml for \nHarboe-brandets sodavandsvolumen. \nProdukterne er opdelt i sukkersødede og \nsukkerfrie sodavand. Der er opgjort procentu\xad\nelle andele for henholdsvis sukkerholdige og \nsukkerfri sodavand baseret på deres andel af \nden samlede volumen. For hver kategori er der \nberegnet et gennemsnitligt kalorieindhold pr. \n100 mL. \n', 'På baggrund heraf er der udregnet et vægtet \ngennemsnitligt kalorieindhold, hvor hver type \nsodavand vægtes efter sin volumenandel i det \nsamlede salg. Den samlede volumen for \nsukkerholdige produkter er divideret med \ntotalvolumen og multipliceret med det \ngennemsnitlige kalorieindhold pr. 100 mL - og \ntilsvarende for de sukkerfri produkter. De to \nbidrag summeres og udgør det samlede \nvægtede gennemsnitlige kalorieindhold pr. \n100 mL. Slutteligt er det procentvise fald i \nkalorier fra baselineåret til 2024/2025 \nudregnet ved at regne (baseline - nuvæ\xad\nrende)/ kalorie x 100.\n'];1;0;0;1;1320426000;SKAELSKOER;14/09/1957;;;
387;HARBb.CO;Harboes Bryggeri A/S;Denmark;Denmark;OMX Nordic Exchange Copenhagen A/S;DK0060014751;529900HHQ61RRUM90490;;30/07/1993;02/08/1993;Consumer Staples;Beverages;Brewers;53.00.00;;July 1 - June 30;;58;ALL_COMPANIES/Harboes Bryggeri A-S/Årsrapport 2023_24-DK 27-06-24 kl 15.40.pdf;Harboes Bryggeri A/S;2023;0.0023172822913287;['Reducere kalorieindholdet i vores egne sodavand beregnet \npr 100 ml\n\nSamtidig vil nye smage være med færre kalorier, samtidig \nmed at den gode smag og høje kvalitet bibeholdes\n', 'der via kunstig intelligens måler, hvordan et produkt fremstår \n'];1;1;0;2;1199647000;SKAELSKOER;14/09/1957;;;
388;HARBb.CO;Harboes Bryggeri A/S;Denmark;Denmark;OMX Nordic Exchange Copenhagen A/S;DK0060014751;529900HHQ61RRUM90490;;30/07/1993;02/08/1993;Consumer Staples;Beverages;Brewers;53.00.00;;July 1 - June 30;;59;ALL_COMPANIES/Harboes Bryggeri A-S/Årsrapport 2022_2023.pdf;Harboes Bryggeri A/S;2022;00.00;[];0;0;0;0;1143022000;SKAELSKOER;14/09/1957;;;
389;HARBb.CO;Harboes Bryggeri A/S;Denmark;Denmark;OMX Nordic Exchange Copenhagen A/S;DK0060014751;529900HHQ61RRUM90490;;30/07/1993;02/08/1993;Consumer Staples;Beverages;Brewers;53.00.00;;July 1 - June 30;;60;ALL_COMPANIES/Harboes Bryggeri A-S/Årsrapport 2021-22.pdf;Harboes Bryggeri A/S;2021;00.00;[];0;0;0;0;1141069000;SKAELSKOER;14/09/1957;;;
390;HARBb.CO;Harboes Bryggeri A/S;Denmark;Denmark;OMX Nordic Exchange Copenhagen A/S;DK0060014751;529900HHQ61RRUM90490;;30/07/1993;02/08/1993;Consumer Staples;Beverages;Brewers;53.00.00;;July 1 - June 30;;57;ALL_COMPANIES/Harboes Bryggeri A-S/Aarsrapport_2020_2021.pdf;Harboes Bryggeri A/S;2020;00.00;[];0;0;0;0;1219805000;SKAELSKOER;14/09/1957;;;
391;AGFEb.CO;AGF A/S;Denmark;Denmark;OMX Nordic Exchange Copenhagen A/S;DK0010263722;213800NZF3NQOYOQUX61;;20/05/1988;20/05/1988;Consumer Discretionary;Travel and Leisure;Recreational Services;53.00.00;;May 1 - April 30;;504;ALL_COMPANIES/AGF A-S/agf-as-årsrapport-2024_25.pdf;AGF A/S;2025;00.00;[];0;0;0;0;290540000;Aarhus;08/03/1978;;;
392;AGFEb.CO;AGF A/S;Denmark;Denmark;OMX Nordic Exchange Copenhagen A/S;DK0010263722;213800NZF3NQOYOQUX61;;20/05/1988;20/05/1988;Consumer Discretionary;Travel and Leisure;Recreational Services;53.00.00;;May 1 - April 30;;505;ALL_COMPANIES/AGF A-S/agf-as-årsrapport-2023_24_underskrevet.pdf;[Extracted Company Name];2024;00.00;[];0;0;0;0;293729000;Aarhus;08/03/1978;;;
393;AGFEb.CO;AGF A/S;Denmark;Denmark;OMX Nordic Exchange Copenhagen A/S;DK0010263722;213800NZF3NQOYOQUX61;;20/05/1988;20/05/1988;Consumer Discretionary;Travel and Leisure;Recreational Services;53.00.00;;May 1 - April 30;;507;ALL_COMPANIES/AGF A-S/agf-as-aarsrapport-2022-23.pdf;AGF A/S;2023;00.00;[];0;0;0;0;210342000;Aarhus;08/03/1978;;;
394;AGFEb.CO;AGF A/S;Denmark;Denmark;OMX Nordic Exchange Copenhagen A/S;DK0010263722;213800NZF3NQOYOQUX61;;20/05/1988;20/05/1988;Consumer Discretionary;Travel and Leisure;Recreational Services;53.00.00;;May 1 - April 30;;508;ALL_COMPANIES/AGF A-S/agf-aarsrapport21-22_signed.pdf;[Extracted Company Name];2022;00.00;[];0;0;0;0;170906000;Aarhus;08/03/1978;;;
395;AGFEb.CO;AGF A/S;Denmark;Denmark;OMX Nordic Exchange Copenhagen A/S;DK0010263722;213800NZF3NQOYOQUX61;;20/05/1988;20/05/1988;Consumer Discretionary;Travel and Leisure;Recreational Services;53.00.00;;May 1 - April 30;;506;ALL_COMPANIES/AGF A-S/agf-as-aarsrapport-2020_21_final.pdf;AGF A/S;2021;00.00;[];0;0;0;0;164056000;Aarhus;08/03/1978;;;
396;FED.CO;Fast Ejendom Danmark A/S;Denmark;Denmark;OMX Nordic Exchange Copenhagen A/S;DK0060522746;529900OD0S4ABJLE8K13;;27/12/2013;27/12/2013;Real Estate;Real Estate Investment and Services Development;Real Estate Holding and Development;54.00.00;;;;138;ALL_COMPANIES/Fast Ejendom Danmark A-S/Aarsregnskab_2025.pdf;Fast Ejendom Danmark A/S;2025;00.00;[];0;0;0;0;1626205000;BROENDBY;24/02/2005;;;
397;FED.CO;Fast Ejendom Danmark A/S;Denmark;Denmark;OMX Nordic Exchange Copenhagen A/S;DK0060522746;529900OD0S4ABJLE8K13;;27/12/2013;27/12/2013;Real Estate;Real Estate Investment and Services Development;Real Estate Holding and Development;54.00.00;;;;134;ALL_COMPANIES/Fast Ejendom Danmark A-S/Aarsregnskab-2024.pdf;Fast Ejendom Danmark A/S;2024;00.00;[];0;0;0;0;1542380000;BROENDBY;24/02/2005;;;
398;FED.CO;Fast Ejendom Danmark A/S;Denmark;Denmark;OMX Nordic Exchange Copenhagen A/S;DK0060522746;529900OD0S4ABJLE8K13;;27/12/2013;27/12/2013;Real Estate;Real Estate Investment and Services Development;Real Estate Holding and Development;54.00.00;;;;136;ALL_COMPANIES/Fast Ejendom Danmark A-S/Aarsregnskab-2023-Fast-Ejendom-Danmark-AS.pdf;Fast Ejendom Danmark A/S;2023;00.00;[];0;0;0;0;1402732000;BROENDBY;24/02/2005;;;
399;FED.CO;Fast Ejendom Danmark A/S;Denmark;Denmark;OMX Nordic Exchange Copenhagen A/S;DK0060522746;529900OD0S4ABJLE8K13;;27/12/2013;27/12/2013;Real Estate;Real Estate Investment and Services Development;Real Estate Holding and Development;54.00.00;;;;133;ALL_COMPANIES/Fast Ejendom Danmark A-S/Arsrapport_2020_Fast_Ejendom_Danmark_AS.pdf;Example Corporation;2020;00.00;[];0;0;0;0;1065331000;BROENDBY;24/02/2005;;;
400;FED.CO;Fast Ejendom Danmark A/S;Denmark;Denmark;OMX Nordic Exchange Copenhagen A/S;DK0060522746;529900OD0S4ABJLE8K13;;27/12/2013;27/12/2013;Real Estate;Real Estate Investment and Services Development;Real Estate Holding and Development;54.00.00;;;;137;ALL_COMPANIES/Fast Ejendom Danmark A-S/Aarsregnskab-2022.pdf;Fast Ejendom Danmark A/S;2022;00.00;[];0;0;0;0;1267609000;BROENDBY;24/02/2005;;;
401;FED.CO;Fast Ejendom Danmark A/S;Denmark;Denmark;OMX Nordic Exchange Copenhagen A/S;DK0060522746;529900OD0S4ABJLE8K13;;27/12/2013;27/12/2013;Real Estate;Real Estate Investment and Services Development;Real Estate Holding and Development;54.00.00;;;;135;ALL_COMPANIES/Fast Ejendom Danmark A-S/rsregnskab_2021.pdf;Fast Ejendom Danmark A/S;2021;00.00;['Som et led i revisionen af regnskaberne for Fast Ejendom Dan-\nmark A/S  har vi udført handlinger med henblik på at udtrykke \nen konklusion om, hvorvidt årsrapporten for regnskabsåret \n1. januar - 31. december 2021, med filnavnet fastejendom-\nfastejendom-\n2021-12-31-da.zip,\n2021-12-31-da.zip, er udarbejdet i overensstemmelse med \nEU-Kommissionens delegerede forordning 2019/815 om det \nfælles elektroniske rapporteringsformat (ESEF-forordningen), \nsom indeholder krav til udarbejdelse af en årsrapport i XHT-\nML-format, og iXBRL-opmærkning af koncernregnskabets \nhovedopgørelser. \n'];0;0;0;0;1150582000;BROENDBY;24/02/2005;;;
402;ASTK.CO;Asetek A/S;Denmark;Denmark;OMX Nordic Exchange Copenhagen A/S;DK0060477263;213800ATZVDWWKJ8NI47;;20/03/2013;17/05/2023;Technology;Technology Hardware & Equipment;Computer Hardware;55.00.00;;Oct 1 - Sep 30;;196;ALL_COMPANIES/Asetek A-S/att-3-Asetek-Q4-2024-Strong-ending-to-a-turnaround-year-2025.pdf;Asetek A/S;2024;00.00;[];0;0;0;0;102739000;Aalborg;06/12/2012;;;76332000.0
403;ASTK.CO;Asetek A/S;Denmark;Denmark;OMX Nordic Exchange Copenhagen A/S;DK0060477263;213800ATZVDWWKJ8NI47;;20/03/2013;17/05/2023;Technology;Technology Hardware & Equipment;Computer Hardware;55.00.00;;Oct 1 - Sep 30;;199;ALL_COMPANIES/Asetek A-S/Asetek_annual_report_2023.pdf;Asetek A/S;2023;00.00;[];0;0;0;0;78615000;Aalborg;06/12/2012;;;50650000.0
404;ASTK.CO;Asetek A/S;Denmark;Denmark;OMX Nordic Exchange Copenhagen A/S;DK0060477263;213800ATZVDWWKJ8NI47;;20/03/2013;17/05/2023;Technology;Technology Hardware & Equipment;Computer Hardware;55.00.00;;Oct 1 - Sep 30;;200;ALL_COMPANIES/Asetek A-S/Asetek-Annual-Report-2022wu3.pdf;Asetek A/S;2022;00.00;[];0;0;0;0;75354000;Aalborg;06/12/2012;;;79803000.0
405;ASTK.CO;Asetek A/S;Denmark;Denmark;OMX Nordic Exchange Copenhagen A/S;DK0060477263;213800ATZVDWWKJ8NI47;;20/03/2013;17/05/2023;Technology;Technology Hardware & Equipment;Computer Hardware;55.00.00;;Oct 1 - Sep 30;;197;ALL_COMPANIES/Asetek A-S/Asetek Annual Report 2021.pdf;Asetek A/S;2021;00.00;[];0;0;0;0;71393000;Aalborg;06/12/2012;;;
406;ASTK.CO;Asetek A/S;Denmark;Denmark;OMX Nordic Exchange Copenhagen A/S;DK0060477263;213800ATZVDWWKJ8NI47;;20/03/2013;17/05/2023;Technology;Technology Hardware & Equipment;Computer Hardware;55.00.00;;Oct 1 - Sep 30;;198;ALL_COMPANIES/Asetek A-S/Asetek Annual Report 2020.pdf;Asetek A/S;2020;0.0026758716651949;[];0;0;0;0;54105000;Aalborg;06/12/2012;;;
407;LUXORb.CO;Investeringsselskabet Luxor A/S;Denmark;Denmark;OMX Nordic Exchange Copenhagen A/S;DK0010213628;213800RPOLXUUMNKIM33;;06/02/1986;06/02/1986;Financials;Investment Banking and Brokerage Services;Asset Managers and Custodians;55.00.00;07/04/2026 00.00;;;65;ALL_COMPANIES/Investeringsselskabet Luxor A-S/Luxor 30. september 2025.pdf;Investeringsselskabet Luxor A/S;2025;00.00;[];0;0;0;0;957647000;KOEBENHAVN K;13/12/1977;;;
408;LUXORb.CO;Investeringsselskabet Luxor A/S;Denmark;Denmark;OMX Nordic Exchange Copenhagen A/S;DK0010213628;213800RPOLXUUMNKIM33;;06/02/1986;06/02/1986;Financials;Investment Banking and Brokerage Services;Asset Managers and Custodians;55.00.00;07/04/2026 00.00;;;64;ALL_COMPANIES/Investeringsselskabet Luxor A-S/Luxor 30. september 2024.pdf;Investeringsselskabet Luxor A/S;2024;00.00;[];0;0;0;0;944320000;KOEBENHAVN K;13/12/1977;;;
409;LUXORb.CO;Investeringsselskabet Luxor A/S;Denmark;Denmark;OMX Nordic Exchange Copenhagen A/S;DK0010213628;213800RPOLXUUMNKIM33;;06/02/1986;06/02/1986;Financials;Investment Banking and Brokerage Services;Asset Managers and Custodians;55.00.00;07/04/2026 00.00;;;63;ALL_COMPANIES/Investeringsselskabet Luxor A-S/Luxor 30. september 2023.pdf;Investeringsselskabet Luxor A/S;2023;00.00;[];0;0;0;0;1022235000;KOEBENHAVN K;13/12/1977;;;
410;LUXORb.CO;Investeringsselskabet Luxor A/S;Denmark;Denmark;OMX Nordic Exchange Copenhagen A/S;DK0010213628;213800RPOLXUUMNKIM33;;06/02/1986;06/02/1986;Financials;Investment Banking and Brokerage Services;Asset Managers and Custodians;55.00.00;07/04/2026 00.00;;;62;ALL_COMPANIES/Investeringsselskabet Luxor A-S/Luxor 30. september 2022.pdf;Investeringsselskabet Luxor A/S;2022;00.00;[];0;0;0;0;1018965000;KOEBENHAVN K;13/12/1977;;;
411;LUXORb.CO;Investeringsselskabet Luxor A/S;Denmark;Denmark;OMX Nordic Exchange Copenhagen A/S;DK0010213628;213800RPOLXUUMNKIM33;;06/02/1986;06/02/1986;Financials;Investment Banking and Brokerage Services;Asset Managers and Custodians;55.00.00;07/04/2026 00.00;;;61;ALL_COMPANIES/Investeringsselskabet Luxor A-S/Luxor 30. september 2021.pdf;Investeringsselskabet Luxor A/S;2021;00.00;[];0;0;0;0;936711000;KOEBENHAVN K;13/12/1977;;;
412;CPHCAPST.CO;Copenhagen Capital A/S;Denmark;Denmark;OMX Nordic Exchange Copenhagen A/S;DK0060093607;2138009GSW8ZDUU33943;;10/03/2008;30/10/2007;Real Estate;Real Estate Investment and Services Development;Real Estate Holding and Development;56.00.00;;;;588;ALL_COMPANIES/Copenhagen Capital A-S/Copenhagen-Capital-Aarsrapport-2025.pdf;Copenhagen Capital A/S;2025;00.00;[];0;0;0;0;1081463000;KOEBENHAVN K;01/08/2007;;;
413;CPHCAPST.CO;Copenhagen Capital A/S;Denmark;Denmark;OMX Nordic Exchange Copenhagen A/S;DK0060093607;2138009GSW8ZDUU33943;;10/03/2008;30/10/2007;Real Estate;Real Estate Investment and Services Development;Real Estate Holding and Development;56.00.00;;;;585;ALL_COMPANIES/Copenhagen Capital A-S/Copenhagen-Capital-Aarsrapport-2024_c.pdf;Copenhagen Capital A/S;2024;00.00;[];0;0;0;0;1074018000;KOEBENHAVN K;01/08/2007;;;
414;CPHCAPST.CO;Copenhagen Capital A/S;Denmark;Denmark;OMX Nordic Exchange Copenhagen A/S;DK0060093607;2138009GSW8ZDUU33943;;10/03/2008;30/10/2007;Real Estate;Real Estate Investment and Services Development;Real Estate Holding and Development;56.00.00;;;;587;ALL_COMPANIES/Copenhagen Capital A-S/Arsrapport_2023.pdf;Copenhagen Capital A/S;2023;00.00;[];0;0;0;0;1127512000;KOEBENHAVN K;01/08/2007;;;
415;CPHCAPST.CO;Copenhagen Capital A/S;Denmark;Denmark;OMX Nordic Exchange Copenhagen A/S;DK0060093607;2138009GSW8ZDUU33943;;10/03/2008;30/10/2007;Real Estate;Real Estate Investment and Services Development;Real Estate Holding and Development;56.00.00;;;;590;ALL_COMPANIES/Copenhagen Capital A-S/Arsrapport_2022_final.pdf;Copenhagen Capital A/S;2022;00.00;[];0;0;0;0;1123274000;KOEBENHAVN K;01/08/2007;;;
416;CPHCAPST.CO;Copenhagen Capital A/S;Denmark;Denmark;OMX Nordic Exchange Copenhagen A/S;DK0060093607;2138009GSW8ZDUU33943;;10/03/2008;30/10/2007;Real Estate;Real Estate Investment and Services Development;Real Estate Holding and Development;56.00.00;;;;586;ALL_COMPANIES/Copenhagen Capital A-S/Arsrapport_2021.pdf;Copenhagen Capital A/S;2021;00.00;[];0;0;0;0;885153000;KOEBENHAVN K;01/08/2007;;;
417;CPHCAPST.CO;Copenhagen Capital A/S;Denmark;Denmark;OMX Nordic Exchange Copenhagen A/S;DK0060093607;2138009GSW8ZDUU33943;;10/03/2008;30/10/2007;Real Estate;Real Estate Investment and Services Development;Real Estate Holding and Development;56.00.00;;;;589;ALL_COMPANIES/Copenhagen Capital A-S/Selskabsmeddelelse-Arsrapport-2020.pdf;Copenhagen Capital A/S;2020;00.00;[];0;0;0;0;800970000;KOEBENHAVN K;01/08/2007;;;
418;BIOPOR.CO;Bioporto A/S;Denmark;Denmark;OMX Nordic Exchange Copenhagen A/S;DK0011048619;5299004SWFL5JAN4W830;;02/01/1985;02/01/1985;Health Care;Pharmaceuticals and Biotechnology;Biotechnology;57.00.00;;;;359;ALL_COMPANIES/Bioporto A-S/Annual-Report-2024-BioPorto.pdf;BioPorto A/S;2024;00.00;[];0;0;0;0;89811000;Hellerup;22/11/1917;;19200000.0;30958000.0
419;BIOPOR.CO;Bioporto A/S;Denmark;Denmark;OMX Nordic Exchange Copenhagen A/S;DK0011048619;5299004SWFL5JAN4W830;;02/01/1985;02/01/1985;Health Care;Pharmaceuticals and Biotechnology;Biotechnology;57.00.00;;;;361;ALL_COMPANIES/Bioporto A-S/Annual-Report-2023-2.pdf;BioPorto A/S;2023;00.00;[];0;0;0;0;108640000;Hellerup;22/11/1917;;44000000.0;28969000.0
420;BIOPOR.CO;Bioporto A/S;Denmark;Denmark;OMX Nordic Exchange Copenhagen A/S;DK0011048619;5299004SWFL5JAN4W830;;02/01/1985;02/01/1985;Health Care;Pharmaceuticals and Biotechnology;Biotechnology;57.00.00;;;;363;ALL_COMPANIES/Bioporto A-S/Annual-Report-2022-2.pdf;BioPorto A/S;2022;0.005934542001721;"['• June enrollment in our three-part clinical study investigating the use of an NGAL test in identifying \npediatric ICU patients under the age of 22 at risk for AKI; and \n• November submission of a marketing authorization application for NGAL test to the US Food and \nDrug Administration (FDA). \n \nWe are also pleased with the steps we have taken to strengthen our executive team, including the additions of Mr. Nis Kruse, EVP of \nStrategic Partnerships and GM of EMEA/APAC, Dr. Tabari Baker, VP of Global Medical Affairs, and Dr. Prasad Devarajan, MD FAAP FASN \nas Senior Medical Director, and to underscore our commitment to timely execution for the benefit of patients and shareholders alike. \n \nCommercially, over the last twelve months, we have raised and exceeded our revenue and Adjusted EBITDA guidance through antibody \nand NGAL test sales into accessible markets and disciplined cost control. Extrapolating from this performance, we continue to have \nconfidence in our ability to grow and expand the market opportunity for the NGAL test with increasing recognition, approval, and \navailability for clinical use. Taken together, our clinical and commercial operations are delivering as planned and as communicated, and \nwe remain determined to maintain this record of performance. \n \nCharting the Course \nWith our NGAL submission to the FDA complete, BioPorto is presently engaged in correspondence with the FDA, including an Additional \nInformation (AI) request in support of their ongoing review. We expect to deliver our response in advance of the July 23rd deadline. \n \nWe are also taking deliberate steps to navigate turbulent financial markets. Like other prudent companies, we have taken proactive \nmeasures to run lean, conserve capital, and plan expenditures carefully and critically. While our 2022 financial outperformance has helped \nus in this exercise, BioPorto’s team will limit discretionary spending to persuasive, value-added uses. In particular, we are ramping up our \ncommercial and marketing efforts in Europe, where The NGAL TestTM is already available for both pediatric and adult use under CE mark. \nMr. Kruse focused on this opportunity.  \n \nBright Horizon \nWith sails up and a course set, we are now well underway in our plan for 2023. While we invest in and expand the European market and \nengage in productive dialogue with the FDA, we are also taking steps to expand market potential beyond the anticipated first approval of \nthe NGAL Test for pediatric ICU use in the US. \n \nBecause, consistent with the FDA’s Instrument Family Policy guidance, our first FDA approval will be for use on one Roche instrument, \nthrough 2023 and beyond we will seek to expand market access to an increasing number of hospitals, where a variety of compatible \ninstruments are already installed. This will be pursued through two strategies to establish the NGAL test as compatible and approved for \nuse on the broader Roche family of instruments and other brands of instruments. We are performing the validation work on our CE Mark \nversion of the assay, which is not tied to specific instruments, for a 510(k) submission to the FDA. \n \nNeither of these strategies is expected to require a clinical trial.  \n \nAlso, to broaden our US total addressable market, we are investigating additional indications and points of care, including for pediatric \npatients outside the ICU and adult patients at high risk of AKI.  This includes planning for corresponding clinical trials. \n \nI appreciate the support of our shareholders and am dedicated to building on the opportunity inherent in the NGAL biomarker test. I am \nfirm in my conviction that BioPorto’s work will bring value to our shareholders and a new, lifesaving test to patients and healthcare \nproviders. \n  \nTony Pare \nChief Executive Officer \n \n', 'In 2022, the Company achieved a major milestone. After three years of dedicated effort during the COVID-19 pandemic, BioPorto completed a three-phase \nclinical study that included 16 hospital sites in the US. Extensive data analysis was completed to determine if the Company’s targeted endpoints were met. \nThe De Novo application for the NGAL test for risk assessment of pediatric patients admitted to the ICU, ages 3 months to 21 years old, on the Roche Cobas \nc501 clinical chemistry analyzer was submitted to the FDA on November 10, 2022. BioPorto previously obtained a Breakthrough Device Designation from \nthe FDA for the NGAL test, and therefore engagement with the FDA began immediately following submission. The review is ongoing, with formal FDA \nrequests for Additional Information (AI) issued as required. Although a single instrument represents a limited market opportunity, it does follow the \nguidelines dictated by the FDA’s Replacement Reagent and Instrument Family Policy for In Vitro Diagnostic Devices. Following FDA approval, the Company \ncan conduct brief validation work and file to expand the marketing authorization to include additional, common Roche instruments. Roche is generally \nrecognized to have the largest share of the clinical chemistry market. \n \nThese subsequent submissions will be filed as 510(k) applications and can use existing pediatric samples for instrument expansions and adult clinical trials \nfor specified adult populations. With the first prospective approval of the NGAL test serving as a predicate device referable for future submissions,  it is \nanticipated that the regulatory review cycle will be brief and less complex. \n \n']";4;4;2;10;81255000;Hellerup;22/11/1917;;35000000.0;24254000.0
421;BIOPOR.CO;Bioporto A/S;Denmark;Denmark;OMX Nordic Exchange Copenhagen A/S;DK0011048619;5299004SWFL5JAN4W830;;02/01/1985;02/01/1985;Health Care;Pharmaceuticals and Biotechnology;Biotechnology;57.00.00;;;;362;ALL_COMPANIES/Bioporto A-S/Annual-Report-2021-2.pdf;BioPorto;2021;00.00;['Because a gRAD strip is not analyte dependent, it creates an \nopen, flexible, and versatile platform that can be applied to a \nwide variety of antibodies – requiring only a matched antibody \npair. \n \nLeveraging the gRAD platform, BioPorto is currently performing \nfeasibility studies, in conjunction with expert academic partners, \non emerging applications, including: \n \nNGALds for point-of-care application: BioPorto has used its gRAD \nplatform to create a lateral flow test for semi-quantitative \ndetermination of NGAL levels, expanding the potential \napplications for this unique biomarker into settings beyond the \nhospital laboratory, such as in physician offices, urgent care \nclinics, or even on the battlefield for rapid triage of wounded \nsoldiers. \n \nThis product, called The NGALds, has been tested in several \nresearch environments, including a study which compared \nNGALds results to results obtained with The NGAL Test and \nshowed a 100% sensitivity and 89.3% specificity at the 300 ng/mL \ncutoff between the two methods.10 This illustrates the potential \nclinical accuracy that a novel, near-patient test option may offer.  \n \nThrombomodulin assay: BioPorto is supporting Rigshospitalet \n(“RH”), one of the largest hospitals in Denmark, with quantitative \nthrombomodulin tests based on its gRAD technology. \nThrombomodulin is a marker of endothelial injury that can occur \nas a result of sepsis, COVID, myocardial infarction, and other \ndisease states. RH is investigating the use of a thrombomodulin \nassay in patients with sepsis to indicate who could benefit from \ntreatment with the drug prostacyclin. RH is investigating the use \nof a thrombomodulin assay in patients with sepsis to indicate \nwho could benefit from treatment with the drug prostacyclin. RH \n'];0;0;0;0;140286000;Hellerup;22/11/1917;;35085500.0;23204000.0
422;BIOPOR.CO;Bioporto A/S;Denmark;Denmark;OMX Nordic Exchange Copenhagen A/S;DK0011048619;5299004SWFL5JAN4W830;;02/01/1985;02/01/1985;Health Care;Pharmaceuticals and Biotechnology;Biotechnology;57.00.00;;;;360;ALL_COMPANIES/Bioporto A-S/2021-03-17-Annual-Report-2020.pdf;BioPorto A/S;2020;00.00;['NGALds for point-of-care applications \nIn order to expand the reach of NGAL over the longer term, \nBioPorto has leveraged its gRAD platform to develop a lateral \nflow-based test for NGAL. The NGALds was CE marked in Europe \nin December 2020 and represents the first assay developed using \nthe gRAD platform. The test is designed to offer semi-\nquantitative \nurine \nNGAL \nresults \nquickly \nand \nwithout  \ninstrumentation. \n \nThe NGALds has been tested in several research environments, \nincluding in a study by Dr. Stuart Goldstein, a pioneer in the use \nof NGAL for AKI. This study compared NGALds results to results \nobtained with the laboratory based NGAL test and showed a \n100% sensitivity and 89.3% specificity between the two methods \n(300 ng/mL cutoff). This early study provided a strong indication \nof the potential of this novel near-patient test.  \n \nDevelopment of NGALds expands potential application for NGAL \nbeyond the hospital laboratory to outpatient or low-resource \nsettings. Having access to a near-patient result may enable health \ncare providers to screen patients more readily and treat them \nsooner. For example, an initial target for the NGALds could be to \naid in the follow up of patients who have suffered an AKI episode \nin the hospital. For these patients, avoiding nephrotoxic \nmedications such as nonsteroidal anti-inflammatory agents, \nwhich are common pain medications, can be important. The \nNGALds could be developed to be used in nephrology offices to \ncheck for new kidney injury risk before further damage is done.  \n \nNGALds may also be useful to aid in risk prediction in military \napplications. Triage during combat operations, where resources \nare limited, is critical as medics must make a field assessment of \nwhat level of care is needed for each wounded individual. The \nNGALds could potentially be deployed in combat zones to offer a \nsimple, rapid tool that could identify patients with differing levels \nof kidney injury to help with triage decisions. \n'];0;0;0;0;42682000;Hellerup;22/11/1917;;31291070.0;26622000.0
423;GREENM.CO;GreenMobility A/S;Denmark;Denmark;OMX Nordic Exchange Copenhagen A/S;DK0060817898;213800PLNNPY2L2GUV16;;16/06/2017;16/06/2017;Industrials;Industrial Transportation;Transportation Services;59.00.00;;Oct 1 - Sep 30;;160;ALL_COMPANIES/GreenMobility A-S/Annual-Report-2025.pdf;GreenMobility A/S;2025;00.00;[];0;0;0;0;166972000;KOEBENHAVN K;24/10/2013;55.00.00;;
424;GREENM.CO;GreenMobility A/S;Denmark;Denmark;OMX Nordic Exchange Copenhagen A/S;DK0060817898;213800PLNNPY2L2GUV16;;16/06/2017;16/06/2017;Industrials;Industrial Transportation;Transportation Services;59.00.00;;Oct 1 - Sep 30;;159;ALL_COMPANIES/GreenMobility A-S/Annual-Report-2024.pdf;GreenMobility A/S;2024;00.00;[];0;0;0;0;205062000;KOEBENHAVN K;24/10/2013;83.00.00;;
425;GREENM.CO;GreenMobility A/S;Denmark;Denmark;OMX Nordic Exchange Copenhagen A/S;DK0060817898;213800PLNNPY2L2GUV16;;16/06/2017;16/06/2017;Industrials;Industrial Transportation;Transportation Services;59.00.00;;Oct 1 - Sep 30;;158;ALL_COMPANIES/GreenMobility A-S/Annual-Report-2023-Final_lres.pdf;GreenMobility A/S;2023;0.002530940750677;['Reference is made \nto Green Mobility’s \ncustomer Terms \nand Conditions \navailable on our \nWebsite.\nWe have increased the track-\ning of our cars using AI and \nother tools, to ensure overall \nsafe driving to benefit the soci-\nety. Our tools include onboard \ndamage detection hardware as \nwell as monitoring of behavior \n(through e.g. speed) to ensure \nproper use.\n'];2;3;2;7;285586000;KOEBENHAVN K;24/10/2013;92.00.00;;
426;GREENM.CO;GreenMobility A/S;Denmark;Denmark;OMX Nordic Exchange Copenhagen A/S;DK0060817898;213800PLNNPY2L2GUV16;;16/06/2017;16/06/2017;Industrials;Industrial Transportation;Transportation Services;59.00.00;;Oct 1 - Sep 30;;157;ALL_COMPANIES/GreenMobility A-S/GreenMobility-Annual-Report-2022.pdf;GreenMobility A/S;2022;00.00;[];0;0;0;0;266105000;KOEBENHAVN K;24/10/2013;64.00.00;;97310000.0
427;GREENM.CO;GreenMobility A/S;Denmark;Denmark;OMX Nordic Exchange Copenhagen A/S;DK0060817898;213800PLNNPY2L2GUV16;;16/06/2017;16/06/2017;Industrials;Industrial Transportation;Transportation Services;59.00.00;;Oct 1 - Sep 30;;161;ALL_COMPANIES/GreenMobility A-S/annual-report-2021-final.pdf;GreenMobility A/S;2021;00.00;[];0;0;0;0;147232000;KOEBENHAVN K;24/10/2013;;;62414000.0
428;GREENM.CO;GreenMobility A/S;Denmark;Denmark;OMX Nordic Exchange Copenhagen A/S;DK0060817898;213800PLNNPY2L2GUV16;;16/06/2017;16/06/2017;Industrials;Industrial Transportation;Transportation Services;59.00.00;;Oct 1 - Sep 30;;156;ALL_COMPANIES/GreenMobility A-S/GreenMobility-Annual-Report-2020.pdf;GreenMobility A/S;2020;00.00;[];0;0;0;0;98465000;KOEBENHAVN K;24/10/2013;;;34650000.0
429;GABR.CO;Gabriel Holding A/S;Denmark;Denmark;OMX Nordic Exchange Copenhagen A/S;DK0060124691;549300LK5U9PUCUD2X47;;02/01/1985;02/01/1985;Consumer Discretionary;Personal Goods;Clothing and Accessories;59.00.00;;;;186;ALL_COMPANIES/Gabriel Holding A-S/gabriel_annual_report_2024-25.pdf;Gabriel Holding A/S;2025;00.00;[];0;0;0;0;745701000;Aalborg;28/02/1983;1242.00.00;;515969000.0
430;GABR.CO;Gabriel Holding A/S;Denmark;Denmark;OMX Nordic Exchange Copenhagen A/S;DK0060124691;549300LK5U9PUCUD2X47;;02/01/1985;02/01/1985;Consumer Discretionary;Personal Goods;Clothing and Accessories;59.00.00;;;;189;ALL_COMPANIES/Gabriel Holding A-S/gabriel_annual_report_2023-24.pdf;Gabriel Holding A/S;2024;00.00;[];0;0;0;0;777215000;Aalborg;28/02/1983;1358.00.00;;483482000.0
431;GABR.CO;Gabriel Holding A/S;Denmark;Denmark;OMX Nordic Exchange Copenhagen A/S;DK0060124691;549300LK5U9PUCUD2X47;;02/01/1985;02/01/1985;Consumer Discretionary;Personal Goods;Clothing and Accessories;59.00.00;;;;187;ALL_COMPANIES/Gabriel Holding A-S/gabriel_annual_report_2022-23.pdf;Gabriel Holding A/S;2023;00.00;[];0;0;0;0;813760000;Aalborg;28/02/1983;1163.00.00;;
432;GABR.CO;Gabriel Holding A/S;Denmark;Denmark;OMX Nordic Exchange Copenhagen A/S;DK0060124691;549300LK5U9PUCUD2X47;;02/01/1985;02/01/1985;Consumer Discretionary;Personal Goods;Clothing and Accessories;59.00.00;;;;188;ALL_COMPANIES/Gabriel Holding A-S/_media_1683509_gabriel_annual_report_2021-22-2.pdf;Gabriel Holding A/S;2022;00.00;[];0;0;0;0;868549000;Aalborg;28/02/1983;1151.00.00;;
433;GABR.CO;Gabriel Holding A/S;Denmark;Denmark;OMX Nordic Exchange Copenhagen A/S;DK0060124691;549300LK5U9PUCUD2X47;;02/01/1985;02/01/1985;Consumer Discretionary;Personal Goods;Clothing and Accessories;59.00.00;;;;185;ALL_COMPANIES/Gabriel Holding A-S/_media_1682333_gabriel-holding-as-announcement-no-10-financial-statement-release-2020-21-1.pdf;Gabriel Holding A/S;2021;00.00;[];0;0;0;0;731151000;Aalborg;28/02/1983;855.00.00;;
434;HVID.CO;Hvidbjerg Bank A/S;Denmark;Denmark;OMX Nordic Exchange Copenhagen A/S;DK0060135978;549300XYJTDGWLM77720;;02/01/1985;02/01/1985;Financials;Banks;Banks;60.00.00;;;;432;ALL_COMPANIES/Hvidbjerg Bank A-S/a-rsrapport-2025-hvidbjerg-bank.pdf;Hvidbjerg Bank A/S;2025;00.00;[];0;0;0;0;2301862000;THYHOLM;04/03/1912;;;
435;HVID.CO;Hvidbjerg Bank A/S;Denmark;Denmark;OMX Nordic Exchange Copenhagen A/S;DK0060135978;549300XYJTDGWLM77720;;02/01/1985;02/01/1985;Financials;Banks;Banks;60.00.00;;;;431;ALL_COMPANIES/Hvidbjerg Bank A-S/aarsrapport-2024-hvidbjerg-bank.pdf;Hvidbjerg Bank A/S;2024;00.00;[];0;0;0;0;2054987000;THYHOLM;04/03/1912;;;
436;HVID.CO;Hvidbjerg Bank A/S;Denmark;Denmark;OMX Nordic Exchange Copenhagen A/S;DK0060135978;549300XYJTDGWLM77720;;02/01/1985;02/01/1985;Financials;Banks;Banks;60.00.00;;;;435;ALL_COMPANIES/Hvidbjerg Bank A-S/aarsrapport-2023-hvidbjerg-bank.pdf;Hvidbjerg Bank A/S;2023;00.00;[];0;0;0;0;1741639000;THYHOLM;04/03/1912;;;
437;HVID.CO;Hvidbjerg Bank A/S;Denmark;Denmark;OMX Nordic Exchange Copenhagen A/S;DK0060135978;549300XYJTDGWLM77720;;02/01/1985;02/01/1985;Financials;Banks;Banks;60.00.00;;;;436;ALL_COMPANIES/Hvidbjerg Bank A-S/a_percent_cc_percent_8arsrapport-2022-hvidbjerg-bank.pdf;Hvidbjerg Bank A/S;2022;00.00;[];0;0;0;0;1572943000;THYHOLM;04/03/1912;;;
438;HVID.CO;Hvidbjerg Bank A/S;Denmark;Denmark;OMX Nordic Exchange Copenhagen A/S;DK0060135978;549300XYJTDGWLM77720;;02/01/1985;02/01/1985;Financials;Banks;Banks;60.00.00;;;;434;ALL_COMPANIES/Hvidbjerg Bank A-S/a_percent_cc_percent_8arsrapport-2021.pdf;Hvidbjerg Bank A/S;2021;00.00;[];0;0;0;0;1478097000;THYHOLM;04/03/1912;;;
439;HVID.CO;Hvidbjerg Bank A/S;Denmark;Denmark;OMX Nordic Exchange Copenhagen A/S;DK0060135978;549300XYJTDGWLM77720;;02/01/1985;02/01/1985;Financials;Banks;Banks;60.00.00;;;;433;ALL_COMPANIES/Hvidbjerg Bank A-S/20210224_aarsrapport2020.pdf;Hvidbjerg Bank A/S;2020;00.00;[];0;0;0;0;1285778000;THYHOLM;04/03/1912;;;
440;EGENTY.CO;EgnsINVEST Ejendomme Tyskland A/S;Denmark;Denmark;OMX Nordic Exchange Copenhagen A/S;DK0060118453;213800F8DEE555Q88R46;;16/04/2008;16/04/2008;Real Estate;Real Estate Investment and Services Development;Real Estate Holding and Development;61.00.00;;Jul 1 - Jun 30;;155;ALL_COMPANIES/EgnsINVEST Ejendomme Tyskland A-S/amNsb3VkczovLzAzLzlmL2ZjL2JjL2ExLzdkZDMtNDQ1ZC1hN2M3LWRiNjYwZDM5MjFmYw.pdf;EgnsINVEST Tyske Ejendomme A/S;2023;00.00;[];0;0;0;0;1699629950;Horsens;03/12/2007;;;
441;EGENTY.CO;EgnsINVEST Ejendomme Tyskland A/S;Denmark;Denmark;OMX Nordic Exchange Copenhagen A/S;DK0060118453;213800F8DEE555Q88R46;;16/04/2008;16/04/2008;Real Estate;Real Estate Investment and Services Development;Real Estate Holding and Development;61.00.00;;Jul 1 - Jun 30;;152;ALL_COMPANIES/EgnsINVEST Ejendomme Tyskland A-S/amNsb3VkczovLzAzLzVjLzhiLzQ4L2E0LzY4NDUtNDVlNi1hNDE0LWViZmFkZWY3YWIxMg.pdf;Komplementarselskabet EgnsINVEST Warschauer Strasse ApS;2024;00.00;[];0;0;0;0;1450585100;Horsens;03/12/2007;;;
442;EGENTY.CO;EgnsINVEST Ejendomme Tyskland A/S;Denmark;Denmark;OMX Nordic Exchange Copenhagen A/S;DK0060118453;213800F8DEE555Q88R46;;16/04/2008;16/04/2008;Real Estate;Real Estate Investment and Services Development;Real Estate Holding and Development;61.00.00;;Jul 1 - Jun 30;;153;ALL_COMPANIES/EgnsINVEST Ejendomme Tyskland A-S/amNsb3VkczovLzAzLzNmLzg3LzcyLzRlL2E3NzgtNDIyMy1hOTY1LWIyMWUzYmY4YzZmMA.pdf;EgnsINVEST Ejendomme Tyskland A/S;2022;00.00;[];0;0;0;0;1602664370;Horsens;03/12/2007;;;
443;EGENTY.CO;EgnsINVEST Ejendomme Tyskland A/S;Denmark;Denmark;OMX Nordic Exchange Copenhagen A/S;DK0060118453;213800F8DEE555Q88R46;;16/04/2008;16/04/2008;Real Estate;Real Estate Investment and Services Development;Real Estate Holding and Development;61.00.00;;Jul 1 - Jun 30;;154;ALL_COMPANIES/EgnsINVEST Ejendomme Tyskland A-S/amNsb3VkczovLzAzL2ViL2NlL2RmL2M4L2Y2MmMtNGJiMi1hZDY0LWNmZDE4NjQ3MzgwNA.pdf;EgnsINVEST Ejendomme Tyskland A/S;2021;0.0082877507044588;[', samler startup- \nvirksomheder og forskere, der \narbejder med kunstig intelligens, og \n'];3;0;0;3;1446893880;Horsens;03/12/2007;;;
444;EGENTY.CO;EgnsINVEST Ejendomme Tyskland A/S;Denmark;Denmark;OMX Nordic Exchange Copenhagen A/S;DK0060118453;213800F8DEE555Q88R46;;16/04/2008;16/04/2008;Real Estate;Real Estate Investment and Services Development;Real Estate Holding and Development;61.00.00;;Jul 1 - Jun 30;;151;ALL_COMPANIES/EgnsINVEST Ejendomme Tyskland A-S/amNsb3VkczovLzAzLzk5LzA3L2Q5LzEyLzc4N2MtNDgzNy05ODliLTIwODAzMGI3MjBiZA.pdf;EgnsINVEST Ejendomme Tyskland A/S;2020;00.00;[];0;0;0;0;1416840610;Horsens;03/12/2007;;;
445;BIF.CO;Broendbyernes IF Fodbold A/S;Denmark;Denmark;OMX Nordic Exchange Copenhagen A/S;DK0010247956;213800DAZ89VABJPBD93;;01/01/1987;16/09/1987;Consumer Discretionary;Travel and Leisure;Recreational Services;61.00.00;27/03/2026 00.00;;;415;ALL_COMPANIES/Broendbyernes IF Fodbold A-S/bif-2025-06-30-da.pdf;Not Found;2024;0.0025510204081632;"[""j\x1c\x1d!\x1c0\x1eG\x1e[aI\x1c\x1dFGEH\x1ek\nlmnopq0spq0tuv0wxyzp0qptxunny{y|pqpo0oyx0qpn}xouom~\x7f\x80qpxnpv\x81\nv\x82q0n~p|y{yttp0wpoyv\x7fpxnpq0pq0m~{\x83xso\x84\n\x85):9+:$,_O$:+*,0N;0(+K:+*,(+*(%:_'$*%$:\n5\n5\ngKN%0N;0N*9$*0%&%NO+*9K&'(%\n5\n5\n\x86\x05\x0e\x03\x050\x0b\n\x0b\x07\x0c\r\x05\x0e\x06\n\x0f\x02\x0b0\x03W\x0b\x03\x010\x02\x06\x07\x0b\n\x14\n\x14\n""]";0;0;0;0;426307000;BROENDBY;15/05/1978;;;
446;BIF.CO;Broendbyernes IF Fodbold A/S;Denmark;Denmark;OMX Nordic Exchange Copenhagen A/S;DK0010247956;213800DAZ89VABJPBD93;;01/01/1987;16/09/1987;Consumer Discretionary;Travel and Leisure;Recreational Services;61.00.00;27/03/2026 00.00;;;414;ALL_COMPANIES/Broendbyernes IF Fodbold A-S/amNsb3VkczovLzAzLzhlLzM3LzNhLzQ3L2IzZGQtNGQ0NS1hODk5LTgwOTM5MDkwNjFjMw.pdf;BRØNDBYERNES I. F. FODBOLD A/S;2023;00.00;[];0;0;0;0;352959000;BROENDBY;15/05/1978;;;
447;BIF.CO;Broendbyernes IF Fodbold A/S;Denmark;Denmark;OMX Nordic Exchange Copenhagen A/S;DK0010247956;213800DAZ89VABJPBD93;;01/01/1987;16/09/1987;Consumer Discretionary;Travel and Leisure;Recreational Services;61.00.00;27/03/2026 00.00;;;418;ALL_COMPANIES/Broendbyernes IF Fodbold A-S/a-rsrapport-2022.pdf;BRØNDBYERNES I. F. FODBOLD A/S;2022;00.00;[];0;0;0;0;347849000;BROENDBY;15/05/1978;;;
448;BIF.CO;Broendbyernes IF Fodbold A/S;Denmark;Denmark;OMX Nordic Exchange Copenhagen A/S;DK0010247956;213800DAZ89VABJPBD93;;01/01/1987;16/09/1987;Consumer Discretionary;Travel and Leisure;Recreational Services;61.00.00;27/03/2026 00.00;;;417;ALL_COMPANIES/Broendbyernes IF Fodbold A-S/aarsrapport-2021-2.pdf;BRØNDBYERNES I. F. FODBOLD A/S;2021;00.00;[];0;0;0;0;255082000;BROENDBY;15/05/1978;;;
449;BIF.CO;Broendbyernes IF Fodbold A/S;Denmark;Denmark;OMX Nordic Exchange Copenhagen A/S;DK0010247956;213800DAZ89VABJPBD93;;01/01/1987;16/09/1987;Consumer Discretionary;Travel and Leisure;Recreational Services;61.00.00;27/03/2026 00.00;;;416;ALL_COMPANIES/Broendbyernes IF Fodbold A-S/fbm-nr-02-2021-brondby-if-aarsrapport-2020.pdf;Brøndbyernes I.F. Fodbold A/S;2020;00.00;[];0;0;0;0;242694000;BROENDBY;15/05/1978;;;
450;STRINVS.CO;Strategic Investments A/S;Denmark;Denmark;OMX Nordic Exchange Copenhagen A/S;DK0010271238;549300G2HM6U42VN0T53;;29/01/2001;29/01/2001;Financials;Investment Banking and Brokerage Services;Diversified Financial Services;63.00.00;1;;;327;ALL_COMPANIES/Strategic Investments A-S/SI_06_2025_Aarsrapport2024_080425.pdf;Strategic Investments A/S;2024;0.0269672617442424;['Ved starten af 2024 så vi ind i et år som nok stadigvæk ville blive præget af medico, AI og tildeles \nfinans og måske en bedring for smallcap aktierne. Sådan blev det også dog med den undtagelse af \nsmallcap aktierne som ikke oplevede noget momentum, men derimod en likviditetsflugt og stærkt \nfaldende kurser til følge. \n', 'Vores portefølje af small cap aktier havde det svært. Fokus og likviditet forsvandt igen i 2024 hvor \nder igen kom endnu mere fokus på finans, medico og AI aktierne. Det er vores vurdering, at der er \nfremdrift i vores porteføljeselskaber, til trods for at 2024 var endnu et meget svært år for de mindre \nselskaber. \n', 'Samlet set var markedsmiljøet præget af finans, medico og AI der gjorde at de største index \nhandlede op mod all time high i 2024. First North aktierne var igen under hårdt pres grundet faldende \ninteresse og ingen likviditet. Vi forventer dog at de kommende rentenedsættelser i 2025 kan få \nbetydning for small cap markedet og supportere at der vil komme mere fokus på dem.  \n', 'Investeringen i Agat Ejendomme bidrog i 2024 med et resultat på DKK -12,9m. \n \nNexcom \nStrategic Investments A/S ejer 38,9% af aktiekapitalen i Nexcom. Indtægterne for Q1-Q3 2024 var \nDKK 5,7m, hvilket er på linje med forventningerne. EBITDA forbedredes til DKK -5,4m. Centrale \nkontrakter med Nuuday A/S, Citizens Memorial Hospital og Paradigm blev forlænget, og Nexcom \nlancerede den generative AI-platform CX-G for en stor nordisk medievirksomhed. \n', '2024 ydet lån på samlet DKK 7,1m. Fokusset vil forsat være på AI løsninger og selskabet har stor \nfokus på at udnytte denne mulighed \n'];3;3;1;7;549488000;KOEBENHAVN K;02/04/1982;;;
451;STRINVS.CO;Strategic Investments A/S;Denmark;Denmark;OMX Nordic Exchange Copenhagen A/S;DK0010271238;549300G2HM6U42VN0T53;;29/01/2001;29/01/2001;Financials;Investment Banking and Brokerage Services;Diversified Financial Services;63.00.00;1;;;326;ALL_COMPANIES/Strategic Investments A-S/SI_04_2024_Aarsrapport2023_220324.pdf;Strategic Investments A/S;2023;00.00;[];0;0;0;0;488863000;KOEBENHAVN K;02/04/1982;;;
452;STRINVS.CO;Strategic Investments A/S;Denmark;Denmark;OMX Nordic Exchange Copenhagen A/S;DK0010271238;549300G2HM6U42VN0T53;;29/01/2001;29/01/2001;Financials;Investment Banking and Brokerage Services;Diversified Financial Services;63.00.00;1;;;328;ALL_COMPANIES/Strategic Investments A-S/SI_Aarsrapport_2022_FINAL-2.pdf;Strategic Investments A/S;2022;00.00;[];0;0;0;0;455941000;KOEBENHAVN K;02/04/1982;;;
453;STRINVS.CO;Strategic Investments A/S;Denmark;Denmark;OMX Nordic Exchange Copenhagen A/S;DK0010271238;549300G2HM6U42VN0T53;;29/01/2001;29/01/2001;Financials;Investment Banking and Brokerage Services;Diversified Financial Services;63.00.00;1;;;325;ALL_COMPANIES/Strategic Investments A-S/SI042022rsrapport2021040322.pdf;Strategic Investments A/S;2021;00.00;[];0;0;0;0;421883000;KOEBENHAVN K;02/04/1982;;;
454;STRINVS.CO;Strategic Investments A/S;Denmark;Denmark;OMX Nordic Exchange Copenhagen A/S;DK0010271238;549300G2HM6U42VN0T53;;29/01/2001;29/01/2001;Financials;Investment Banking and Brokerage Services;Diversified Financial Services;63.00.00;1;;;329;ALL_COMPANIES/Strategic Investments A-S/SI042021rsrapport2020120321.pdf;Strategic Investments A/S;2020;00.00;[];0;0;0;0;395102000;KOEBENHAVN K;02/04/1982;;;
455;GERHSP.CO;German High Street Properties A/S;Denmark;Denmark;OMX Nordic Exchange Copenhagen A/S;DK0060093524;529900BT3M81VV58P678;;20/09/2007;20/09/2007;Real Estate;Real Estate Investment Trusts;Retail REITs;65.00.00;1;;;456;ALL_COMPANIES/German High Street Properties A-S/67ea3d278665e89f52e838bc_Annual Report 2024_web.pdf;German High Street Properties A/S;2024;0.0036115424897973;['such as artificial intelligence, advanced algorithms, surveillance, etc. Data processed \n'];1;0;0;1;102121000;Charlottenlund;25/06/2007;;;
456;GERHSP.CO;German High Street Properties A/S;Denmark;Denmark;OMX Nordic Exchange Copenhagen A/S;DK0060093524;529900BT3M81VV58P678;;20/09/2007;20/09/2007;Real Estate;Real Estate Investment Trusts;Retail REITs;65.00.00;1;;;455;ALL_COMPANIES/German High Street Properties A-S/6613fce8500c8e2486f0370e_German High Street Properties 2023.pdf;German High Street Properties A/S;2023;0.0038284839203675;"[""German High Street Properties A/S group does not have a formalized policy for data ethics. The group only \nprocesses data for business purposes. German High Street Properties A/S group does not use new technolo-\ngies such as artificial intelligence, advanced algorithms, surveillance, etc. Data processed in the German \nHigh Street Properties A/S group is not available to third parties. If there were to be a desire to make data \navailable to third parties, it would have to be approved by the company's top management. \n""]";0;0;0;0;106955000;Charlottenlund;25/06/2007;;;
457;GERHSP.CO;German High Street Properties A/S;Denmark;Denmark;OMX Nordic Exchange Copenhagen A/S;DK0060093524;529900BT3M81VV58P678;;20/09/2007;20/09/2007;Real Estate;Real Estate Investment Trusts;Retail REITs;65.00.00;1;;;457;ALL_COMPANIES/German High Street Properties A-S/64ccc8f873ade9adc8d68f70_GHSP-Aarsrapport-2022.pdf;German High Street Properties A/S;2022;0.0047562425683709;['Dataetik  \nGerman High Street Properties A/S koncernen har ikke en formaliseret politik for dataetik. Koncernen be-\nhandler alene data i forretningsmæssige øjemed. German High Street Properties A/S koncernen gør ikke brug \naf nye teknologier såsom kunstig intelligens, avancerede algoritmer, overvågning og lignende. Data behand-\nlet i German High Street Properties A/S koncernen stilles ikke til rådighed for tredjemand. Hvis der skulle \nopstå ønsker om at stille data til rådighed for tredjemand, ville det skulle godkendes af selskabets øverste le-\ndelse. \n'];0;0;0;0;115290000;Charlottenlund;25/06/2007;;;
458;GERHSP.CO;German High Street Properties A/S;Denmark;Denmark;OMX Nordic Exchange Copenhagen A/S;DK0060093524;529900BT3M81VV58P678;;20/09/2007;20/09/2007;Real Estate;Real Estate Investment Trusts;Retail REITs;65.00.00;1;;;458;ALL_COMPANIES/German High Street Properties A-S/64ccd7fdacde683f8291a57b_GHSP-2021.pdf;German High Street Properties A/S;2021;0.0047936340539763;['Antikorruption \nGHSP har en politik mod korruption. Ejendoms- og selskabsadministratoren eller disses samarbejdspartnere \nmå ikke modtage usædvanlige gaver fra leverandører. Ligesom der ikke må gives gaver udover mindre lej-\nlighedsgaver.  \n \nDer er en risiko for, at underleverandører kunne deltage i korruption/bestikkelse af f.eks. myndigheder ved at \nbetale disse af ”egen” lomme. Desuden er der en risiko for, at de lokale ejendomsadministratorer i Tyskland \nkunne modtage penge fra underleverandører i form af returkommission. Ved licitationer er der endvidere en \nrisiko for karteldannelser. I forbindelse med forvalterens løbende controlling af lokale ejendomsadministra-\ntorer i Tyskland er der fokus på, at GHSP kun betaler regninger efter normale bilag med dokumenterede ud-\ngifter, og at priser benchmarkes mod sædvanlige omkostninger. Der er ikke konstateret korruption i 2021 ved \nkontrol og gennemgang af entrepriser. \n \nGHSP vil i de kommende år fokusere på at alle leverandører og medarbejder bidrager med antikorruption.   \n \n \nMål og politikker for det underrepræsenterede køn iht. årsregnskabslovens § 99b \nI moderselskabet har bestyrelsen sat et mål om at have mindst 25% kvindelige medlemmer i bestyrelsen i \n2023. Det er bestyrelsens målsætning at sikre en mangfoldig ledelsessammensætning samt lige muligheder \nfor begge køn. Måltallet for andelen af kvindelige i bestyrelsesmedlemmer blev i 2017 fastsat til 25%. Indtil \n30.04.2020 opfyldte selskabet kravet om 25% kvinder i bestyrelsen. Bestyrelsessammensætningen foretages \nså virksomheden kan udvikle sig stabilt og tilfredsstillende og under hensyntagende til generelle og speci-\nfikke lovkrav og anbefalinger for god selskabsledelse. Bestyrelsen vil mindst én gang om året vurdere status \nfor opfyldningen af målsætningerne.  Bestyrelsen vil så vidt muligt indstille egnede kvindelige kandidater til \nbestyrelsen på kommende generalforsamlinger for at holde målet. German High Street Properties A/S havde \ni 2021 under 50 medarbejdere og er derfor ikke forpligtet til at opstille og rapportere om en politik til øgning \naf det underrepræsenterede køn på øvrige ledelseslag. Selskabets bestyrelsen består af 3 medlemmer. Ved \nudgangen af 2021 var 100% af de generalforsamlingsvalgte mandlige medlemmer.   \n \nDataetik  \nGHSP koncernen har ikke en formaliseret politik for dataetik. Koncernen behandler alene data i forretnings-\nmæssige øjemed. GHSP koncernen gør ikke brug af nye teknologier såsom kunstig intelligens, avancerede \nalgoritmer, overvågning o.lign. Data behandlet i GHSP koncernen stilles ikke til rådighed for tredjemand. \nHvis der skulle opstå ønsker om at stille data til rådighed for tredjemand, vi det skulle godkendes af selska-\nbets øverste ledelse.  \nGHSP koncernen overholder gældende lovgivning for behandling af persondata. Koncernen behandler som \nudgangspunkt ikke personfølsomme data, udover hvad der relaterer sig til medarbejderdata. \n \n \n \n \n \n \n \n \n \n \n \n \n \n \n'];0;0;0;0;112943000;Charlottenlund;25/06/2007;;;
459;GERHSP.CO;German High Street Properties A/S;Denmark;Denmark;OMX Nordic Exchange Copenhagen A/S;DK0060093524;529900BT3M81VV58P678;;20/09/2007;20/09/2007;Real Estate;Real Estate Investment Trusts;Retail REITs;65.00.00;1;;;454;ALL_COMPANIES/German High Street Properties A-S/64ccdc8150f2779b059d4b0a_Arsrapport-2020-GHSP.pdf;German High Street Properties A/S;2020;00.00;[];0;0;0;0;121963000;Charlottenlund;25/06/2007;;;
460;CEMAT.CO;Cemat A/S;Denmark;Denmark;OMX Nordic Exchange Copenhagen A/S;DK0010271584;213800899MWAZT9KQZ78;;01/01/1986;02/04/1986;Technology;Technology Hardware & Equipment;Semiconductors;66.00.00;;;;252;ALL_COMPANIES/Cemat A-S/Cemat-Annual-Report-2025.pdf;CEMAT A/S;2025;00.00;[];0;0;0;0;342349000;KOEBENHAVN;29/08/1981;;;
461;CEMAT.CO;Cemat A/S;Denmark;Denmark;OMX Nordic Exchange Copenhagen A/S;DK0010271584;213800899MWAZT9KQZ78;;01/01/1986;02/04/1986;Technology;Technology Hardware & Equipment;Semiconductors;66.00.00;;;;253;ALL_COMPANIES/Cemat A-S/Cemat-Annual-Report-2024.pdf;CEMAT A/S;2024;00.00;[];0;0;0;0;261421000;KOEBENHAVN;29/08/1981;;;
462;CEMAT.CO;Cemat A/S;Denmark;Denmark;OMX Nordic Exchange Copenhagen A/S;DK0010271584;213800899MWAZT9KQZ78;;01/01/1986;02/04/1986;Technology;Technology Hardware & Equipment;Semiconductors;66.00.00;;;;254;ALL_COMPANIES/Cemat A-S/Annual-report-2023-3.pdf;CeMat A/S;2023;00.00;[];0;0;0;0;201508000;KOEBENHAVN;29/08/1981;;;
463;CEMAT.CO;Cemat A/S;Denmark;Denmark;OMX Nordic Exchange Copenhagen A/S;DK0010271584;213800899MWAZT9KQZ78;;01/01/1986;02/04/1986;Technology;Technology Hardware & Equipment;Semiconductors;66.00.00;;;;255;ALL_COMPANIES/Cemat A-S/Annual-Report-2022-3.pdf;CEMAT A/S;2022;00.00;[];0;0;0;0;180817000;KOEBENHAVN;29/08/1981;;;
464;CEMAT.CO;Cemat A/S;Denmark;Denmark;OMX Nordic Exchange Copenhagen A/S;DK0010271584;213800899MWAZT9KQZ78;;01/01/1986;02/04/1986;Technology;Technology Hardware & Equipment;Semiconductors;66.00.00;;;;256;ALL_COMPANIES/Cemat A-S/Annual-Report-2021-220223.pdf;CeMat A/S;2021;00.00;[];0;0;0;0;147454000;KOEBENHAVN;29/08/1981;;;
465;CEMAT.CO;Cemat A/S;Denmark;Denmark;OMX Nordic Exchange Copenhagen A/S;DK0010271584;213800899MWAZT9KQZ78;;01/01/1986;02/04/1986;Technology;Technology Hardware & Equipment;Semiconductors;66.00.00;;;;251;ALL_COMPANIES/Cemat A-S/Annual-Report-2020-210223.pdf;CEMAT A/S;2020;00.00;[];0;0;0;0;153570000;KOEBENHAVN;29/08/1981;;;
466;RBLNb.CO;Roblon A/S;Denmark;Denmark;OMX Nordic Exchange Copenhagen A/S;DK0060485019;213800OWIZN2WOQM2C29;;01/01/1986;13/03/1986;Industrials;Electronic and Electrical Equipment;Electrical Components;68.00.00;;Nov 1 - Oct 31;;579;ALL_COMPANIES/Roblon A-S/RoblonAS_202425_Summary.pdf;Roblon A/S;2025;00.00;[];0;0;0;0;236234000;Frederikshavn;11/01/1962;;;
467;RBLNb.CO;Roblon A/S;Denmark;Denmark;OMX Nordic Exchange Copenhagen A/S;DK0060485019;213800OWIZN2WOQM2C29;;01/01/1986;13/03/1986;Industrials;Electronic and Electrical Equipment;Electrical Components;68.00.00;;Nov 1 - Oct 31;;575;ALL_COMPANIES/Roblon A-S/RoblonAS_202324_-Summary.pdf;Roblon A/S;2024;00.00;[];0;0;0;0;276470000;Frederikshavn;11/01/1962;;;
468;RBLNb.CO;Roblon A/S;Denmark;Denmark;OMX Nordic Exchange Copenhagen A/S;DK0060485019;213800OWIZN2WOQM2C29;;01/01/1986;13/03/1986;Industrials;Electronic and Electrical Equipment;Electrical Components;68.00.00;;Nov 1 - Oct 31;;576;ALL_COMPANIES/Roblon A-S/Resume_2023.pdf;Roblon A/S;2023;00.00;[];0;0;0;0;368052000;Frederikshavn;11/01/1962;;;
469;RBLNb.CO;Roblon A/S;Denmark;Denmark;OMX Nordic Exchange Copenhagen A/S;DK0060485019;213800OWIZN2WOQM2C29;;01/01/1986;13/03/1986;Industrials;Electronic and Electrical Equipment;Electrical Components;68.00.00;;Nov 1 - Oct 31;;577;ALL_COMPANIES/Roblon A-S/Roblon_Annual_Report_2021-22_UK_final.pdf;Roblon A/S;2022;00.00;[];0;0;0;0;373101000;Frederikshavn;11/01/1962;;;
470;RBLNb.CO;Roblon A/S;Denmark;Denmark;OMX Nordic Exchange Copenhagen A/S;DK0060485019;213800OWIZN2WOQM2C29;;01/01/1986;13/03/1986;Industrials;Electronic and Electrical Equipment;Electrical Components;68.00.00;;Nov 1 - Oct 31;;578;ALL_COMPANIES/Roblon A-S/AR-2020-21-UK.pdf;Roblon A/S;2021;00.00;[];0;0;0;0;279776000;Frederikshavn;11/01/1962;;;
471;PARKSTa.CO;Park Street A/S;Denmark;Denmark;OMX Nordic Exchange Copenhagen A/S;DK0010158500;213800VGJC18MRKMZC33;;01/01/1990;17/08/1993;Real Estate;Real Estate Investment and Services Development;Real Estate Holding and Development;69.00.00;1;;;523;ALL_COMPANIES/Park Street A-S/Park-Street-Annual-Report-2024.pdf;Park Street A/S;2024;0.0027388255915863;"[""▪ \nHuman Resouce: Denmark, our main jurisdiction of operations set a high and positive bar for the quality of work environment, work \nsafety and overall work conditions. It also has high demand for talent in our industry and there is a risk of not attracting the right required \ntalent if the work environment and the condition do not meet the high standards.   \n▪ \nAnti-corruption and bribery: The Group is has invested to develop systems for transparently reviewing invoices and implemented a ven-\ndor and property specific approval policy and workflows to mitigate any risks related to expenses. The group has established an Anti-\ncorruption policy were employees and business partners are not allowed to receive gifts from suppliers larger than DKK 500. In connec-\ntion with the ongoing controlling of employees, the Group has strict guidelines on only paying bills according to legal documents with \ndocumented expenses, and that prices are benchmarked against usual costs. The IT systems for invoice payments have been further \nenhanced to minimise manual invoices. No corruption has been detected in 2024 an we also expect in 2025. The zero-tolerance policy \nrequirement within the company is exposed to the external vendor’s own stringent implantation of similar approach and could expose \nthe company to unwarranted actions outside company’s control.  \n▪ \nData ethics: The Park Street Group does not have a formalized policy on data ethics. Park Street only processes data for business pur-\nposes. Park Street does not make use of new technologies such as artificial intelligence, advanced algorithms, monitoring and the like. \nData processed in Park Street is not made available to third parties. Should there be a desire to make data available to third parties, it \nshould be approved by the company's top management. The Park Street Group complies with applicable legislation for the processing \nof personal data. As a rule, the Group does not process personal data, apart from what relates to employee data. \n \n""]";0;0;0;0;2716690000;Copenhagen;01/04/1989;;;
472;PARKSTa.CO;Park Street A/S;Denmark;Denmark;OMX Nordic Exchange Copenhagen A/S;DK0010158500;213800VGJC18MRKMZC33;;01/01/1990;17/08/1993;Real Estate;Real Estate Investment and Services Development;Real Estate Holding and Development;69.00.00;1;;;522;ALL_COMPANIES/Park Street A-S/Park-Street-Annual-Report-2023.pdf;Park Street A/S;2023;0.0027089992956601;"[""policy were employees and business partners are not allowed to receive gifts from suppliers larger than DKK 500. In connection with the \nongoing controlling of employees, the Group has strict guidelines on only paying bills according to legal documents with documented \nexpenses, and that prices are benchmarked against usual costs. The IT systems for invoice payments have been further enhanced to \nminimise manual invoices. No corruption has been detected in 2023 an we also expect in 2024. The zero-tolerance policy requirement \nwithin the company is exposed to the external vendor’s own stringent implantation of similar approach and could expose the company to \nunwarranted actions outside company’s control.  \n\uf0a7 \nData ethics: The Park Street Group does not have a formalized policy on data ethics. Park Street only processes data for business pur-\nposes. Park Street does not make use of new technologies such as artificial intelligence, advanced algorithms, monitoring and the like. \nData processed in Park Street is not made available to third parties. Should there be a desire to make data available to third parties, it \nshould be approved by the company's top management. The Park Street Group complies with applicable legislation for the processing \nof personal data. As a rule, the Group does not process personal data, apart from what relates to employee data. \n \n""]";0;0;0;0;2807465000;Copenhagen;01/04/1989;;;
473;PARKSTa.CO;Park Street A/S;Denmark;Denmark;OMX Nordic Exchange Copenhagen A/S;DK0010158500;213800VGJC18MRKMZC33;;01/01/1990;17/08/1993;Real Estate;Real Estate Investment and Services Development;Real Estate Holding and Development;69.00.00;1;;;521;ALL_COMPANIES/Park Street A-S/Park-Street-Annual-Report-2022.pdf;Park Street A/S;2022;0.0079426014667337;"['▪ \nEnvironmental and climate conditions: In connection with the re-devolpment and maintenance of the existing assets Park Street is follow-\ning all applicable building regulations with the the goal of reducing energy consumptions. In 2022, the Group invested over DKK 96 million \nin the maintenance and modernization of the existing properties.  \n▪ \nSocial conditions and employee relations and respect for human rights: Employees are the most important resource for progress, and \ntherefore the Group is constantly working to ensure a healthy physical and mental work environment with a focus on reducing sickness \nabsence. Park Street supports all human rights within national laws as well as international laws, and acknowledges the importance of \nsupporting the local community as well as helping in a larger perspective. In order to support the data protection for individuals, the Group \nis implementing and continuously improving processes and IT measures to meet the EU GDPR standards. At the same time a policy is \ngetting established for development of future employees. No breach of these policies have been identified in 2022. \n▪ \nAnti-corruption and bribery: The Group is has invested to develop systems for transparently reviewing invoices and implemented a vendor \nand property specific approval policy and workflows to mitigate any risks related to expenses. The group has established an Anti-corruption \npolicy were employees and business partners are not allowed to receive gifts from suppliers larger than DKK 500. In connection with the \nongoing controlling of employees, the Group has strict guidelines on only paying bills according to legal documents with documented \nexpenses, and that prices are benchmarked against usual costs. No corruption has been detected in 2022.  \n▪ \nData ethics: The Park Street Group does not have a formalized policy on data ethics. Park Street only processes data for business \npurposes. Park Street does not make use of new technologies such as artificial intelligence, advanced algorithms, monitoring and the \nlike. Data processed in Park Street is not made available to third parties. Should there be a desire to make data available to third par-\nties, it should be approved by the company\'s top management. The Park Street Group complies with applicable legislation for the pro-\ncessing of personal data. As a rule, the Group does not process personal data, apart from what relates to employee data. \n \nLegal requirements for corporate governance  \n \nPark Street has chosen on the company\'s website to publish the statutory statement of business management, according to section § 107b of \nthe Danish Financial Statements Act (Årsregnskabslovens § 107b.).  \n \nThe full statutory report available on our website http://www.psnas.com/index.php/corporate-governance-statement/ \n \nStatutory report on diversity in management \n \nPark Street’s  board composed at the time of publication of the annual report for 2022 by three men and one woman. In accordance with the Danish \nCommerce and Industry Agency\'s (Erhvervsstyrelsens) ""Guidelines on targets and Policies for Gender Composition of Management and Reporting \non this issue"" issued in March 2016, Park Street has a sub-representation of the board (top Management body).  \n \nPark Street has set a target for the underrepresented gender in the Board of Directors (top Management body). Park Street has chosen that the \nunder-represented sex must be represented by 40% of the board by the end of 2022. Consequently the goal of 40% women in the Board of Directors \nhas not been met yet as no candidates of the underrepresented gender were up for election in the previous year. \n \n', 'advanced AI (Artificial Intelligence) based system that allows organizations to capture, curate and analyse data which will help the Company to \nincrease efficiency in the operations and simplify the processes.  \n']";1;1;0;2;3019482000;Copenhagen;01/04/1989;;;
474;PARKSTa.CO;Park Street A/S;Denmark;Denmark;OMX Nordic Exchange Copenhagen A/S;DK0010158500;213800VGJC18MRKMZC33;;01/01/1990;17/08/1993;Real Estate;Real Estate Investment and Services Development;Real Estate Holding and Development;69.00.00;1;;;520;ALL_COMPANIES/Park Street A-S/Park-Street-Annual-Report-2021.pdf;Park Street A/S;2021;0.0076954648060742;"['\uf0a7 \nEnvironmental and climate conditions: The Company has is set to follow consistently high standards for following all applicable building \nregulations including AB 18 and ABT 18 across its projects. The Company has further set goals of changing metering technology for fa-\ncilitate dynamic measurement of energy reading which will allow us to take steps for improving the energy performance for the build-\nings. The Group invested DKK 30.0 million in the maintenance and modernization of the existing properties. The Company will maintain \nhigh standards and ambitions of a continuous improvements for energy consumption and Co2 emissions decrease in the following \nyears.  \n\uf0a7 \nSocial conditions and employee relations and respect for human rights: Employees are the most important resource for progress, and \ntherefore the Group is constantly working to ensure a healthy physical and mental work environment with a focus on reducing sickness \nabsence. Park Street supports all human rights within national laws as well as international laws, and acknowledges the importance of \nsupporting the local community as well as helping in a larger perspective. In order to support the data protection for individuals, the \nGroup is implementing and continuously improving processes and IT measures to meet the EU GDPR standards. At the same time a \npolicy is getting established for development of future employees. No breach of these policies has been identified in 2021. The Compa-\nny will continue to maintain high standards for work environment meeting and going well above the requirements of legislation to be \nable to attract the best talent. \n\uf0a7 \nAnti-corruption and bribery: The Group is working on stablishing an Anti-corruption policy were employees and business partners are \nnot allowed to receive gifts from suppliers larger than DKK 500. In connection with the ongoing controlling of employees, the Group has \nstrict guidelines on only paying bills according to legal documents with documented expenses, and that prices are benchmarked against \nusual costs. No corruption has been detected in 2021. Going forward the company will maintain zero-tolerance approach to any form of \ncorruption or bribery and seek similar commitments from its key vendors. \n\uf0a7 \nComputer ethics: The Park Street Group does not have a formalized policy on data ethics. Park Street only processes data for business \npurposes. Park Street does not make use of new technologies such as artificial intelligence, advanced algorithms, monitoring and the \nlike. Data processed in Park Street is not made available to third parties. Should there be a desire to make data available to third par-\nties, it should be approved by the company\'s top management. The Park Street Group complies with applicable legislation for the pro-\ncessing of personal data. As a rule, the Group does not process personal data, apart from what relates to employee data. \n \n \nLegal requirements for corporate governance  \n \nPark Street has chosen on the company\'s website to publish the statutory statement of business management, according to section § 107b of \nthe Danish Financial Statements Act (Årsregnskabslovens § 107b.).  \n \nThe full statutory report available on our website http://www.psnas.com/index.php/corporate-governance-statement/ \n \n \nStatutory report on diversity in management \n \nPark Street board composed at the time of publication of the annual report for 2021 by four men and one woman. In accordance with the Danish \nCommerce and Industry Agency\'s (Erhvervsstyrelsens) ""Guidelines on targets and Policies for Gender Composition of Management and Report-\ning on this issue"" issued in March 2016, Park Street has a sub-representation of the board (top Management body).  \n \nPark Street has set a target for the underrepresented gender in the Board of Directors (top Management body). Park Street has chosen that the \nunder-represented sex must be represented by 40% of the board by the end of 2022. Consequently the goal of 40% women in the Board of Direc-\ntors has not been met yet as no candidates of the underrepresented gender were up for election in the previous year. \n \nSince the number of employees in the Group is less than 50, Park Street is not required to develop policies to increase the proportion of under-\nrepresented gender in the Group\'s other management levels, however the percentage of female employees represents 48% of the employees in \nthe Group by the end of 2021. Group’s overall policy is to employ or promote the best suitable candidates no matter of gender. \n \n \nInternal control and risk management systems in relation to the accounting process \n \nPark Street Board of Directors and the Audit Committee have the overall responsibility for risk management and internal controls in relation to the \npresentation of the Group financial statements. The Group’s internal control and risk management systems relating to the accounting process are \ndesigned to minimise the risk of irregularities and significant errors in the published financial statements. \n', 'advanced AI (Artificial Intelligence) based system that allows organizations to capture, curate and analyse data which will help the Company to \nincrease efficiency in the operations and simplify the processes.  \n \n']";1;1;0;2;2723066000;Copenhagen;01/04/1989;;;
475;PARKSTa.CO;Park Street A/S;Denmark;Denmark;OMX Nordic Exchange Copenhagen A/S;DK0010158500;213800VGJC18MRKMZC33;;01/01/1990;17/08/1993;Real Estate;Real Estate Investment and Services Development;Real Estate Holding and Development;69.00.00;1;;;524;ALL_COMPANIES/Park Street A-S/Annual-Report-Park-Street-Nordicom-AS-and-subsidiaries-2020.pdf;Park Street Nordicom A/S;2020;0.0052476910159529;['develop a Real Estate Platform with Technology. This company is developing an advanced AI (Artificial Intelligence) based system that allows \norganizations to capture, curate and analyse data which will help the Company to increase efficiency in the operations and simplify the processes.  \n'];1;2;0;3;2772843000;Copenhagen;01/04/1989;;;
476;SIGR.CO;Scandinavian Investment Group A/S;Denmark;Denmark;OMX Nordic Exchange Copenhagen A/S;DK0060038933;529900UGOPJNE0MU9N79;;01/01/1986;30/06/1986;Real Estate;Real Estate Investment and Services Development;Real Estate Holding and Development;70.00.00;1;;;365;ALL_COMPANIES/Scandinavian Investment Group A-S/Scandinavian-Investment-Group-Arsrapport-2024_final.pdf;Scandinavian Investment Group A/S;2024;00.00;[];0;0;0;0;299000000;Herlev;29/03/1960;;;
477;SIGR.CO;Scandinavian Investment Group A/S;Denmark;Denmark;OMX Nordic Exchange Copenhagen A/S;DK0060038933;529900UGOPJNE0MU9N79;;01/01/1986;30/06/1986;Real Estate;Real Estate Investment and Services Development;Real Estate Holding and Development;70.00.00;1;;;368;ALL_COMPANIES/Scandinavian Investment Group A-S/Arsrapport_2023-2.pdf;Scandinavian Investment Group A/S;2023;00.00;[];0;0;0;0;297000000;Herlev;29/03/1960;;;
478;SIGR.CO;Scandinavian Investment Group A/S;Denmark;Denmark;OMX Nordic Exchange Copenhagen A/S;DK0060038933;529900UGOPJNE0MU9N79;;01/01/1986;30/06/1986;Real Estate;Real Estate Investment and Services Development;Real Estate Holding and Development;70.00.00;1;;;364;ALL_COMPANIES/Scandinavian Investment Group A-S/Arsrapport-2022.pdf;Scandinavian Investment Group A/S;2022;00.00;[];0;0;0;0;294900000;Herlev;29/03/1960;;;
479;SIGR.CO;Scandinavian Investment Group A/S;Denmark;Denmark;OMX Nordic Exchange Copenhagen A/S;DK0060038933;529900UGOPJNE0MU9N79;;01/01/1986;30/06/1986;Real Estate;Real Estate Investment and Services Development;Real Estate Holding and Development;70.00.00;1;;;367;ALL_COMPANIES/Scandinavian Investment Group A-S/Arsrapport-2021.pdf;Scandinavian Investment Group A/S;2021;00.00;[];0;0;0;0;179200000;Herlev;29/03/1960;;;
480;SIGR.CO;Scandinavian Investment Group A/S;Denmark;Denmark;OMX Nordic Exchange Copenhagen A/S;DK0060038933;529900UGOPJNE0MU9N79;;01/01/1986;30/06/1986;Real Estate;Real Estate Investment and Services Development;Real Estate Holding and Development;70.00.00;1;;;366;ALL_COMPANIES/Scandinavian Investment Group A-S/Scandinavian-Investment-Group-Arsrapport-202-0.pdf;Scandinavian Investment Group A/S;2020;00.00;[];0;0;0;0;117200000;Herlev;29/03/1960;;;
481;SKAKO.CO;Skako A/S;Denmark;Denmark;OMX Nordic Exchange Copenhagen A/S;DK0010231877;529900WNR3U8C847AW24;;01/05/1986;13/05/1986;Industrials;Industrial Engineering;Machinery: Industrial;71.00.00;1;;;567;ALL_COMPANIES/Skako A-S/SKAKO-Annual-report-2024.pdf;SKAKO A/S;2024;00.00;[];0;0;0;0;342193000;Faaborg;01/04/1960;;;
482;SKAKO.CO;Skako A/S;Denmark;Denmark;OMX Nordic Exchange Copenhagen A/S;DK0010231877;529900WNR3U8C847AW24;;01/05/1986;13/05/1986;Industrials;Industrial Engineering;Machinery: Industrial;71.00.00;1;;;564;ALL_COMPANIES/Skako A-S/SKAKO_Annual_Report_2023.pdf;SKAKO A/S;2023;00.00;[];0;0;0;0;384057000;Faaborg;01/04/1960;;;
483;SKAKO.CO;Skako A/S;Denmark;Denmark;OMX Nordic Exchange Copenhagen A/S;DK0010231877;529900WNR3U8C847AW24;;01/05/1986;13/05/1986;Industrials;Industrial Engineering;Machinery: Industrial;71.00.00;1;;;568;ALL_COMPANIES/Skako A-S/Annual-report-2022-4.pdf;SKAKO A/S;2022;00.00;[];0;0;0;0;339020000;Faaborg;01/04/1960;;;
484;SKAKO.CO;Skako A/S;Denmark;Denmark;OMX Nordic Exchange Copenhagen A/S;DK0010231877;529900WNR3U8C847AW24;;01/05/1986;13/05/1986;Industrials;Industrial Engineering;Machinery: Industrial;71.00.00;1;;;566;ALL_COMPANIES/Skako A-S/Annual-report-2021-3.pdf;SKAKO A/S;2021;00.00;[];0;0;0;0;322058000;Faaborg;01/04/1960;;;
485;SKAKO.CO;Skako A/S;Denmark;Denmark;OMX Nordic Exchange Copenhagen A/S;DK0010231877;529900WNR3U8C847AW24;;01/05/1986;13/05/1986;Industrials;Industrial Engineering;Machinery: Industrial;71.00.00;1;;;565;ALL_COMPANIES/Skako A-S/Annual-report-2020.pdf;SKAKO A/S;2020;00.00;[];0;0;0;0;322330000;Faaborg;01/04/1960;;;
486;GJ.CO;Glunz & Jensen Holding A/S;Denmark;Denmark;OMX Nordic Exchange Copenhagen A/S;DK0010249309;549300S5UFTTWALAFE19;;01/01/1990;23/10/1990;Industrials;Industrial Engineering;Machinery: Industrial;74.00.00;;;;387;ALL_COMPANIES/Glunz & Jensen Holding A-S/GJ Annual report 2025.pdf;Glunz & Jensen Holding A/S;2025;0.0058568583811643;[' \n \n2,3 \n \n \n \n \n \n \n \n \n \n \nBalance sheet \n \n \n \n \n \n \nAssets \n \n \n \n \n \n \nCompleted development projects \n- \n- \n- \n0,6 \n0,7 \n0,1 \nOther non-current assets \n152,7 \n157,7 \n154,1 \n155,2 \n160,3 \n21,5 \nCurrent assets \n67,5 \n82,8 \n64,2 \n56,3 \n65,2 \n8,7 \n \nTotal assets \n220,2 \n240,5 \n218,3 \n212,1 \n226,2 \n30,3 \n \n \n \n \n \n \n \n \nLiabilities \n \n \n \n \n \n \nShare capital \n86,3 \n98,4 \n101,2 \n104,4 \n112,5 \n15,1 \nNon-current liabilities \n70,1 \n65,9 \n72,1 \n72,6 \n71,6 \n9,6 \nCurrent liabilities \n63,8 \n76,2 \n45,0 \n35,1 \n42,1 \n5,6 \n \nTotal equity and liabilities \n220,2 \n240,5 \n218,3 \n212,1 \n226,2 \n30,3 \n \n \n \n \n \n \n \n \n \n \nCash flows \n \n \n \n \n \n \nCash flows from operating activities \n23,2 \n(9,3) \n13,9 \n6,6 \n6,7 \n0,9 \nCash flows from investing activities2) \n(4,1) \n(1,4) \n(0,6) \n(1,6) \n(7,4) \n(1,0) \nFree cash flows \n19,1 \n(10,7) \n13,3 \n5,0 \n(0,7) \n(0,1) \nCash flows from financing activities \n(18,9) \n10,6 \n(13,0) \n(5,6) \n0,5 \n0,1 \n \n \n \nChange in cash and cash equivalents for the year \n0,2 \n(0,1) \n0,3 \n(0,7) \n(0,2) \n(0,0) \n \n \n \n \n \n \n \n \n \n \nFinancial ratios in % \n \n \n \n \n \n \nOperating margin  \n11,7 \n16,5 \n6,0 \n6,0 \n10,9 \n10,9 \nEBITDA margin \n16,3 \n17,6 \n7,5 \n7,2 \n12,0 \n12,0 \nReturn on assets \n8,0 \n7,4 \n3,8 \n3,7 \n7,2 \n7,2 \nReturn on equity (ROE) \n15,1 \n13,0 \n2,9 \n2,8 \n7,8 \n7,8 \nSolvency ratio \n39,2 \n40,9 \n46,4 \n49,2 \n49,7 \n49,7 \n \n \n \n \n \n \n \n \n \n \nOther information \n \n \n \n \n \n \nCredit institutions net interest-bearing debt \n71,1 \n83,9 \n73,4 \n70,5 \n71,6 \n9,6 \nInterest coverage  \n6,9 \n9,3 \n2,0 \n1,9 \n4,1 \n4,1 \nEarnings per share (EPS) \n6,7 \n6,6 \n1,6 \n1,6 \n4,7 \n0,6 \nDiluted earnings per share (EPS-D) \n6,7 \n6,6 \n1,6 \n1,6 \n4,7 \n0,6 \nCash flow per share (CFPS) \n12,7 \n(5,1) \n7,7 \n3,6 \n3,7 \n0,5 \nBook value per share (BVPS) \n47,4 \n54,1 \n55,6 \n57,3 \n61,7 \n8,3 \nShare price (KI) \n78 \n75 \n72 \n75 \n80 \n10,0 \nAverage number of shares outstanding (in thousands) \n1.821 \n1.821 \n1.821 \n1.821 \n1.821 \n1.821 \nDividends per share \n \n0,0 \n0,0 \n0,0 \n0,0 \n0,0 \n0,0 \nAverage number of employees \n101 \n108 \n113 \n107 \n100 \n100 \n \n \n \n \n \n \n \nThe accounting period in 2022 is from April 1st to December 31st hence covering a 9-month period only.  \nFor definitions of financial ratios, see page 61.  \n \n1) The numbers presented in EUR are supplementary information. All numbers are translated from DKK to EUR using the official exchange \nrate on December 31st, 2025. \n', 'Share price/book value (KI) \nShare price\n'];0;0;0;0;212143000;Ringsted;28/04/1986;;;
487;GJ.CO;Glunz & Jensen Holding A/S;Denmark;Denmark;OMX Nordic Exchange Copenhagen A/S;DK0010249309;549300S5UFTTWALAFE19;;01/01/1990;23/10/1990;Industrials;Industrial Engineering;Machinery: Industrial;74.00.00;;;;388;ALL_COMPANIES/Glunz & Jensen Holding A-S/Annual report 2024-3.pdf;Glunz & Jensen Holding A/S;2024;0.0056344376831192;[' \n(0,2) \n \n \n \n \n \n \n \n \n \n \nFinancial ratios in % \n \n \n \n \n \n \nOperating margin  \n3,5 \n11,7 \n16,5 \n6,0 \n6,0 \n6,0 \nEBITDA margin \n14,3 \n16,3 \n17,6 \n7,5 \n7,2 \n7,2 \nReturn on assets \n2,1 \n8,0 \n7,4 \n3,8 \n3,7 \n3,7 \nReturn on equity (ROE) \n1,2 \n15,1 \n13,0 \n2,9 \n2,8 \n2,8 \nSolvency ratio \n34,8 \n39,2 \n40,9 \n46,4 \n49,2 \n49,2 \n \n \n \n \n \n \n \n \n \n \nOther information \n \n \n \n \n \n \nCredit institutions net interest-bearing debt \n86,5 \n71,1 \n83,9 \n73,4 \n70,5 \n9,5 \nInterest coverage  \n1,7 \n6,9 \n9,3 \n2,0 \n1,9 \n1,9 \nEarnings per share (EPS) \n0,5 \n6,7 \n6,6 \n1,6 \n1,6 \n0,2 \nDiluted earnings per share (EPS-D) \n0,5 \n6,7 \n6,6 \n1,6 \n1,6 \n0,2 \nCash flow per share (CFPS) \n8,6 \n12,7 \n(5,1) \n7,7 \n3,6 \n0,5 \nBook value per share (BVPS) \n40,6 \n47,4 \n54,1 \n55,6 \n57,3 \n7,7 \nShare price (KI) \n65 \n78 \n75 \n72 \n75 \n10,0 \nAverage number of shares outstanding (in thousands) \n1.821 \n1.821 \n1.821 \n1.821 \n1.821 \n1.821 \nDividend per share \n \n0,0 \n0,0 \n0,0 \n0,0 \n0,0 \n0,0 \nAverage number of employees \n119 \n101 \n108 \n113 \n107 \n107 \n \n \n \n \n \n \n \nThe accounting period in 2022 is from April 1st to December 31st hence covering a 9-month period only.  \nFor definitions of financial ratios, see page 62.  \n \n1) The DKK/EUR exchange rate applied is 746. \n', 'Share price/book value (KI) \nShare price\n'];0;0;0;0;218255000;Ringsted;28/04/1986;;;
488;GJ.CO;Glunz & Jensen Holding A/S;Denmark;Denmark;OMX Nordic Exchange Copenhagen A/S;DK0010249309;549300S5UFTTWALAFE19;;01/01/1990;23/10/1990;Industrials;Industrial Engineering;Machinery: Industrial;74.00.00;;;;385;ALL_COMPANIES/Glunz & Jensen Holding A-S/Annual report 2023-4.pdf;Glunz & Jensen Holding A/S;2023;0.0053721561148566;[' \n(0,1) \n \n \n \n \n \n \n \n \n \n \nFinancial ratios in % \n \n \n \n \n \n \nOperating margin  \n(9,1) \n3,5 \n11,7 \n16,5 \n6,0 \n6,0 \nEBITDA margin \n0,9 \n14,3 \n16,3 \n17,6 \n7,5 \n7,5 \nReturn on assets \n(7,3) \n2,1 \n8,0 \n7,4 \n3,8 \n3,8 \nReturn on equity (ROE) \n(22,9) \n1,2 \n15,1 \n13,0 \n2,9 \n2,9 \nSolvency ratio \n29,8 \n34,8 \n39,2 \n40,9 \n46,4 \n46,4 \n \n \n \n \n \n \n \n \n \n \nOther information \n \n \n \n \n \n \nCredit institutions net interest-bearing debt \n97,5 \n86,5 \n71,1 \n83,9 \n73,4 \n9,8 \nInterest coverage  \n(12,4) \n1,7 \n6,9 \n9,3 \n2,0 \n2,0 \nEarnings per share (EPS) \n(10,1) \n0,5 \n6,7 \n6,6 \n1,6 \n0,2 \nDiluted earnings per share (EPS-D) \n(10,1) \n0,5 \n6,7 \n6,6 \n1,6 \n0,2 \nCash flow per share (CFPS) \n(1,1) \n8,6 \n12,7 \n(5,1) \n7,7 \n1,0 \nBook value per share (BVPS) \n40,4 \n40,6 \n47,4 \n54,1 \n55,6 \n7,5 \nShare price (KI) \n55 \n65 \n78 \n75 \n72 \n9,6 \nAverage number of shares outstanding (in thousands) \n1.821 \n1.821 \n1.821 \n1.821 \n1.821 \n1.821 \nDividend per share \n \n0,0 \n0,0 \n0,0 \n0,0 \n0,0 \n0,0 \nAverage number of employees \n158 \n119 \n101 \n108 \n113 \n113 \n \n \n \n \n \n \n \nThe accounting period in 2022 is from April 1st to December 31st hence covering a 9-month period only.  \nFor definitions of financial ratios, see page 64.  \n \n1) The DKK/EUR exchange rate applied is 745. \n', 'Share price/book value (KI) \nShare price\n'];0;0;0;0;240541000;Ringsted;28/04/1986;;;
489;GJ.CO;Glunz & Jensen Holding A/S;Denmark;Denmark;OMX Nordic Exchange Copenhagen A/S;DK0010249309;549300S5UFTTWALAFE19;;01/01/1990;23/10/1990;Industrials;Industrial Engineering;Machinery: Industrial;74.00.00;;;;389;ALL_COMPANIES/Glunz & Jensen Holding A-S/Annual report 2022-2.pdf;Glunz & Jensen Holding A/S;2022;0.0052780196870134;[' \n(0,2) \n \n \n \n \n \n \n \n \n \n \nFinancial ratios in % \n \n \n \n \n \n \nOperating margin  \n(1,5) \n(9,1) \n3,5 \n11,7 \n16,5 \n16,5 \nEBITDA margin \n4,0 \n0,9 \n14,3 \n16,3 \n17,6 \n17,6 \nReturn on assets (ROIC) \n(1,3) \n(7,3) \n2,1 \n8,0 \n7,4 \n7,4 \nReturn on equity (ROE) \n(7,7) \n(22,9) \n1,2 \n15,1 \n13,0 \n13,0 \nSolvency ratio \n36,2 \n29,8 \n34,8 \n39,2 \n40,9 \n40,9 \n \n \n \n \n \n \n \n \n \n \nOther information \n \n \n \n \n \n \nCredit institutions net interest-bearing debt \n84,1 \n97,5 \n86,5 \n71,1 \n83,9 \n11,3 \nInterest coverage  \n(1,6) \n(12,4) \n1,7 \n6,9 \n9,3 \n9,3 \nEarnings per share (EPS) \n(3,8) \n(10,1) \n0,5 \n6,7 \n6,6 \n0,9 \nDiluted earnings per share (EPS-D) \n(3,8) \n(10,1) \n0,5 \n6,7 \n6,6 \n0,9 \nCash flow per share (CFPS) \n5,8 \n(1,1) \n8,6 \n12,7 \n(5,1) \n(0,7) \nBook value per share (BVPS) \n47,7 \n40,4 \n40,6 \n47,4 \n54,1 \n7,3 \nShare price (KI) \n44 \n55 \n65 \n78 \n75 \n10 \nAverage number of shares outstanding (in thousands) \n1.821 \n1.821 \n1.821 \n1.821 \n1.821 \n1.821 \nDividend per share \n \n0,0 \n0,0 \n0,0 \n0,0 \n0,0 \n0,0 \nAverage number of employees \n171 \n158 \n119 \n101 \n108 \n108 \n \n \n \n \n \n \n \nFor definitions of financial ratios, see page 63. 1) The DKK/EUR exchange rate applied is 744. \nThe accounting period in 2022 is from April 1st to December 31st hence covering a 9-month period only.  \nIFRS 16 was adopted on April 1st, 2019, and the previous year have not been restated.  \n', 'Share price/book value (KI) \nShare price\n'];0;0;0;0;212273000;Ringsted;28/04/1986;;;
490;GJ.CO;Glunz & Jensen Holding A/S;Denmark;Denmark;OMX Nordic Exchange Copenhagen A/S;DK0010249309;549300S5UFTTWALAFE19;;01/01/1990;23/10/1990;Industrials;Industrial Engineering;Machinery: Industrial;74.00.00;;;;386;ALL_COMPANIES/Glunz & Jensen Holding A-S/Annual report 2021-22.pdf;Glunz & Jensen Holding A/S;2021;0.0051300466834248;[' \n(0,5) \n \n \n \n \n \n \n \n \n \n \nFinancial ratios in % \n \n \n \n \n \n \nOperating margin  \n8,3 \n(1,5) \n(9,1) \n3,5 \n11,7 \n11,7 \nEBITDA margin \n12,2 \n4,0 \n0,9 \n14,3 \n16,3 \n16,3 \nReturn on assets (ROIC) \n6,8 \n(1,3) \n(7,3) \n2,1 \n8,0 \n8,0 \nReturn on equity (ROE) \n11,8 \n(7,7) \n(22,9) \n1,2 \n15,1 \n15,1 \nEquity ratio \n33,1 \n36,2 \n29,8 \n34,8 \n39,2 \n39,2 \n \n \n \n \n \n \n \n \n \n \nOther information \n \n \n \n \n \n \nCredit institutions net interest-bearing debt \n90,2 \n84,1 \n97,5 \n86,5 \n71,1 \n9,6 \nInterest coverage  \n7,3 \n(1,6) \n(12,4) \n1,7 \n6,9 \n6,9 \nEarnings per share (EPS) \n6,0 \n(3,8) \n(10,1) \n0,5 \n6,7 \n0,9 \nDiluted earnings per share (EPS-D) \n5,4 \n(3,8) \n(10,1) \n0,5 \n6,7 \n0,9 \nCash flow per share (CFPS) \n9,9 \n5,8 \n(1,1) \n8,6 \n12,7 \n1,7 \nBook value per share (BVPS) \n50,6 \n47,7 \n40,4 \n40,6 \n47,4 \n6,4 \nShare price (KI) \n73 \n44 \n55 \n65 \n78 \n10 \nAverage number of shares outstanding (in thousands) \n1.664 \n1.821 \n1.821 \n1.821 \n1.821 \n1.821 \nDividend per share \n \n0,0 \n0,0 \n0,0 \n0,0 \n0,0 \n0,0 \nAverage number of employees \n195 \n171 \n158 \n119 \n101 \n101 \n \n \n \n \n \n \n \nFor definitions of financial ratios, see page 62. 1) The DKK/EUR exchange rate applied is 744. \nThe accounting period in 2017/18 is from June 1st, 2017, to March 31st, 2018, hence covering a 10 month period only. Numbers for 2017/18 \nhave not been adjusted to reflect new accounting policies, IFRS 9 and IFRS 15, adopted April 1st, 2018.  \nIFRS 16 is adopted April 1st, 2019, and the previous years have not been restated.  \n', 'Share price/book value (KI) \nShare price\n'];0;0;0;0;247165000;Ringsted;28/04/1986;;;
491;GJ.CO;Glunz & Jensen Holding A/S;Denmark;Denmark;OMX Nordic Exchange Copenhagen A/S;DK0010249309;549300S5UFTTWALAFE19;;01/01/1990;23/10/1990;Industrials;Industrial Engineering;Machinery: Industrial;74.00.00;;;;390;ALL_COMPANIES/Glunz & Jensen Holding A-S/Annual report 2020-21.pdf;Glunz & Jensen Holding A/S;2020;0.0051506567087303;[' \n0,0 \n \n \n \n \n \n \n \n \n \n \nFinancial ratios in % \n \n \n \n \n \n \nOperating margin  \n(22,4) \n8,3 \n(1,5) \n(9,1) \n3,5 \n3,5 \nEBITDA margin \n(4,4) \n12,2 \n4,0 \n0,9 \n14,3 \n14,3 \nReturn on assets (ROIC) \n(19,6) \n6,8 \n(1,3) \n(7,3) \n2,1 \n2,1 \nReturn on equity (ROE) \n(63,1) \n11,8 \n(7,7) \n(22,9) \n1,2 \n1,2 \nEquity ratio \n28,1 \n33,1 \n36,2 \n29,8 \n34,8 \n34,8 \n \n \n \n \n \n \n \n \n \n \nOther information \n \n \n \n \n \n \nCredit institutions net interest-bearing debt \n111,2 \n90,2 \n84,1 \n97,5 \n86,5 \n11,6 \nInterest coverage  \n(17,7) \n7,3 \n(1,6) \n(12,4) \n1,7 \n1,7 \nEarnings per share (EPS) \n(37,8) \n6,0 \n(3,8) \n(10,1) \n0,5 \n0,1 \nDiluted earnings per share (EPS-D) \n(37,6) \n5,4 \n(3,8) \n(10,1) \n0,5 \n0,1 \nCash flow per share (CFPS) \n4,6 \n9,9 \n5,8 \n(1,1) \n8,6 \n1,2 \nBook value per share (BVPS) \n45,6 \n50,6 \n47,7 \n40,4 \n40,6 \n5,5 \nShare price (KI) \n52 \n73 \n44 \n55 \n65 \n9 \nAverage number of shares outstanding (in thousands) \n1.615 \n1.664 \n1.821 \n1.821 \n1.821 \n1.821 \nDividend per share \n \n0,0 \n0,0 \n0,0 \n0,0 \n0,0 \n0,0 \nAverage number of employees \n225 \n195 \n171 \n158 \n119 \n119 \n \n \n \n \n \n \n \nFor definitions of financial ratios, see page 65. 1) The DKK/EUR exchange rate applied is 744. \nNumbers for 2016/17 - 2017/18 have not been adjusted to reflect new accounting policies, IFRS 9 and IFRS 15, adopted April 1st, 2018. \nIFRS 16 is adopted April 1st, 2019 and the previous years have not been restated.  \n', 'Share price/book value (KI) \nShare price\n'];0;0;0;0;;Ringsted;28/04/1986;;;
492;ENSG.CO;Ennogie Solar Group A/S;Denmark;Denmark;OMX Nordic Exchange Copenhagen A/S;DK0010305077;549300JUGBT2EH17X827;;02/01/1985;02/01/1985;Energy;Alternative Energy;Renewable Energy Equipment;75.00.00;1;;;356;ALL_COMPANIES/Ennogie Solar Group A-S/amNsb3VkczovLzAzLzUwL2QxL2IzLzBmL2M0OWEtNDc4Yy05MWFhLTA3NjVjMDJiNmU2MA.pdf;Ennogie Solar Group A/S;2024;00.00;[];0;0;0;0;73190000;Herning;31/03/1951;;;
493;ENSG.CO;Ennogie Solar Group A/S;Denmark;Denmark;OMX Nordic Exchange Copenhagen A/S;DK0010305077;549300JUGBT2EH17X827;;02/01/1985;02/01/1985;Energy;Alternative Energy;Renewable Energy Equipment;75.00.00;1;;;354;ALL_COMPANIES/Ennogie Solar Group A-S/EnnogieSolarGroup-2023-12-31-en.pdf;Ennogie Solar Group A/S;2023;00.00;[];0;0;0;0;57258000;Herning;31/03/1951;;;
494;ENSG.CO;Ennogie Solar Group A/S;Denmark;Denmark;OMX Nordic Exchange Copenhagen A/S;DK0010305077;549300JUGBT2EH17X827;;02/01/1985;02/01/1985;Energy;Alternative Energy;Renewable Energy Equipment;75.00.00;1;;;355;ALL_COMPANIES/Ennogie Solar Group A-S/Ennogie Solar Group 2022.pdf;Ennogie Solar Group A/S;2022;00.00;[];0;0;0;0;39796000;Herning;31/03/1951;;;
495;ENSG.CO;Ennogie Solar Group A/S;Denmark;Denmark;OMX Nordic Exchange Copenhagen A/S;DK0010305077;549300JUGBT2EH17X827;;02/01/1985;02/01/1985;Energy;Alternative Energy;Renewable Energy Equipment;75.00.00;1;;;357;ALL_COMPANIES/Ennogie Solar Group A-S/amNsb3VkczovLzAzLzA5L2UxL2RhLzQxLzVlYzItNDg4YS05MTk5LWE4MWQzMTJlY2Q4Yw.pdf;[Company's Legal Name];2021;00.00;[];0;0;0;0;27843000;Herning;31/03/1951;;;
496;ENSG.CO;Ennogie Solar Group A/S;Denmark;Denmark;OMX Nordic Exchange Copenhagen A/S;DK0010305077;549300JUGBT2EH17X827;;02/01/1985;02/01/1985;Energy;Alternative Energy;Renewable Energy Equipment;75.00.00;1;;;358;ALL_COMPANIES/Ennogie Solar Group A-S/offentliggorelse.pdf;SmallCap Danmark A/S;2020;00.00;[];0;0;0;0;38179000;Herning;31/03/1951;;;
497;KLEEb.CO;BRD Klee A/S;Denmark;Denmark;OMX Nordic Exchange Copenhagen A/S;DK0010129089;213800B2K4GINPKW1H72;;01/01/1986;31/03/1989;Industrials;Industrial Engineering;Machinery: Industrial;77.00.00;;Oct 1 - Sep 30;;12;Missing Reports/BRD Klee/Årsrapport 2024-2025.pdf;Brd. Klee A/S;2025;00.00;[];0;0;0;0;230913860;Albertslund;27/03/1973;;;
498;KLEEb.CO;BRD Klee A/S;Denmark;Denmark;OMX Nordic Exchange Copenhagen A/S;DK0010129089;213800B2K4GINPKW1H72;;01/01/1986;31/03/1989;Industrials;Industrial Engineering;Machinery: Industrial;77.00.00;;Oct 1 - Sep 30;;13;Missing Reports/BRD Klee/Aarsrapport-2020-21-Brd.-Klee.pdf;Brd. Klee A/S;2021;00.00;[];0;0;0;0;140369560;Albertslund;27/03/1973;;;
499;KLEEb.CO;BRD Klee A/S;Denmark;Denmark;OMX Nordic Exchange Copenhagen A/S;DK0010129089;213800B2K4GINPKW1H72;;01/01/1986;31/03/1989;Industrials;Industrial Engineering;Machinery: Industrial;77.00.00;;Oct 1 - Sep 30;;14;Missing Reports/BRD Klee/Årsrapport 2022-23 Klee og koncern.pdf;Brd. Klee A/S;2023;00.00;[];0;0;0;0;156654150;Albertslund;27/03/1973;;;
500;KLEEb.CO;BRD Klee A/S;Denmark;Denmark;OMX Nordic Exchange Copenhagen A/S;DK0010129089;213800B2K4GINPKW1H72;;01/01/1986;31/03/1989;Industrials;Industrial Engineering;Machinery: Industrial;77.00.00;;Oct 1 - Sep 30;;15;Missing Reports/BRD Klee/Årsrapport 2023-24.pdf;Brd. Klee A/S;2024;00.00;[];0;0;0;0;229197290;Albertslund;27/03/1973;;;
501;KLEEb.CO;BRD Klee A/S;Denmark;Denmark;OMX Nordic Exchange Copenhagen A/S;DK0010129089;213800B2K4GINPKW1H72;;01/01/1986;31/03/1989;Industrials;Industrial Engineering;Machinery: Industrial;77.00.00;;Oct 1 - Sep 30;;16;Missing Reports/BRD Klee/Aarsrapport-2021-22-1.pdf;Brd. Klee A/S;2022;00.00;[];0;0;0;0;156003010;Albertslund;27/03/1973;;;
502;AGATE.CO;Agat Ejendomme A/S;Denmark;Denmark;OMX Nordic Exchange Copenhagen A/S;DK0010258995;213800A9E3DB29NTMU72;;01/01/1991;11/12/1991;Real Estate;Real Estate Investment and Services Development;Real Estate Holding and Development;78.00.00;;Feb 1 - Jan 31;;55;ALL_COMPANIES/Agat Ejendomme A-S/Agat-Q4-2024-25.pdf;Agat Ejendomme A/S;2024;00.00;[];0;0;0;0;868100000;Aalborg;20/06/1974;;;
503;AGATE.CO;Agat Ejendomme A/S;Denmark;Denmark;OMX Nordic Exchange Copenhagen A/S;DK0010258995;213800A9E3DB29NTMU72;;01/01/1991;11/12/1991;Real Estate;Real Estate Investment and Services Development;Real Estate Holding and Development;78.00.00;;Feb 1 - Jan 31;;52;ALL_COMPANIES/Agat Ejendomme A-S/Agat-Q4-2023-24.pdf;Agat Ejendomme A/S;2023;00.00;[];0;0;0;0;1118900000;Aalborg;20/06/1974;;;
504;AGATE.CO;Agat Ejendomme A/S;Denmark;Denmark;OMX Nordic Exchange Copenhagen A/S;DK0010258995;213800A9E3DB29NTMU72;;01/01/1991;11/12/1991;Real Estate;Real Estate Investment and Services Development;Real Estate Holding and Development;78.00.00;;Feb 1 - Jan 31;;53;ALL_COMPANIES/Agat Ejendomme A-S/Agat-Q4-2022-23.pdf;Agat Ejendomme A/S;2022;00.00;[];0;0;0;0;1441700000;Aalborg;20/06/1974;;;
505;AGATE.CO;Agat Ejendomme A/S;Denmark;Denmark;OMX Nordic Exchange Copenhagen A/S;DK0010258995;213800A9E3DB29NTMU72;;01/01/1991;11/12/1991;Real Estate;Real Estate Investment and Services Development;Real Estate Holding and Development;78.00.00;;Feb 1 - Jan 31;;51;ALL_COMPANIES/Agat Ejendomme A-S/Agat-Q4-2021-22.pdf;Agat Ejendomme A/S;2021;00.00;[];0;0;0;0;1504700000;Aalborg;20/06/1974;;;
506;AGATE.CO;Agat Ejendomme A/S;Denmark;Denmark;OMX Nordic Exchange Copenhagen A/S;DK0010258995;213800A9E3DB29NTMU72;;01/01/1991;11/12/1991;Real Estate;Real Estate Investment and Services Development;Real Estate Holding and Development;78.00.00;;Feb 1 - Jan 31;;54;ALL_COMPANIES/Agat Ejendomme A-S/Aarsrapport-2020-21.pdf;Agat Ejendomme A/S;2020;00.00;[];0;0;0;0;1719300000;Aalborg;20/06/1974;;;
507;PEGRP.CO;Pharma Equity Group A/S;Denmark;Denmark;OMX Nordic Exchange Copenhagen A/S;DK0061155009;2138008SUI4D917FKN20;;25/06/2003;25/06/2003;Health Care;Pharmaceuticals and Biotechnology;Biotechnology;78.00.00;25/03/2026 00.00;;WAS CALLED BLUE VISION UNTIL 2021;511;ALL_COMPANIES/Pharma Equity Group A-S/PEG-2024-annual-report-Final.pdf;Pharma Equity Group A/S;2024;00.00;[];0;0;0;0;67737000;Hoersholm;20/09/2002;;;
508;PEGRP.CO;Pharma Equity Group A/S;Denmark;Denmark;OMX Nordic Exchange Copenhagen A/S;DK0061155009;2138008SUI4D917FKN20;;25/06/2003;25/06/2003;Health Care;Pharmaceuticals and Biotechnology;Biotechnology;78.00.00;25/03/2026 00.00;;WAS CALLED BLUE VISION UNTIL 2021;509;ALL_COMPANIES/Pharma Equity Group A-S/PEG-annual-report-2023.pdf;Pharma Equity Group A/S;2023;00.00;[];0;0;0;0;71072000;Hoersholm;20/09/2002;;;
509;PEGRP.CO;Pharma Equity Group A/S;Denmark;Denmark;OMX Nordic Exchange Copenhagen A/S;DK0061155009;2138008SUI4D917FKN20;;25/06/2003;25/06/2003;Health Care;Pharmaceuticals and Biotechnology;Biotechnology;78.00.00;25/03/2026 00.00;;WAS CALLED BLUE VISION UNTIL 2021;513;ALL_COMPANIES/Pharma Equity Group A-S/Pharma-Equity-Group-arsrapport-2022-ny-generalforsamlingsdato.pdf;Pharma Equity Group A/S;2022;00.00;[];0;0;0;0;63645000;Hoersholm;20/09/2002;;;
510;PEGRP.CO;Pharma Equity Group A/S;Denmark;Denmark;OMX Nordic Exchange Copenhagen A/S;DK0061155009;2138008SUI4D917FKN20;;25/06/2003;25/06/2003;Health Care;Pharmaceuticals and Biotechnology;Biotechnology;78.00.00;25/03/2026 00.00;;WAS CALLED BLUE VISION UNTIL 2021;510;ALL_COMPANIES/Pharma Equity Group A-S/Uofficielt-format-BV-Blue-Vision-aarsrapport-2021.pdf;Blue Vision A/S;2021;00.00;[];0;0;0;0;57582000;Hoersholm;20/09/2002;;;
511;PEGRP.CO;Pharma Equity Group A/S;Denmark;Denmark;OMX Nordic Exchange Copenhagen A/S;DK0061155009;2138008SUI4D917FKN20;;25/06/2003;25/06/2003;Health Care;Pharmaceuticals and Biotechnology;Biotechnology;78.00.00;25/03/2026 00.00;;WAS CALLED BLUE VISION UNTIL 2021;512;ALL_COMPANIES/Pharma Equity Group A-S/Blue_Vision_-_rsrapport_2020_godkendt_generalforsamling_29042021.pdf;Blue Vision A/S;2020;00.00;[];0;0;0;0;72397000;Hoersholm;20/09/2002;;;
512;RIASb.CO;Rias A/S;Denmark;Denmark;OMX Nordic Exchange Copenhagen A/S;DK0010125848;549300XVCPVNRHSJS805;;01/01/1985;13/02/1989;Industrials;General Industrials;Plastics;79.00.00;;Oct 1 - Sep 30;;206;ALL_COMPANIES/Rias A-S/Annual-report_24-25.pdf;RIAS A/S;2025;00.00;[];0;0;0;0;249765000;Roskilde;01/02/1959;;;
513;RIASb.CO;Rias A/S;Denmark;Denmark;OMX Nordic Exchange Copenhagen A/S;DK0010125848;549300XVCPVNRHSJS805;;01/01/1985;13/02/1989;Industrials;General Industrials;Plastics;79.00.00;;Oct 1 - Sep 30;;207;ALL_COMPANIES/Rias A-S/Annual-report-2023-2024.pdf;RIAS A/S;2024;00.00;[];0;0;0;0;260783000;Roskilde;01/02/1959;;;
514;RIASb.CO;Rias A/S;Denmark;Denmark;OMX Nordic Exchange Copenhagen A/S;DK0010125848;549300XVCPVNRHSJS805;;01/01/1985;13/02/1989;Industrials;General Industrials;Plastics;79.00.00;;Oct 1 - Sep 30;;208;ALL_COMPANIES/Rias A-S/Annual-report-2022-2023.pdf;RIAS A/S;2023;00.00;[];0;0;0;0;252412000;Roskilde;01/02/1959;;;
515;RIASb.CO;Rias A/S;Denmark;Denmark;OMX Nordic Exchange Copenhagen A/S;DK0010125848;549300XVCPVNRHSJS805;;01/01/1985;13/02/1989;Industrials;General Industrials;Plastics;79.00.00;;Oct 1 - Sep 30;;210;ALL_COMPANIES/Rias A-S/Aarsrapport-2021-2022.pdf;RIAS A/S;2022;00.00;[];0;0;0;0;254170000;Roskilde;01/02/1959;;;
516;RIASb.CO;Rias A/S;Denmark;Denmark;OMX Nordic Exchange Copenhagen A/S;DK0010125848;549300XVCPVNRHSJS805;;01/01/1985;13/02/1989;Industrials;General Industrials;Plastics;79.00.00;;Oct 1 - Sep 30;;209;ALL_COMPANIES/Rias A-S/Aarsrapport-2020-2021.pdf;RIAS A/S;2021;0.004614674665436;['Arbejdet bygger på en model, hvor vi kombinerer gennemprøvet praksis \nmed den sidste nye læring fra artificial intelligence, machine learning \nog ikke mindst de nyeste afprøvede teknologier. Vi lader nye, talent-\nfulde akademikere med gode analyseværktøjer gå i interaktion med \ngennemprøvet praksis og erfarne medarbejdere, som fylder dem med \nviden om produkter og markedet. På den måde får vi et stærkt mix af \nnye ideer og teknikker med afsæt i alt det, vi ved virker.\n'];3;1;2;6;245168000;Roskilde;01/02/1959;;;
517;VIROG.CO;ViroGates A/S;Denmark;Denmark;OMX Nordic Exchange Copenhagen A/S;DK0061030574;5493007TX8XS56RMZD94;;26/06/2018;26/06/2018;Health Care;Medical Equipment and Services;Medical Equipment;80.00.00;1;;;215;ALL_COMPANIES/ViroGates A-S/20250320-annual-report-2024.pdf;ViroGates A/S;2024;00.00;['the suPAR level (higher ng/ml), the worse the prognosis. \n', 'uninterpretable “suPAR in ng/ml”. By use of the cal\xad\n', 'ml resulted in fewer patients progressing to severe \n'];0;0;0;0;24555000;Birkeroed;01/11/2000;;;
518;VIROG.CO;ViroGates A/S;Denmark;Denmark;OMX Nordic Exchange Copenhagen A/S;DK0061030574;5493007TX8XS56RMZD94;;26/06/2018;26/06/2018;Health Care;Medical Equipment and Services;Medical Equipment;80.00.00;1;;;214;ALL_COMPANIES/ViroGates A-S/virogates-annual-report-2023.pdf;ViroGates A/S;2023;00.00;['The figure shows the chance of survival over 90 days de-\npending on the patient’s suPAR level. A high-risk patient \nwith higher suPAR level (higher ng/ml) is associated with a \nsignificantly lower chance of 30-, 60- and 90-day survival.\n', '0-2 ng/ml\n2-4 ng/ml\n', '4-6 ng/ml\n', '6-8 ng/ml\n', '8-10 ng/ml\n', '>10 ng/ml\n', 'The figure shows the chance of survival over 90 days de\xad\npending on the patient’s suPAR level. A high-risk patient \nwith higher suPAR level (higher ng/ml) is associated with a \nsignificantly lower chance of 30-, 60- and 90-day survival. \n', 'qSOFA score of 1 and suPAR equal to or above 12 ng/ml \n', '<12 ng/ml\n≥12 ng/ml\n'];0;0;0;0;17539000;Birkeroed;01/11/2000;;;
519;VIROG.CO;ViroGates A/S;Denmark;Denmark;OMX Nordic Exchange Copenhagen A/S;DK0061030574;5493007TX8XS56RMZD94;;26/06/2018;26/06/2018;Health Care;Medical Equipment and Services;Medical Equipment;80.00.00;1;;;213;ALL_COMPANIES/ViroGates A-S/virogates-annual-report-2022.pdf;ViroGates A/S;2022;00.00;['The figure shows the chance of survival over 90 days de-\npending on the patient’s suPAR level. A high-risk patient \nwith higher suPAR level (higher ng/ml) is associated with a \nsignificantly lower chance of 30-, 60- and 90-day survival.\n', 'above 6 ng/mL could lower the risk of progression to \n', 'of whom 606 patients had a suPAR above 6 ng/mL and \n', 'above or higher than 6 ng/mL followed by treatment \n', 'tration of suPAR of at least 6 ng/mL. The European Com\xad\n'];0;0;0;0;20229000;Birkeroed;01/11/2000;;;
520;VIROG.CO;ViroGates A/S;Denmark;Denmark;OMX Nordic Exchange Copenhagen A/S;DK0061030574;5493007TX8XS56RMZD94;;26/06/2018;26/06/2018;Health Care;Medical Equipment and Services;Medical Equipment;80.00.00;1;;;211;ALL_COMPANIES/ViroGates A-S/virogates-annual-report-2021.pdf;ViroGates A/S;2021;00.00;['The figure shows the chance of survival over 90 days de-\npending on the patient’s suPAR level. A high-risk patient \nwith higher suPAR level (higher ng/ml) is associated with a \nsignificantly lower chance of 30-, 60- and 90-day survival.\n', '0-2 ng/ml\n2-4 ng/ml\n', '4-6 ng/ml\n', '6-8 ng/ml\n', '8-10 ng/ml\n', '>10 ng/ml\n', 'patients with suPAR above 6 ng/mL could lower the risk \n', '6 ng/mL and were randomized to treatment with \n', 'patients with suPAR above or higher than 6 ng/mL \n', 'tration of suPAR of at least 6 ng/mL. The European Com-\n'];0;0;0;0;38246000;Birkeroed;01/11/2000;;;
521;VIROG.CO;ViroGates A/S;Denmark;Denmark;OMX Nordic Exchange Copenhagen A/S;DK0061030574;5493007TX8XS56RMZD94;;26/06/2018;26/06/2018;Health Care;Medical Equipment and Services;Medical Equipment;80.00.00;1;;;212;ALL_COMPANIES/ViroGates A-S/virogates-annual-report-2020.pdf;ViroGates A/S;2020;00.00;['0-2 ng/ml\n2-4 ng/ml\n', '4-6 ng/ml\n', '6-8 ng/ml\n', '8-10 ng/ml\n', '>10 ng/ml\n', 'The figure shows the chance of survival over 90 days de-\npending on the patient’s suPAR level. A high-risk patient with \nhigher suPAR level (higher ng/ml) is associated with a signifi-\ncantly lower chance of 30-, 60- and 90-day survival.\n'];0;0;0;0;45157000;Birkeroed;01/11/2000;;;
522;UNLGRP.CO;Unlimit Group A/S;Denmark;Denmark;OMX Nordic Exchange Copenhagen A/S;DK0060816148;549300ZZCOOOHCFXH911;;23/06/2017;23/06/2017;Technology;Software & Computer Services;Software;82.00.00;1;;;88;ALL_COMPANIES/Unlimit Group A-S/Regnskab-2024-Final.pdf;Conferize A/S;2024;0.041025641025641;['Unlimit Group ApS forventes at blive en vigtig del af selskabets strategi inden for AI-drevet retail teknologi. Selskabet har en \n', 'særligt inden for AI-drevne abonnementsløsninger, teknologibaserede serviceydelser og digitale markedspladser. Fokus er \n'];1;2;1;4;480210;Frederiksberg;03/04/2012;;;
523;UNLGRP.CO;Unlimit Group A/S;Denmark;Denmark;OMX Nordic Exchange Copenhagen A/S;DK0060816148;549300ZZCOOOHCFXH911;;23/06/2017;23/06/2017;Technology;Software & Computer Services;Software;82.00.00;1;;;92;ALL_COMPANIES/Unlimit Group A-S/Regnskab-2023.pdf;Conferize A/S;2023;0.0193348801237432;['Efter balancedagen \nI februar har selskabet indgået en købsaftale med det svensk selskab QP Group A/S på minimum 76% samt \net konvertibel lån på SEK 9.450.000 samt afgivet et købstilbud på op til 49% af det danske AI selskab A2i \nSystems A/S. \n \n'];1;2;0;3;19800510;Frederiksberg;03/04/2012;;;
524;UNLGRP.CO;Unlimit Group A/S;Denmark;Denmark;OMX Nordic Exchange Copenhagen A/S;DK0060816148;549300ZZCOOOHCFXH911;;23/06/2017;23/06/2017;Technology;Software & Computer Services;Software;82.00.00;1;;;89;ALL_COMPANIES/Unlimit Group A-S/Conferize-Arsrapport-2022.pdf;Conferize A/S;2022;00.00;[];0;0;0;0;21967760;Frederiksberg;03/04/2012;;;
525;UNLGRP.CO;Unlimit Group A/S;Denmark;Denmark;OMX Nordic Exchange Copenhagen A/S;DK0060816148;549300ZZCOOOHCFXH911;;23/06/2017;23/06/2017;Technology;Software & Computer Services;Software;82.00.00;1;;;90;ALL_COMPANIES/Unlimit Group A-S/Conferize-Arsrapport-2021.pdf;Conferize A/S;2021;00.00;[];0;0;0;0;16705010;Frederiksberg;03/04/2012;;;
526;UNLGRP.CO;Unlimit Group A/S;Denmark;Denmark;OMX Nordic Exchange Copenhagen A/S;DK0060816148;549300ZZCOOOHCFXH911;;23/06/2017;23/06/2017;Technology;Software & Computer Services;Software;82.00.00;1;;;91;ALL_COMPANIES/Unlimit Group A-S/Conferize-Arsrapport-2020.pdf;Conferize A/S;2020;00.00;[];0;0;0;0;28173040;Frederiksberg;03/04/2012;;;
527;KONSOL.CO;Konsolidator A/S;Denmark;Denmark;OMX Nordic Exchange Copenhagen A/S;DK0061113511;8945004QWJYYQF6V7Z56;;10/05/2019;10/05/2019;Technology;Software & Computer Services;Software;82.00.00;;;;351;ALL_COMPANIES/Konsolidator A-S/Konsolidator Annual Report 2025.pdf;Konsolidator A/S;2025;0.0110984711855941;['•\t Broaden the product suite \nwith FP&A, Financial Data \nWarehouse, BI solution and \nAI agent\n', 'AI Agent.\n', '“FP&A should remove friction, not \nadd complexity. We’ve developed \nthe tool around the accounting \nlogic that customers already trust, \nusing machine learning to make \nbudgeting and forecasting become \na natural extension of consolidation \n- not another spreadsheet exercise \nrunning in parallel.”\n', 'ki\n', 'Other \ndirectorships\nBoard Director: Valuer Holding \nA/S, Valuer.ai ApS, Configit A/S,  \nConfigit Holding A/S, Danish \nMobile Technology A/S, Strategic \nManagement Society.\n'];1;3;1;5;23012000;COPENHAGEN;24/08/2014;;;
528;KONSOL.CO;Konsolidator A/S;Denmark;Denmark;OMX Nordic Exchange Copenhagen A/S;DK0061113511;8945004QWJYYQF6V7Z56;;10/05/2019;10/05/2019;Technology;Software & Computer Services;Software;82.00.00;;;;352;ALL_COMPANIES/Konsolidator A-S/Konsolidator Annual Report 2024.pdf;Konsolidator A/S;2024;0.0030385900941962;['ki\n'];0;0;0;0;23909000;COPENHAGEN;24/08/2014;;;
529;KONSOL.CO;Konsolidator A/S;Denmark;Denmark;OMX Nordic Exchange Copenhagen A/S;DK0061113511;8945004QWJYYQF6V7Z56;;10/05/2019;10/05/2019;Technology;Software & Computer Services;Software;82.00.00;;;;349;ALL_COMPANIES/Konsolidator A-S/Konsolidator_Annual_Report_2023.pdf;Konsolidator A/S;2023;0.0060595043325455;['•\tReleases AI-powered \nmapping module \n', 'software. One release was a new AI-based mapping module, reducing \n'];1;2;0;3;22012000;COPENHAGEN;24/08/2014;;;
530;KONSOL.CO;Konsolidator A/S;Denmark;Denmark;OMX Nordic Exchange Copenhagen A/S;DK0061113511;8945004QWJYYQF6V7Z56;;10/05/2019;10/05/2019;Technology;Software & Computer Services;Software;82.00.00;;;;348;ALL_COMPANIES/Konsolidator A-S/Konsolidator_Annual_Report_2022.pdf;Konsolidator A/S;2022;00.00;[];0;0;0;0;36039000;COPENHAGEN;24/08/2014;;;16711000.0
531;KONSOL.CO;Konsolidator A/S;Denmark;Denmark;OMX Nordic Exchange Copenhagen A/S;DK0061113511;8945004QWJYYQF6V7Z56;;10/05/2019;10/05/2019;Technology;Software & Computer Services;Software;82.00.00;;;;350;ALL_COMPANIES/Konsolidator A-S/Konsolidator annual report 2021.pdf;Konsolidator A/S;2021;0.003128225983045;"[""The drivers for the strategy are anchored \nin mega-trends in finance, such as cloud \nintegrations to customers ERP systems and \nartificial intelligence which will eliminate \nmanual processes in the onboarding and enable \ncustomers to easily self-onboard. This will lead \nto an expansion in the total addressable market \nsince customers no longer require assistance \nfrom Konsolidator's onboarding team.\n"", 'Self-onboarding is supported by a combination of user experience uplifts and \nmachine learning and will enable Konsolidator® to become the first product that \noffers fast and intuitive self-onboarding. In addition, a simpler onboarding process is \nexpected to result in a higher and faster customer conversion rate.\n', 'Self-onboarding will enable users of cloud ERP systems to try Konsolidator® in a free \ntrial period. Gamification and machine learning will be adopted in the onboarding \nprocess to accommodate free trial.\n']";3;4;2;9;29561000;COPENHAGEN;24/08/2014;;;
532;KONSOL.CO;Konsolidator A/S;Denmark;Denmark;OMX Nordic Exchange Copenhagen A/S;DK0061113511;8945004QWJYYQF6V7Z56;;10/05/2019;10/05/2019;Technology;Software & Computer Services;Software;82.00.00;;;;353;ALL_COMPANIES/Konsolidator A-S/Konsolidator-annual-report-2020.pdf;Konsolidator A/S;2020;00.00;[];0;0;0;0;13750000;COPENHAGEN;24/08/2014;;;
533;DANT.CO;Dantax A/S;Denmark;Denmark;OMX Nordic Exchange Copenhagen A/S;DK0015205637;213800RBGXH4RKC5NF02;;01/10/1984;02/01/1985;Consumer Discretionary;Leisure Goods;Consumer Electronics;84.00.00;;Jul 1 - Jun 30;;299;ALL_COMPANIES/Dantax A-S/Dantax-AS-Aarsrapport-2024-25.pdf;[Extracted Company Name];2025;00.00;[];0;0;0;0;83015000;Pandrup;05/03/1971;;;
534;DANT.CO;Dantax A/S;Denmark;Denmark;OMX Nordic Exchange Copenhagen A/S;DK0015205637;213800RBGXH4RKC5NF02;;01/10/1984;02/01/1985;Consumer Discretionary;Leisure Goods;Consumer Electronics;84.00.00;;Jul 1 - Jun 30;;301;ALL_COMPANIES/Dantax A-S/3428_10-k_2024-10-24_df0081e8-624c-4702-8285-d58d67e01305.pdf;[Extracted Company Name];2024;00.00;[];0;0;0;0;92313000;Pandrup;05/03/1971;;;
535;DANT.CO;Dantax A/S;Denmark;Denmark;OMX Nordic Exchange Copenhagen A/S;DK0015205637;213800RBGXH4RKC5NF02;;01/10/1984;02/01/1985;Consumer Discretionary;Leisure Goods;Consumer Electronics;84.00.00;;Jul 1 - Jun 30;;298;ALL_COMPANIES/Dantax A-S/Ekstern_aarsrapport_Dantax_AS_2022-2023.pdf;[Extracted Company Name];2023;00.00;[];0;0;0;0;77324000;Pandrup;05/03/1971;;;
536;DANT.CO;Dantax A/S;Denmark;Denmark;OMX Nordic Exchange Copenhagen A/S;DK0015205637;213800RBGXH4RKC5NF02;;01/10/1984;02/01/1985;Consumer Discretionary;Leisure Goods;Consumer Electronics;84.00.00;;Jul 1 - Jun 30;;302;ALL_COMPANIES/Dantax A-S/amNsb3VkczovLzAzLzlmLzFmL2I3LzcwLzY2ZTQtNDQ0Zi1hYTQzLWIxNmQwYzAzMjU2Mg.pdf;DANTAX A/S;2022;00.00;[];0;0;0;0;70543000;Pandrup;05/03/1971;;;
537;DANT.CO;Dantax A/S;Denmark;Denmark;OMX Nordic Exchange Copenhagen A/S;DK0015205637;213800RBGXH4RKC5NF02;;01/10/1984;02/01/1985;Consumer Discretionary;Leisure Goods;Consumer Electronics;84.00.00;;Jul 1 - Jun 30;;300;ALL_COMPANIES/Dantax A-S/amNsb3VkczovLzAzL2U3L2JmL2Q5Lzc4LzIwYTItNDNmMS04NDIxLTI3NjUwOGM1NjE2MA.pdf;DANTAX A/S;2021;00.00;[];0;0;0;0;92273000;Pandrup;05/03/1971;;;
538;DACA.CO;Danish Aerospace Company A/S;Denmark;Denmark;OMX Nordic Exchange Copenhagen A/S;DK0061140407;549300TYHG5WAZEATZ42;;27/05/2019;27/05/2019;Industrials;Aerospace and Defense;Aerospace;85.00.00;1;;;582;ALL_COMPANIES/Danish Aerospace Company A-S/Danish Aerospace Company A_S - Årsrapport 2024 (underskrevet).pdf;Danish Aerospace Company A/S;2024;00.00;[];0;0;0;0;34242250;Odense;30/08/1988;;;
539;DACA.CO;Danish Aerospace Company A/S;Denmark;Denmark;OMX Nordic Exchange Copenhagen A/S;DK0061140407;549300TYHG5WAZEATZ42;;27/05/2019;27/05/2019;Industrials;Aerospace and Defense;Aerospace;85.00.00;1;;;584;ALL_COMPANIES/Danish Aerospace Company A-S/10033_-_Danish_Aerospace_Company_AS_-_2023_-_Årsrapport_Signed_All.pdf;Danish Aerospace Company A/S;2023;00.00;[];0;0;0;0;22237330;Odense;30/08/1988;;;
540;DACA.CO;Danish Aerospace Company A/S;Denmark;Denmark;OMX Nordic Exchange Copenhagen A/S;DK0061140407;549300TYHG5WAZEATZ42;;27/05/2019;27/05/2019;Industrials;Aerospace and Defense;Aerospace;85.00.00;1;;;583;ALL_COMPANIES/Danish Aerospace Company A-S/(final)_Annual_report_2022_DANISH_AEROSPACE_COMPANY_AS.pdf;DANISH AEROSPACE COMPANY A/S;2022;00.00;[];0;0;0;0;28170000;Odense;30/08/1988;;;
541;DACA.CO;Danish Aerospace Company A/S;Denmark;Denmark;OMX Nordic Exchange Copenhagen A/S;DK0061140407;549300TYHG5WAZEATZ42;;27/05/2019;27/05/2019;Industrials;Aerospace and Defense;Aerospace;85.00.00;1;;;580;ALL_COMPANIES/Danish Aerospace Company A-S/DAC-årsrapport_2021-Signed_All.pdf;DANISH AEROSPACE COMPANY A/S;2021;00.00;[];0;0;0;0;31486630;Odense;30/08/1988;;;
542;DACA.CO;Danish Aerospace Company A/S;Denmark;Denmark;OMX Nordic Exchange Copenhagen A/S;DK0061140407;549300TYHG5WAZEATZ42;;27/05/2019;27/05/2019;Industrials;Aerospace and Defense;Aerospace;85.00.00;1;;;581;ALL_COMPANIES/Danish Aerospace Company A-S/DAC Annual Report  2020 - Final.pdf;Danish Aerospace Company A/S;2020;00.00;[];0;0;0;0;26395390;Odense;30/08/1988;;;
543;AGILC.CO;Agillic A/S;Denmark;Denmark;OMX Nordic Exchange Copenhagen A/S;DK0060955854;894500WP4D8JDZ88S128;;22/03/2018;22/03/2018;Technology;Software & Computer Services;Software;86.00.00;1;;;17;Missing Reports/Agillic A:S/AR2020.pdf;Agillic A/S;2020;0.0543478260869565;['communication channels and/or AI\n', 'Significant product updates \nTo further grow Agillic’s leading omnichannel \nmarketing position and fortify its competitive power, \nwe are continuously innovating the Agillic Customer \nMarketing Platform and launching new channels. \nWe never compromise on creating a user-friendly \nplatform to our clients to help them provide strong \ncustomer experiences. The product innovations we \nlaunched in 2020 all exemplify that.\n \nAgillic AI\nAgillic has a pragmatic approach to how AI can \nadd value to clients today. In opposition to the \n\xadconsiderable hype around “what will come”, we focus \non what is possible today. This enables short-term \nbusiness outcomes for our clients while allowing \nthem to incorporate accountable AI in their long-term \nstrategies.\n', 'The purpose of Agillic’ AI is to make personalisation \neven more granular to spur engagement and boost \nrevenue.\n \nAI-qualified product recommendations \nA good recommendation is all about inspiring and \nnudging customers to make their next purchase. \nWith Agillic’s AI models crunching data from multiple \nsources, such as website tracking, transaction history, \nand demographic data, our clients can make more \nqualified and relevant product recommendations \nthat boost conversion.\n', 'In 2020, Agillic launched AI-powered product \nrecommendations, addressing various stages in the \ncustomer’s buyer journey.\n \n•\t Abandoned basket\n\t\n\x07Customers very frequently abandon baskets. \nSome industries report that up to 70-80% of \nall baskets are left behind. A friendly reminder \nshowing the content of the basket and inspiration \nfor supplementary items can boost revenue.\n', 'AI for enhanced commercial value \nAgillic’s clients have the option to deploy AI to explore \nhigh volumes of data and create hyper-personalised \ncommunication. This has a documented boosting \neffect on the commercial value of communication \nand our clients’ revenue. \n', 'A subscription business model \nClients subscribe to the Agillic Customer Marketing \nPlatform and pay an annual subscription fee, priced \ndepending on the number of channels they use, the \nnumber of recipients in their database, whether they \nuse Agillic’s AI, and the integrations to the paid media \nchannels. Based on the number of transactions, \nsuch as the number of emails or SMS sent, there is \nan additional charge. \n', 'Artiﬁcial Intelligence\nAI Preferences\nAI Recommendations\n', 'It is impossible to bypass AI as a means to hyper-per\xad\nsonalisation and revenue booster. The personalisation \n2.0 paradigm is about being able to anticipate a need \nand present a relevant offer at the right moment.  \n', 'Rasmus Houlind, Chief Experience Officer \nRasmus Houlind joined Agillic in 2015. He has spent his career working with \ninternational clients and developing loyalty programs in international agencies. \nRasmus is a keynote speaker and has authored the book “Make It All About Me: \nLeveraging omnichannel and AI for marketing success” about Omnichannel \nMarketing and Customer Experience. Rasmus holds an M.A. in Information \nStudies from Aarhus University. \nHoldings in Agillic: 159,738 shares.\n', 'About Agillic\nAgillic is a Danish software company enabling marketers to maximise the use of data and translate it \ninto relevant and personalised communication establishing strong relations between people and brands. \nOur customer marketing platform uses AI to enhance the business value of customer communication. \nBy combining data-driven customer insights with the ability to execute personalised communication, we \nprovide our clients with a head start in the battle of winning markets and customers.\n'];4;4;2;10;37786000;COPENHAGEN;02/12/1999;;;
544;AGILC.CO;Agillic A/S;Denmark;Denmark;OMX Nordic Exchange Copenhagen A/S;DK0060955854;894500WP4D8JDZ88S128;;22/03/2018;22/03/2018;Technology;Software & Computer Services;Software;86.00.00;1;;;18;Missing Reports/Agillic A:S/AR2021.pdf;Agillic A/S;2021;0.00811391942878;['•\t Upselling to existing clients: \n\tɕ\nClients increase the number of communication transactions \n\tɕ\nClients deploy additional communication channels and/or AI \n•\t When clients churn and when less transactions take place temporarily, ARR decreases \n•\t Sales of subscriptions to new clients increases the ARR \n•\t As long as the value of upselling to existing clients and the sales to new clients exceeds \nthe value of the churning clients, the ARR will increase \n', 'Rasmus Houlind joined Agillic in 2015. He has \nspent his career working with international \nclients and developing loyalty programs in \ninternational agencies. Rasmus is a keynote \nspeaker and has authored the book “Make It \nAll About Me: Leveraging omnichannel and \nAI for marketing success” about Omnichannel \nMarketing and Customer Experience. Rasmus \nholds an M.A. in Information Studies from \nAarhus University. \n'];1;1;0;2;56891000;COPENHAGEN;02/12/1999;;;
545;AGILC.CO;Agillic A/S;Denmark;Denmark;OMX Nordic Exchange Copenhagen A/S;DK0060955854;894500WP4D8JDZ88S128;;22/03/2018;22/03/2018;Technology;Software & Computer Services;Software;86.00.00;1;;;19;Missing Reports/Agillic A:S/AR2023.pdf;Agillic A/S;2023;0.0463587322993931;['AI + Agillic \nArtificial Intelligence (AI) has been a topic of 2023, more \nthan ever, and the impact of AI + Agillic is profound, \nrevolutionising the way our clients interact with their \ncustomers. By leveraging AI technologies, Agillic \nclients can offer hyper-personalised and enhanced user \nengagement. Automation of routine tasks through AI \nimproves efficiency, allowing our clients to focus on more \ncomplex customer needs.\n', 'Operating at the centre of the AI movement, fuelled with \ndata and content, Agillic clients explored the transformative \n', 'power of AI that has yielded impactful success stories, \nshowcasing the true potential of Agillic in amplifying \nbusiness outcomes. \n', 'Through compelling use cases and tangible results, these \nstories not only demonstrate the practical applications \nof AI within our platform but also set the stage for more \ninspiring narratives in the coming year. This reaffirms our \ncommitment to innovation and underscores our determi\xad\nnation to deliver tangible value to our clients through the \nintegration of advanced technologies. \n', 'The impact of \nAI + Agillic is profound, \nrevolutionising the way \nour clients interact with \ntheir customers”\n', '“In particular, our mid-sized clients are showing a growing interest in \ndigital, AI-driven solutions for personalised customer engagement and \nautomated marketing campaigns. With our partner Agillic, we complement \nour technical and creative portfolio and create real alternatives for these \nbusinesses.”\n'];2;3;1;6;52775000;COPENHAGEN;02/12/1999;;;
546;AGILC.CO;Agillic A/S;Denmark;Denmark;OMX Nordic Exchange Copenhagen A/S;DK0060955854;894500WP4D8JDZ88S128;;22/03/2018;22/03/2018;Technology;Software & Computer Services;Software;86.00.00;1;;;20;Missing Reports/Agillic A:S/AR2022.pdf;Agillic A/S;2022;0.0041279669762641;['Factors impacting the ARR-development \n•\t Upselling to existing clients: \n\tɕ\nClients increase the number of communication transactions \n\tɕ\nClients deploy additional communication channels and/or AI \n•\t When clients churn and when less transactions take place temporarily, ARR decreases \n•\t Sales of subscriptions to new clients increases the ARR \n•\t As long as the value of upselling to existing clients and the sales to new clients exceeds \nthe value of the churning clients, the ARR will increase \n'];1;1;0;2;61598000;COPENHAGEN;02/12/1999;;;
547;AGILC.CO;Agillic A/S;Denmark;Denmark;OMX Nordic Exchange Copenhagen A/S;DK0060955854;894500WP4D8JDZ88S128;;22/03/2018;22/03/2018;Technology;Software & Computer Services;Software;86.00.00;1;;;21;Missing Reports/Agillic A:S/AR2025.pdf;Agillic A/S;2025;0.0280347631062517;['During  2025,  Agillic  further  strengthened  its  use of AI \nacross product development as a core foundation to  \nenhance \nintelligence, \nscalability, \nand \nspeed \nof \ninnovation. AI is therefore not an add-on, but a \nfundamental  and   integrated  component   of  Agillic’s\nplatform, features, and delivery model. This ensures \nsustained competitiveness, higher execution quality, and \nincreased \noperational \nefficiency, \nenabling \nfaster \ndevelopment cycles and greater value creation for \nclients and partners.\n', 'We will continue to invest in our platform and accelerate \nthe development of new features to address the \nevolving needs of our clients and drive increased \nbusiness value. Whether capitalising on new, advanced \nAI-capabilities or empowering control through a reliable, \nEU-based and proprietary delivery infrastructure.\n', 'At the same time, investments continue in AI \ncapabilities and in further strengthening Agillic’s EU-\nbased, proprietary delivery infrastructure. This ensures \nscalability, \nsecurity, \nand \nlong-term \ncompetitive \npositioning, while supporting margin improvement \nover time.\n', 'Financial guidance for 2026\nThe \nfinancial \noutlook \nreflects \nAgillic’s \ncurrent \nexpectations regarding client demand and overall \nmarket conditions, supported by disciplined cost \nmanagement and operational focus. While market \ndynamics may evolve throughout the year, the \nstrategic direction remains unchanged: to create \nsustainable, long-term value. Agillic expects to unlock \nmeaningful productivity gains and further enhance \noperational efficiency – e.g., through utilisation of AI-\nbased tools across its processes, development of \nplatform features, and delivery model.\n', 'Digital sovereignty\nAgillic operates exclusively on proprietary, EU-based infrastructure. This strategic \nlocalisation empowers Agillic’s clients to maintain full digital sovereignty while \nensuring adherence to the evolving EU regulatory landscape, including GDPR, \nePrivacy, DMA, the EU AI Act, NIS2, and DORA.\n'];4;5;4;13;44186000;COPENHAGEN;02/12/1999;;;
548;AGILC.CO;Agillic A/S;Denmark;Denmark;OMX Nordic Exchange Copenhagen A/S;DK0060955854;894500WP4D8JDZ88S128;;22/03/2018;22/03/2018;Technology;Software & Computer Services;Software;86.00.00;1;;;22;Missing Reports/Agillic A:S/AR2024.pdf;Agillic A/S;2024;0.0099132589838909;['Overall, for Agillic, sales were affected by higher \nuncertainty and limited appetite for tech investments \nin the market. Client portfolio changes, driven mainly \nby mergers and acquisitions, where clients were forced \nonto other platforms as part of new global contracts and \ncommitments, severely affected Agillic. However, on a \npositive note, several new clients chose Agillic as their \ncustomer engagement platform in 2024. In 2024, we \nfinally closed the year-long tax credit dispute with the \nDanish Tax Authorities and in Agillic’s favour, positively \nimpacting both the net result and liquidity.\n \nThe Agillic platform saw strong innovation in 2024. \nBig and small, from the new ‘Content Designer’ to \nembedding AI solutions such as the ‘AI Translator’, \nmore than 50 new features and improvements were \nreleased. All releases with the single objective to further \nempower our clients to create and deliver personalised \ncustomer engagement faster, more efficiently, and more \neffectively than before.\n \nWe also deliver our platform within a fully compliant \nframework. Privacy and security are uncompromising \npriorities to our clients and Agillic alike, and we conduct \nannual audits of our GDPR compliance and security \nlevel in accordance with the ISAE 3000 type II standard. \nWe are pleased to announce that 2024 was completed \nwithout any security breaches.\n \nIn Q4, the Board of Directors appointed a new CEO, \nChristian Samsø, with the aim of strengthening the \norganisation, management, and sales to better meet \nmarket demands and expectations for growth and prof\xad\nitability. In support, operations were further optimised \nthrough simplification and improved ways of working \nto reduce staff functions and balance the cost base.  \n'];4;4;3;11;47171000;COPENHAGEN;02/12/1999;;;
549;AAB.CO;Aalborg Boldspilklub A/S;Denmark;Denmark;OMX Nordic Exchange Copenhagen A/S;DK0060868966;213800V1SZZTH8PC1L04;;11/09/1998;14/09/1998;Consumer Discretionary;Media;Entertainment;86.00.00;;;;340;ALL_COMPANIES/Aalborg Boldspilklub A-S/aab-a-rsrapport-2025.pdf;Aalborg Boldspilklub A/S;2025;00.00;[];0;0;0;0;117817000;Aalborg;01/07/1987;;;
550;AAB.CO;Aalborg Boldspilklub A/S;Denmark;Denmark;OMX Nordic Exchange Copenhagen A/S;DK0060868966;213800V1SZZTH8PC1L04;;11/09/1998;14/09/1998;Consumer Discretionary;Media;Entertainment;86.00.00;;;;336;ALL_COMPANIES/Aalborg Boldspilklub A-S/a-rsrapport-2024-92.pdf;Aalborg Boldspilklub A/S;2024;00.00;[];0;0;0;0;128789000;Aalborg;01/07/1987;;;
551;AAB.CO;Aalborg Boldspilklub A/S;Denmark;Denmark;OMX Nordic Exchange Copenhagen A/S;DK0060868966;213800V1SZZTH8PC1L04;;11/09/1998;14/09/1998;Consumer Discretionary;Media;Entertainment;86.00.00;;;;339;ALL_COMPANIES/Aalborg Boldspilklub A-S/årsrapport-2023.pdf;Aalborg Boldspilklub A/S;2023;00.00;[];0;0;0;0;133883000;Aalborg;01/07/1987;;;
552;AAB.CO;Aalborg Boldspilklub A/S;Denmark;Denmark;OMX Nordic Exchange Copenhagen A/S;DK0060868966;213800V1SZZTH8PC1L04;;11/09/1998;14/09/1998;Consumer Discretionary;Media;Entertainment;86.00.00;;;;337;ALL_COMPANIES/Aalborg Boldspilklub A-S/a-rsrapport-2022-2.pdf;Aalborg Boldspilklub A/S;2022;00.00;[];0;0;0;0;138908000;Aalborg;01/07/1987;;;
553;AAB.CO;Aalborg Boldspilklub A/S;Denmark;Denmark;OMX Nordic Exchange Copenhagen A/S;DK0060868966;213800V1SZZTH8PC1L04;;11/09/1998;14/09/1998;Consumer Discretionary;Media;Entertainment;86.00.00;;;;341;ALL_COMPANIES/Aalborg Boldspilklub A-S/årsrapport-2021-08-03-2022.pdf;Aalborg Boldspilklub A/S;2021;00.00;[];0;0;0;0;162455000;Aalborg;01/07/1987;;;
554;AAB.CO;Aalborg Boldspilklub A/S;Denmark;Denmark;OMX Nordic Exchange Copenhagen A/S;DK0060868966;213800V1SZZTH8PC1L04;;11/09/1998;14/09/1998;Consumer Discretionary;Media;Entertainment;86.00.00;;;;338;ALL_COMPANIES/Aalborg Boldspilklub A-S/årsrapport-2020-godkendt-02-03-2021.pdf;Aalborg Boldspilklub A/S;2020;00.00;[];0;0;0;0;95441000;Aalborg;01/07/1987;;;
555;OKEAC.CO;Det Oestasiatiske Kompagni A/S;Denmark;Denmark;OMX Nordic Exchange Copenhagen A/S;DK0061277894;529900YDWLU9NTC23Q52;;1897-03-27;02/01/1985;Industrials;Industrial Support Services;Professional Business Support Services;87.00.00;30/03/2026 00.00;;;16;ALL_COMPANIES/Det Oestasiatiske Kompagni A-S/ok-arsrapport-2024.pdf;DET ØSTASIATISKE KOMPAGNI A/S;2024;00.00;[];0;0;0;0;38200000;Copenhagen;01/03/1897;1976.00.00;;
556;OKEAC.CO;Det Oestasiatiske Kompagni A/S;Denmark;Denmark;OMX Nordic Exchange Copenhagen A/S;DK0061277894;529900YDWLU9NTC23Q52;;1897-03-27;02/01/1985;Industrials;Industrial Support Services;Professional Business Support Services;87.00.00;30/03/2026 00.00;;;12;ALL_COMPANIES/Det Oestasiatiske Kompagni A-S/eac-invest-arsrapport-2023.pdf;EAC INVEST A/S;2023;00.00;[];0;0;0;0;42000000;Copenhagen;01/03/1897;2186.00.00;;
557;OKEAC.CO;Det Oestasiatiske Kompagni A/S;Denmark;Denmark;OMX Nordic Exchange Copenhagen A/S;DK0061277894;529900YDWLU9NTC23Q52;;1897-03-27;02/01/1985;Industrials;Industrial Support Services;Professional Business Support Services;87.00.00;30/03/2026 00.00;;;13;ALL_COMPANIES/Det Oestasiatiske Kompagni A-S/eac-invest-arsrapport-2022.pdf;EAC INVEST A/S;2022;00.00;[];0;0;0;0;53200000;Copenhagen;01/03/1897;;;
558;OKEAC.CO;Det Oestasiatiske Kompagni A/S;Denmark;Denmark;OMX Nordic Exchange Copenhagen A/S;DK0061277894;529900YDWLU9NTC23Q52;;1897-03-27;02/01/1985;Industrials;Industrial Support Services;Professional Business Support Services;87.00.00;30/03/2026 00.00;;;15;ALL_COMPANIES/Det Oestasiatiske Kompagni A-S/eac-invest-arsrapport-2021.pdf;EAC INVEST A/S;2021;00.00;[];0;0;0;0;54200000;Copenhagen;01/03/1897;;;
559;OKEAC.CO;Det Oestasiatiske Kompagni A/S;Denmark;Denmark;OMX Nordic Exchange Copenhagen A/S;DK0061277894;529900YDWLU9NTC23Q52;;1897-03-27;02/01/1985;Industrials;Industrial Support Services;Professional Business Support Services;87.00.00;30/03/2026 00.00;;;14;ALL_COMPANIES/Det Oestasiatiske Kompagni A-S/eac-invest-arsrapport-2020.pdf;EAC INVEST A/S;2020;00.00;[];0;0;0;0;58000000;Copenhagen;01/03/1897;;;
560;STENO.CO;Stenocare A/S;Denmark;Denmark;OMX Nordic Exchange Copenhagen A/S;DK0061078425;549300NCH67H3GA28R82;;26/10/2018;26/10/2018;Health Care;Pharmaceuticals and Biotechnology;Pharmaceuticals;89.00.00;1;;;111;ALL_COMPANIES/Stenocare A-S/STENOCARE-Annual-Report-2022.pdf;STENOCARE A/S;2022;00.00;[];0;0;0;0;43935740;Hellerup;19/10/2017;;;
561;STENO.CO;Stenocare A/S;Denmark;Denmark;OMX Nordic Exchange Copenhagen A/S;DK0061078425;549300NCH67H3GA28R82;;26/10/2018;26/10/2018;Health Care;Pharmaceuticals and Biotechnology;Pharmaceuticals;89.00.00;1;;;112;ALL_COMPANIES/Stenocare A-S/9b5a557cca69b45b.pdf;STENOCARE A/S;2024;00.00;['In the fourth quarter the Danish parliament formally agreed on permanent legalisation of medical cannabis. This \nfantastic news for both Danish patients and Stenocare, ensures continued access to and the sale of medical \ncannabis in Denmark. The Company had approval of the innovative product, Astrum 10-10, for sale in Norway \nand received approval from the Danish Medicines Agency to start selling a new CBD100 medical cannabis oil \nproduct to Danish patients. The new CBD100 product has a very high concentration of CBD active ingredients \n(100 mg/ml) and makes Stenocare the only supplier under the Danish Pilot Programme to offer a CBD100 oil \nproduct.  \n \nThe Company introduced the STENOCARE 3.0 Strategy, which will transform the Company into a leading Trading \nCompany specialising in prescription-based medical cannabis products. After a rights issue in January 2025 with \nnet proceeds of 7.9 mDKK the company exited the production facilities. With this exit the company is dissolved \nrent and lease commitments of 14 mDKK and property, plant and equipment are disposed to a value equivalent \nto the dissolved financial obligations and as such, there was no cash proceeds from the exit. The exit entailed a \nloss of 18.2 mDKK with 13.0 mDKK on lease commitment and 5.2 mDKK related to impairment of property, plant \nand equipment. The exit of the facilities will result in annual savings of 4 mDKK on operation costs (excluding \nrent and lease) during 2025. With this the company is well positioned for the STENOCARE 3.0 strategy. \n \nDuring the financial year Stenocare worked intensively with medicine agencies in several countries including \nDenmark to have products approved for sales to patients. The result of this work is that Stenocare now have 13 \nproducts approved for sale in 6 countries - Denmark, Germany, UK, Norway, Sweden and Australia.  \n \nFor the year EBITDA of -24.2 mDKK includes cost related to activity in commercial, regulatory and supply chain \nactivities. The EBITDA includes Special items of 13.0 mDKK related to the exit of the production facility. Before \nSpecial items EBITDA amounts to -11.2 mDKK compared to previous year -12.6 mDKK. The number of employees \nis unchanged 9 as the company has been cautious in controlling cost due to later approved products and hence \nlower sales than expected. Staff costs are reduced with 10% from 6.4 mDKK to 5.8 mDKK. Gross sales defined as \nsales before returned products decreased by 18% from 6.9 mDKK in 2023 to 4.8 mDKK in 2024. This is mainly due \nto reduced sales in Australia. Net sales after returned products due to expiry is decreased by 41% from 3.8 mDKK \nto 2.2 mDKK due to lower sales in Australia and product returns in Norway and the UK. \n \n'];0;0;0;0;37895380;Hellerup;19/10/2017;;;
562;STENO.CO;Stenocare A/S;Denmark;Denmark;OMX Nordic Exchange Copenhagen A/S;DK0061078425;549300NCH67H3GA28R82;;26/10/2018;26/10/2018;Health Care;Pharmaceuticals and Biotechnology;Pharmaceuticals;89.00.00;1;;;113;ALL_COMPANIES/Stenocare A-S/83d4c201f8301389.pdf;STENOCARE A/S;2020;00.00;[];0;0;0;0;31608370;Hellerup;19/10/2017;;;
563;STENO.CO;Stenocare A/S;Denmark;Denmark;OMX Nordic Exchange Copenhagen A/S;DK0061078425;549300NCH67H3GA28R82;;26/10/2018;26/10/2018;Health Care;Pharmaceuticals and Biotechnology;Pharmaceuticals;89.00.00;1;;;114;ALL_COMPANIES/Stenocare A-S/8db8fd6f64f112f1.pdf;STENOCARE A/S;2021;00.00;[];0;0;0;0;56340000;Hellerup;19/10/2017;;;
564;STENO.CO;Stenocare A/S;Denmark;Denmark;OMX Nordic Exchange Copenhagen A/S;DK0061078425;549300NCH67H3GA28R82;;26/10/2018;26/10/2018;Health Care;Pharmaceuticals and Biotechnology;Pharmaceuticals;89.00.00;1;;;115;ALL_COMPANIES/Stenocare A-S/96c5be5290a39a3d.pdf;STENOCARE A/S;2023;00.00;[];0;0;0;0;39604370;Hellerup;19/10/2017;;;
565;ERRIA.CO;Erria A/S;Denmark;Denmark;OMX Nordic Exchange Copenhagen A/S;DK0060101483;529900EPSRDFVE8KWN55;;08/11/2007;08/11/2007;Industrials;Industrial Transportation;Transportation Services;90.00.00;1;;;490;ALL_COMPANIES/Erria A-S/Erria-Annual-Report-2024.pdf;Erria A/S;2024;00.00;[];0;0;0;0;67597000;Koge;01/07/1991;;;
566;ERRIA.CO;Erria A/S;Denmark;Denmark;OMX Nordic Exchange Copenhagen A/S;DK0060101483;529900EPSRDFVE8KWN55;;08/11/2007;08/11/2007;Industrials;Industrial Transportation;Transportation Services;90.00.00;1;;;491;ALL_COMPANIES/Erria A-S/2023-ERRIA-Annual-Report-2023.pdf;Erria A/S;2023;00.00;[];0;0;0;0;69138000;Koge;01/07/1991;;;
567;ERRIA.CO;Erria A/S;Denmark;Denmark;OMX Nordic Exchange Copenhagen A/S;DK0060101483;529900EPSRDFVE8KWN55;;08/11/2007;08/11/2007;Industrials;Industrial Transportation;Transportation Services;90.00.00;1;;;489;ALL_COMPANIES/Erria A-S/2022-Annual-Report.pdf;Erria A/S;2022;00.00;[];0;0;0;0;26631000;Koge;01/07/1991;;;
568;ERRIA.CO;Erria A/S;Denmark;Denmark;OMX Nordic Exchange Copenhagen A/S;DK0060101483;529900EPSRDFVE8KWN55;;08/11/2007;08/11/2007;Industrials;Industrial Transportation;Transportation Services;90.00.00;1;;;488;ALL_COMPANIES/Erria A-S/2021-Annual-Report.pdf;Erria A/S;2021;00.00;[];0;0;0;0;16952000;Koge;01/07/1991;;;
569;ERRIA.CO;Erria A/S;Denmark;Denmark;OMX Nordic Exchange Copenhagen A/S;DK0060101483;529900EPSRDFVE8KWN55;;08/11/2007;08/11/2007;Industrials;Industrial Transportation;Transportation Services;90.00.00;1;;;492;ALL_COMPANIES/Erria A-S/amNsb3VkczovLzAzL2RlLzRhL2VmLzA1LzI0ODctNGFiMS1hN2E5LTA0YWM0MmMwNzNkNQ.pdf;Erria A/S;2020;00.00;[];0;0;0;0;10829000;Koge;01/07/1991;;;
570;NEWCAP.CO;Newcap Holding A/S;Denmark;Denmark;OMX Nordic Exchange Copenhagen A/S;DK0010212570;213800SJHIABLO5U1413;;24/09/1990;24/09/1990;Financials;Investment Banking and Brokerage Services;Diversified Financial Services;90.00.00;1;;;315;ALL_COMPANIES/Newcap Holding A-S/NewCap_AR2024-1.pdf;NewCap Holding A/S;2024;00.00;[];0;0;0;0;27664000;Copenhagen;01/07/1989;;;
571;NEWCAP.CO;Newcap Holding A/S;Denmark;Denmark;OMX Nordic Exchange Copenhagen A/S;DK0010212570;213800SJHIABLO5U1413;;24/09/1990;24/09/1990;Financials;Investment Banking and Brokerage Services;Diversified Financial Services;90.00.00;1;;;314;ALL_COMPANIES/Newcap Holding A-S/NewCap_AR2023.pdf;NewCap Holding A/S;2023;00.00;[];0;0;0;0;39694000;Copenhagen;01/07/1989;;;
572;NEWCAP.CO;Newcap Holding A/S;Denmark;Denmark;OMX Nordic Exchange Copenhagen A/S;DK0010212570;213800SJHIABLO5U1413;;24/09/1990;24/09/1990;Financials;Investment Banking and Brokerage Services;Diversified Financial Services;90.00.00;1;;;316;ALL_COMPANIES/Newcap Holding A-S/NewCap_AR22.pdf;NewCap Holding A/S;2022;00.00;[];0;0;0;0;72849000;Copenhagen;01/07/1989;;;
573;NEWCAP.CO;Newcap Holding A/S;Denmark;Denmark;OMX Nordic Exchange Copenhagen A/S;DK0010212570;213800SJHIABLO5U1413;;24/09/1990;24/09/1990;Financials;Investment Banking and Brokerage Services;Diversified Financial Services;90.00.00;1;;;318;ALL_COMPANIES/Newcap Holding A-S/NewCap_AR21.pdf;NewCap Holding A/S;2021;00.00;[];0;0;0;0;108277000;Copenhagen;01/07/1989;;;
574;NEWCAP.CO;Newcap Holding A/S;Denmark;Denmark;OMX Nordic Exchange Copenhagen A/S;DK0010212570;213800SJHIABLO5U1413;;24/09/1990;24/09/1990;Financials;Investment Banking and Brokerage Services;Diversified Financial Services;90.00.00;1;;;317;ALL_COMPANIES/Newcap Holding A-S/NewCap_AR20.pdf;NewCap Holding A/S;2020;00.00;[];0;0;0;0;184908000;Copenhagen;01/07/1989;;;
575;WIRTEK.CO;Wirtek A/S;Denmark;Denmark;OMX Nordic Exchange Copenhagen A/S;DK0060040913;21380038KC5F6FUTJH56;;22/06/2006;29/06/2006;Technology;Software & Computer Services;Software;92.00.00;;;;498;ALL_COMPANIES/Wirtek A-S/Wirtek_AR_2025 v4.pdf;Wirtek;2025;0.3315512453893655;['Artificial intelligence strategy \n', 'artificial intelligence, are reshaping how software is \n', 'Embracing AI and new technologies \n', 'integration of artificial intelligence across both divisions. \n', 'We see AI as a fundamental shift in how software is \n', 'Within the Services division, AI-assisted development \n', 'higher quality. In the Solutions division, AI capabilities \n', 'AI-driven innovation, security and compliance capabilities, \n', 'in AI-related capabilities and in the development of its \n', 'based on proprietary technology. Artificial intelligence \n', 'defined service offerings, expanding the use of AI-\n', '3. Developing AI-native solutions \n', 'Artificial intelligence is becoming an increasingly \n', 'The company is integrating AI capabilities into both its \n', 'In Solutions, AI-driven features such as forecasting, \n', 'frameworks including the Data Act, NIS2, EU AI Act \n', 'Wirtek and AI: Building for \nthe next era\n', 'Annual Report 2025\nArtificial intelligence strategy\nWirtek\nI  16\nManagement Review\n', 'We are adopting AI because \nwe believe it makes us \ngenuinely better at what \nwe do, and because the \ncompanies that master this \ntransition now will be the \nones setting the standard in \nthe years ahead.\n', 'significant shifts in a generation. Artificial intelligence \n', 'first concrete steps towards embedding AI across \n', 'Forming the AI team \n', 'Early in 2025, Wirtek established a dedicated AI \n', 'AI adoption: researching and evaluating tooling, \n', 'guiding development teams in integrating AI-assisted \n', 'workflows, and identifying where AI can create \n', 'AI-assisted delivery has demonstrated clear and \n', 'AI woven into our products\n', 'A central priority for Wirtek’s AI programme is the \n', 'integration of AI capabilities into our Solutions \n', 'is an early and important focus. AI-assisted features \n', 'supporting AI capabilities reliably, securely, and at \n', 'Artificial intelligence strategy\n', 'Artificial intelligence strategy\nI  17\nManagement Review\nAnnual Report 2025\nWirtek\n', 'Wirtek is committed to adopting AI responsibly, and \n', 'session at an internal AI workshop established a clear \n', 'AI from the outset. Wirtek is developing its internal \n', 'AI Usage Policy, governing how AI tools are applied \n', 'handling, human accountability for AI-assisted output, \n', 'operating in or near regulated industries. As the EU AI \n', 'AI is also prompting Wirtek to rethink how it \n', 'realities that AI enables, exploring outcome-oriented \n', 'delivery looks like in an AI-enabled world, and to \n', 'AI adoption is a multi-year journey, and Wirtek is at \n', 'that the path is without challenge: AI capabilities \n', 'and growing expectations around AI, automation, and \n', 'AI-driven change. \n', 'AI enabled capabilities that support long-term growth. \n', '\ty Risk: Data security and ethical AI use. \n', 'transparent AI governance measures.\n', 'Wirtek enters 2025 with an expanded geographic footprint and a more complex \nrisk landscape. While the Energy segment continues to drive growth, accelerating \nAI adoption and geopolitical tensions introduce new systemic risks alongside the \nongoing challenges of talent retention and client concentration.\n', 'AI adoption is reshaping the economics of software \n', 'categories for 2025: AI Adoption risk, and Geopolitical \n', 'AI adoption\n', 'AI adoption \n', 'proactively rethinking how it delivers value to clients by integrating AI-\n', 'AI is enabling across the industry. Second, clients in the Energy sector might \n', 'to reduce concentration risk. Wirtek is actively working to demonstrate AI-\n', 'enabled productivity gains to key clients as part of its AI adoption initiative. \n', 'same time, the rapid adoption of AI tools \n', 'and master AI-assisted workflows are \n', 'internal AI capability programs to help \n', 'its developers become proficient with AI \n', 'acute near-term risks. AI coding assistants \n', 'and agentic tools are fundamentally reshaping \n', 'proficient with AI tools may now deliver two \n', 'the new productivity realities that AI enables, \n', 'partnerships. Second, internal AI adoption is \n', 'AI adoption\n', 'collectively adopt AI tooling, which requires \n', 'falling behind in AI capability is asymmetric, \n', 'clients who adopt AI-native approaches internally \n', 'Additionally, the rise of AI raises questions about \n', 'Wirtek has initiated a structured AI adoption \n', 'and the integration of AI-assisted workflows into \n', 'value. Wirtek is tracking AI proficiency as part of \n', 'identify where AI-native delivery models can \n', 'that complements Wirtek’s AI adoption agenda. \n', 'accelerating the adoption of AI across delivery \n'];5;4;4;13;38018000;Aalborg;15/05/2001;;;
576;WIRTEK.CO;Wirtek A/S;Denmark;Denmark;OMX Nordic Exchange Copenhagen A/S;DK0060040913;21380038KC5F6FUTJH56;;22/06/2006;29/06/2006;Technology;Software & Computer Services;Software;92.00.00;;;;502;ALL_COMPANIES/Wirtek A-S/Wirtek Annual Report 2024.pdf;Wirtek A/S;2024;0.0485973050585376;['invest in AI to boost productivity gains both internally \n', 'and for our clients. AI is already driving improvements \n', 'integration of advanced technologies, such as AI, to \n', 'build and test comprehensive AI solutions, delivering \n', '\ty Risk: Data security and ethical AI use. \n', 'transparent AI governance measures.\n', 'IT consultancy market has experienced downturns. As Artificial Intelligence \n', 'of Artificial Intelligence (AI), especially in the \n', 'mastering AI and those who will not. The IT \n', 'professionals embracing artificial intelligence \n'];2;3;2;7;30171000;Aalborg;15/05/2001;;;
577;WIRTEK.CO;Wirtek A/S;Denmark;Denmark;OMX Nordic Exchange Copenhagen A/S;DK0060040913;21380038KC5F6FUTJH56;;22/06/2006;29/06/2006;Technology;Software & Computer Services;Software;92.00.00;;;;503;ALL_COMPANIES/Wirtek A-S/Wirtek Annual Report 2023.pdf;Wirtek A/S;2023;00.00;[];0;0;0;0;30146000;Aalborg;15/05/2001;;;
578;WIRTEK.CO;Wirtek A/S;Denmark;Denmark;OMX Nordic Exchange Copenhagen A/S;DK0060040913;21380038KC5F6FUTJH56;;22/06/2006;29/06/2006;Technology;Software & Computer Services;Software;92.00.00;;;;500;ALL_COMPANIES/Wirtek A-S/Wirtek-Annual-Report-2022.pdf;Wirtek A/S;2022;00.00;[];0;0;0;0;26678590;Aalborg;15/05/2001;;;
579;WIRTEK.CO;Wirtek A/S;Denmark;Denmark;OMX Nordic Exchange Copenhagen A/S;DK0060040913;21380038KC5F6FUTJH56;;22/06/2006;29/06/2006;Technology;Software & Computer Services;Software;92.00.00;;;;499;ALL_COMPANIES/Wirtek A-S/Wirtek_Annual_Report_2021.pdf;Wirtek A/S;2021;00.00;[];0;0;0;0;13998280;Aalborg;15/05/2001;;;
580;WIRTEK.CO;Wirtek A/S;Denmark;Denmark;OMX Nordic Exchange Copenhagen A/S;DK0060040913;21380038KC5F6FUTJH56;;22/06/2006;29/06/2006;Technology;Software & Computer Services;Software;92.00.00;;;;501;ALL_COMPANIES/Wirtek A-S/Wirtek_Annual_Report_2020_(04.03.2021).pdf;Wirtek A/S;2020;00.00;[];0;0;0;0;8080680;Aalborg;15/05/2001;;;
581;ROVS.CO;Rovsing A/S;Denmark;Denmark;OMX Nordic Exchange Copenhagen A/S;DK0061152170;213800S93RPRVDNFQL03;;01/12/2006;05/12/2006;Industrials;Industrial Support Services;Professional Business Support Services;92.00.00;;Jul 1 - Jun 30;;67;ALL_COMPANIES/Rovsing A-S/ROVSING-Annual-Report-2024-2025_final.pdf;Rovsing A/S;2025;0.0034087810199072;['Leadership in Europe as a Growth Platform \nAs an agile high-tech SME in the Space & Defense \nindustry, Rovsing remains a trusted supplier to \nleading European institutions and Large-Scale \nIntegrators (LSIs/OEMs). Our strong track record \nacross major ESA and EU space programs provides \na solid platform for continued expansion. We will \nmaintain and grow these relationships by \ndelivering high-quality, innovative solutions, while \ninvesting further in R&D, AI/ML integration, and \nresilient supply chains to anticipate and meet \nevolving market needs. \n'];3;2;1;6;35126000;Glostrup;20/05/1992;;;
582;ROVS.CO;Rovsing A/S;Denmark;Denmark;OMX Nordic Exchange Copenhagen A/S;DK0061152170;213800S93RPRVDNFQL03;;01/12/2006;05/12/2006;Industrials;Industrial Support Services;Professional Business Support Services;92.00.00;;Jul 1 - Jun 30;;66;ALL_COMPANIES/Rovsing A-S/ROVSING-Annual-Report-2023-2024_final.pdf;Rovsing A/S;2024;0.0035023816195012;['Maintaining Leadership in Europe \nAs a key agile high-tech SME in the Space & \nDefense Industry, Rovsing will continue to \nstrengthen its position as a trusted supplier within \nthe European market. We have a proven track \nrecord in supporting major European Institutional \nSpace programs and remain committed to our role \nas a first or second-tier supplier to all European \nLarge-Scale Integrators (LSIs/OEMs). Our focus in \nEurope \nis \nto \nmaintain \nand \nenhance \nour \nrelationships \nwith \nkey \ncustomers, \nensuring \nconsistent, high-quality delivery of innovative \nproducts and services that meet their evolving \nneeds. Here, we continue our investments into \nR&D, Machine Learning and AI as well as in robust \nand resilient supply chain optimizations, such that \nour value proposition matches and anticipates the \nmarkets evolving needs.. \n'];3;2;1;6;35341000;Glostrup;20/05/1992;;;
583;ROVS.CO;Rovsing A/S;Denmark;Denmark;OMX Nordic Exchange Copenhagen A/S;DK0061152170;213800S93RPRVDNFQL03;;01/12/2006;05/12/2006;Industrials;Industrial Support Services;Professional Business Support Services;92.00.00;;Jul 1 - Jun 30;;68;ALL_COMPANIES/Rovsing A-S/ROVSING-Annual-Report-2022-2023_Final.pdf;Rovsing A/S;2023;00.00;[];0;0;0;0;33190000;Glostrup;20/05/1992;;;
584;ROVS.CO;Rovsing A/S;Denmark;Denmark;OMX Nordic Exchange Copenhagen A/S;DK0061152170;213800S93RPRVDNFQL03;;01/12/2006;05/12/2006;Industrials;Industrial Support Services;Professional Business Support Services;92.00.00;;Jul 1 - Jun 30;;69;ALL_COMPANIES/Rovsing A-S/ROVSING-Annual-Report-2021-2022_final.pdf;Rovsing A/S;2022;00.00;[];0;0;0;0;32517000;Glostrup;20/05/1992;;;
585;ROVS.CO;Rovsing A/S;Denmark;Denmark;OMX Nordic Exchange Copenhagen A/S;DK0061152170;213800S93RPRVDNFQL03;;01/12/2006;05/12/2006;Industrials;Industrial Support Services;Professional Business Support Services;92.00.00;;Jul 1 - Jun 30;;70;ALL_COMPANIES/Rovsing A-S/ROVSING-Annual-Report-2020-2021_FINAL.pdf;Rovsing A/S;2021;00.00;[];0;0;0;0;25132000;Glostrup;20/05/1992;;;
586;FASTPC.CO;Fastpasscorp A/S;Denmark;Denmark;OMX Nordic Exchange Copenhagen A/S;DK0060568145;549300FD3X9XHI5YDR20;;01/09/2007;15/10/2007;Technology;Software & Computer Services;Computer Services;95.00.00;1;;;30;ALL_COMPANIES/Fastpasscorp A-S/Ars-og-koncernregnskab-2024-Final.pdf;FastPassCorp A/S;2024;00.00;[];0;0;0;0;11619030;COPENHAGEN;19/07/2000;;;
587;FASTPC.CO;Fastpasscorp A/S;Denmark;Denmark;OMX Nordic Exchange Copenhagen A/S;DK0060568145;549300FD3X9XHI5YDR20;;01/09/2007;15/10/2007;Technology;Software & Computer Services;Computer Services;95.00.00;1;;;31;ALL_COMPANIES/Fastpasscorp A-S/Eksternt-Ars-og-Koncernregnskab-2023-v2.0.pdf;FastPassCorp A/S;2023;00.00;[];0;0;0;0;13861660;COPENHAGEN;19/07/2000;;;
588;FASTPC.CO;Fastpasscorp A/S;Denmark;Denmark;OMX Nordic Exchange Copenhagen A/S;DK0060568145;549300FD3X9XHI5YDR20;;01/09/2007;15/10/2007;Technology;Software & Computer Services;Computer Services;95.00.00;1;;;32;ALL_COMPANIES/Fastpasscorp A-S/Arsrapport-2022-3.pdf;FastPassCorp A/S;2022;00.00;[];0;0;0;0;20152750;COPENHAGEN;19/07/2000;;;
589;FASTPC.CO;Fastpasscorp A/S;Denmark;Denmark;OMX Nordic Exchange Copenhagen A/S;DK0060568145;549300FD3X9XHI5YDR20;;01/09/2007;15/10/2007;Technology;Software & Computer Services;Computer Services;95.00.00;1;;;33;ALL_COMPANIES/Fastpasscorp A-S/Års-og-koncernregnskab-2021.pdf;FastPassCorp A/S;2021;00.00;[];0;0;0;0;13564980;COPENHAGEN;19/07/2000;;;
590;FASTPC.CO;Fastpasscorp A/S;Denmark;Denmark;OMX Nordic Exchange Copenhagen A/S;DK0060568145;549300FD3X9XHI5YDR20;;01/09/2007;15/10/2007;Technology;Software & Computer Services;Computer Services;95.00.00;1;;;29;ALL_COMPANIES/Fastpasscorp A-S/Ekstern-Årsrapport-2020-FastPassCorp-AS.pdf;FastPassCorp A/S;2020;00.00;[];0;0;0;0;15421450;COPENHAGEN;19/07/2000;;;
591;STRAP.CO;Strategic Partners A/S;Denmark;Denmark;OMX Nordic Exchange Copenhagen A/S;DK0062502894;54930025OZD2GGSQ7L42;;17/11/2017;16/11/2017;Health Care;Pharmaceuticals and Biotechnology;Biotechnology;96.00.00;1;;WAS CALLED ORPHAZYME UNTIL 2023;6;Missing Reports/Strategic Partners A:S/Strategic-Partners-AS-2024-AR.pdf;Strategic Partners A/S;2024;00.00;[];0;0;0;0;19312000;Herlev;19/06/2009;;;
592;STRAP.CO;Strategic Partners A/S;Denmark;Denmark;OMX Nordic Exchange Copenhagen A/S;DK0062502894;54930025OZD2GGSQ7L42;;17/11/2017;16/11/2017;Health Care;Pharmaceuticals and Biotechnology;Biotechnology;96.00.00;1;;WAS CALLED ORPHAZYME UNTIL 2023;7;Missing Reports/Strategic Partners A:S/Annual-Report-2022.pdf;Strategic Partners A/S;2022;00.00;[];0;0;0;0;23558000;Herlev;19/06/2009;;;
593;STRAP.CO;Strategic Partners A/S;Denmark;Denmark;OMX Nordic Exchange Copenhagen A/S;DK0062502894;54930025OZD2GGSQ7L42;;17/11/2017;16/11/2017;Health Care;Pharmaceuticals and Biotechnology;Biotechnology;96.00.00;1;;WAS CALLED ORPHAZYME UNTIL 2023;8;Missing Reports/Strategic Partners A:S/Annual-Report-2020.pdf;Strategic Partners A/S;2020;00.00;[];0;0;0;0;180754000;Herlev;19/06/2009;;;
594;STRAP.CO;Strategic Partners A/S;Denmark;Denmark;OMX Nordic Exchange Copenhagen A/S;DK0062502894;54930025OZD2GGSQ7L42;;17/11/2017;16/11/2017;Health Care;Pharmaceuticals and Biotechnology;Biotechnology;96.00.00;1;;WAS CALLED ORPHAZYME UNTIL 2023;9;Missing Reports/Strategic Partners A:S/Annual-Report-2021.pdf;Strategic Partners A/S;2021;00.00;[];0;0;0;0;822493000;Herlev;19/06/2009;;;
595;STRAP.CO;Strategic Partners A/S;Denmark;Denmark;OMX Nordic Exchange Copenhagen A/S;DK0062502894;54930025OZD2GGSQ7L42;;17/11/2017;16/11/2017;Health Care;Pharmaceuticals and Biotechnology;Biotechnology;96.00.00;1;;WAS CALLED ORPHAZYME UNTIL 2023;10;Missing Reports/Strategic Partners A:S/Orphazyme-2023-arsrapport.pdf;Strategic Partners A/S;2023;00.00;[];0;0;0;0;56826000;Herlev;19/06/2009;;;
596;STRAP.CO;Strategic Partners A/S;Denmark;Denmark;OMX Nordic Exchange Copenhagen A/S;DK0062502894;54930025OZD2GGSQ7L42;;17/11/2017;16/11/2017;Health Care;Pharmaceuticals and Biotechnology;Biotechnology;96.00.00;1;;WAS CALLED ORPHAZYME UNTIL 2023;11;Missing Reports/Strategic Partners A:S/SP-2025-AnnualReport_final.pdf;Strategic Partners A/S;2025;00.00;[];0;0;0;0;23558000;Herlev;19/06/2009;;;
